onet_code,Title,Job Family,pc1,pc2,xi,r,chi,sector,zone,sector_zone,n_tasks_used,RT_sum_used
11-1011.00,Chief Executives,Management,0.1960097248545751,0.008448261979083457,0.043074578652038537,0.19619170565554872,0.4280011827632835,0,Z2,00-Z2,31,2253.62
11-1011.03,Chief Sustainability Officers,Management,0.19365474813866274,0.1746524418793749,0.733850235781124,0.2607789043060756,0.5689011118475732,4,Z2,04-Z2,18,1737.05
11-1021.00,General and Operations Managers,Management,0.09913180621083556,-0.027691228256737196,6.010791070658737,0.10292676583371974,0.22453944914559473,34,Z1,34-Z1,17,1179.65
11-2011.00,Advertising and Promotions Managers,Management,0.16111936557306125,-0.015535448348224547,6.187060488718986,0.1618666121164155,0.3531194206412779,35,Z2,35-Z2,21,1528.67
11-2021.00,Marketing Managers,Management,0.13063230518186694,0.07557535347483736,0.5244868265626661,0.15091863108965384,0.32923589909959405,3,Z1,03-Z1,20,1460.42
11-2022.00,Sales Managers,Management,0.11536038621853065,-0.04448579263183216,5.915132685577487,0.12364062623009853,0.2697276833760917,33,Z1,33-Z1,17,1480.95
11-2033.00,Fundraising Managers,Management,0.19895754550129569,-0.012001905274216013,6.222934369119322,0.19931921794476165,0.4348239939235064,35,Z2,35-Z2,16,1312.07
11-3012.00,Administrative Services Managers,Management,0.1348290906338967,-0.05044534002172528,5.925166323939607,0.14395699361639575,0.31404876841755147,33,Z1,33-Z1,8,599.98
11-3013.00,Facilities Managers,Management,0.07062198367408794,-0.021624996688466607,5.986043130730244,0.07385868303618293,0.16112609649423634,34,Z1,34-Z1,11,902.26
11-3013.01,Security Managers,Management,0.16194109626915154,0.09781949797109643,0.5433875009552301,0.18919189423485339,0.4127307738682334,3,Z2,03-Z2,28,2745.0
11-3021.00,Computer and Information Systems Managers,Management,0.1388195232206061,0.053649730880148086,0.3687893861637848,0.14882591726815833,0.3246705481445558,2,Z1,02-Z1,17,1528.4
11-3031.00,Financial Managers,Management,0.1290067448540531,0.006622955918095252,0.051293028360250494,0.12917663783723352,0.2818047460007727,0,Z1,00-Z1,17,979.29
11-3031.01,Treasurers and Controllers,Management,0.16316317192980337,-0.02209509939109417,6.148586872267489,0.16465240384305632,0.35919675275860896,35,Z2,35-Z2,22,1739.83
11-3031.03,Investment Fund Managers,Management,0.15729337959034725,0.09318249260796224,0.5348214393740328,0.18282282185653412,0.39883635105399096,3,Z2,03-Z2,20,1569.01
11-3051.00,Industrial Production Managers,Management,0.023147352147859172,0.08826180864537479,1.3143145500702216,0.09124662611192677,0.19905868991031553,7,Z1,07-Z1,13,1093.75
11-3051.01,Quality Control Systems Managers,Management,0.019539651330269938,0.22422570973655606,1.4838731322518521,0.2250754693007899,0.49101243475026946,8,Z2,08-Z2,27,2321.39
11-3051.02,Geothermal Production Managers,Management,-0.056027603026831616,0.16687363432950034,1.8947191188532766,0.17602812881828866,0.3840134172955767,10,Z2,10-Z2,17,1352.27
11-3051.03,Biofuels Production Managers,Management,-0.0797718362737944,0.14374675924967495,2.0774297011959466,0.16439792169391032,0.35864158830625514,11,Z2,11-Z2,14,1272.71
11-3051.04,Biomass Power Plant Managers,Management,-0.09532153616686737,0.13707882713608147,2.178413220263004,0.16696346937643308,0.364238447963937,12,Z2,12-Z2,19,1574.84
11-3051.06,Hydroelectric Production Managers,Management,-0.05339904474931841,0.15685281521790845,1.8989296005462992,0.16569328176459974,0.36146747557048425,10,Z2,10-Z2,18,1531.04
11-3061.00,Purchasing Managers,Management,0.07149788623131616,-0.006915523302619245,6.186761790027303,0.0718315543343961,0.15670382247873124,35,Z1,35-Z1,18,1684.21
11-3071.04,Supply Chain Managers,Management,0.018298670209211745,0.10161736058729359,1.3926314676519997,0.10325177627602124,0.225248474296534,7,Z1,07-Z1,30,2580.94
11-3111.00,Compensation and Benefits Managers,Management,0.17712491952115084,0.013791993759369223,0.07770911444737726,0.17766107116426108,0.38757575573962644,0,Z2,00-Z2,22,1642.86
11-3121.00,Human Resources Managers,Management,0.16813253255824642,-0.01292967538456139,6.206434680096324,0.16862895661777644,0.3678717845863507,35,Z2,35-Z2,26,2408.85
11-3131.00,Training and Development Managers,Management,0.1845551219031679,0.05379615966016202,0.28363222025682316,0.19223584425094817,0.4193712901062044,1,Z2,01-Z2,12,1109.66
11-9021.00,Construction Managers,Management,0.04282678341644733,0.12090593149785142,1.230370789166455,0.12826682209036921,0.2798199413197927,7,Z1,07-Z1,25,2244.21
11-9031.00,"Education and Childcare Administrators, Preschool and Daycare",Management,0.2481896214321993,-0.02226753181491557,6.193705054105906,0.24918653888159104,0.5436118362580409,35,Z2,35-Z2,17,1447.94
11-9032.00,"Education Administrators, Kindergarten through Secondary",Management,0.24805409204198994,-0.0422001388395779,6.114673912635425,0.25161813189207105,0.5489164676694808,35,Z2,35-Z2,32,2475.88
11-9033.00,"Education Administrators, Postsecondary",Management,0.2593223060522324,-0.07474943428336063,6.002543666888921,0.269880596453191,0.5887568697201921,34,Z2,34-Z2,27,1791.44
11-9041.00,Architectural and Engineering Managers,Management,0.12079200750939807,0.16433716301534365,0.936947973817088,0.20395443664231017,0.4449359355995746,5,Z2,05-Z2,19,1531.61
11-9041.01,Biofuels/Biodiesel Technology and Product Development Managers,Management,0.02071781999160637,0.25103213485145354,1.4884523952587236,0.2518856105324061,0.5494999845620262,8,Z2,08-Z2,18,1181.24
11-9051.00,Food Service Managers,Management,0.05848701879400153,-0.06726136480021085,5.428123049955892,0.08913373414256205,0.19444931940243665,31,Z1,31-Z1,28,2054.41
11-9071.00,Gambling Managers,Management,0.055743351421509636,-0.10002359502286935,5.2208210566863285,0.11450781977227972,0.24980404821101843,29,Z1,29-Z1,19,1333.42
11-9072.00,"Entertainment and Recreation Managers, Except Gambling",Management,0.08247035642545558,-0.10087304210075722,5.397749420839733,0.13029478236523065,0.28424402945000926,30,Z1,30-Z1,17,1372.49
11-9081.00,Lodging Managers,Management,0.11170710317425277,-0.14471771099882166,5.3697572401867495,0.18281600798705133,0.39882148628594133,30,Z2,30-Z2,24,2037.48
11-9111.00,Medical and Health Services Managers,Management,0.1963144998723029,0.021353193082321763,0.10834439683947053,0.19747238215741292,0.43079503715026446,0,Z2,00-Z2,18,1575.01
11-9121.00,Natural Sciences Managers,Management,0.1792927332755608,0.16063398934188275,0.7305627029528952,0.24072632331614566,0.5251554888995024,4,Z2,04-Z2,16,1333.0
11-9121.01,Clinical Research Coordinators,Management,0.20044253520785132,0.07968388438322542,0.378383713281856,0.21570055945905647,0.47056063997559283,2,Z2,02-Z2,33,2480.37
11-9121.02,Water Resource Specialists,Management,0.09683951576527111,0.2176502524096208,1.1521651146006957,0.23822158631749524,0.5196912905311193,6,Z2,06-Z2,21,1954.51
11-9131.00,Postmasters and Mail Superintendents,Management,0.09250210965673752,-0.1283933855209272,5.336713949352739,0.15824506860080198,0.34521885775595057,30,Z2,30-Z2,13,916.33
11-9141.00,"Property, Real Estate, and Community Association Managers",Management,0.08555112604782739,-0.023124997644495198,6.019188123336395,0.08862144596038342,0.19333173929294384,34,Z1,34-Z1,27,2085.0
11-9151.00,Social and Community Service Managers,Management,0.24781433083458548,0.0027642577167719786,0.011154088907352241,0.24782974738258948,0.5406519335221149,0,Z2,00-Z2,16,1246.43
11-9161.00,Emergency Management Directors,Management,0.19485043316418643,0.09878354832931935,0.46920896450218363,0.2184602497590856,0.4765810306364832,2,Z2,02-Z2,23,2177.26
11-9171.00,Funeral Home Managers,Management,0.11198720401636161,-0.07399422951016225,5.699298227890296,0.13422473640951865,0.29281740401515893,32,Z1,32-Z1,23,2089.28
11-9179.01,Fitness and Wellness Coordinators,Management,0.16652542507581441,0.007031686968782045,0.042200836306613726,0.16667381863480424,0.36360656161792065,0,Z2,00-Z2,24,2192.29
11-9179.02,Spa Managers,Management,0.10138250435614575,-0.07203902635619704,5.66540278014074,0.12437054919824372,0.271320043729188,32,Z1,32-Z1,21,1905.82
11-9199.01,Regulatory Affairs Managers,Management,0.16072253546707196,0.14304158705511716,0.7272575860528537,0.21515721934020915,0.46937531864545623,4,Z2,04-Z2,27,2504.33
11-9199.02,Compliance Managers,Management,0.17153539483073743,0.12524407793000852,0.6306661333476353,0.21239225677099208,0.4633434262880963,3,Z2,03-Z2,29,2102.27
11-9199.08,Loss Prevention Managers,Management,0.0898856942088521,0.05787973805706883,0.5720934352872302,0.10690884949788848,0.233226546861738,3,Z1,03-Z1,27,2454.5099999999998
11-9199.09,Wind Energy Operations Managers,Management,-0.01728021118642474,0.04574793186713269,1.9319553035804398,0.04890275011456159,0.10668358695120862,11,Z1,11-Z1,16,1537.22
11-9199.10,Wind Energy Development Managers,Management,0.03768543333007438,0.15083351752153032,1.3259608483919236,0.15547006751523998,0.3391650659158655,7,Z2,07-Z2,15,1386.99
11-9199.11,Brownfield Redevelopment Specialists and Site Managers,Management,0.07912806532971937,0.2006844642383653,1.1952212242395293,0.21572089585727217,0.4706050047588051,6,Z2,06-Z2,23,2011.66
13-1011.00,"Agents and Business Managers of Artists, Performers, and Athletes",Business and Financial Operations,0.1777016551804704,-0.05461601989845935,5.985002110214512,0.18590531967490256,0.40556096108640094,34,Z2,34-Z2,14,1080.63
13-1021.00,"Buyers and Purchasing Agents, Farm Products",Business and Financial Operations,-0.010543033622751325,-0.030850168160542955,4.383082977797615,0.03260196977951245,0.07112268879777443,25,Z1,25-Z1,12,825.91
13-1022.00,"Wholesale and Retail Buyers, Except Farm Products",Business and Financial Operations,0.0530750736263462,0.023533250028260087,0.4173480852068554,0.05805839558009395,0.12665704645662232,2,Z1,02-Z1,20,1397.38
13-1023.00,"Purchasing Agents, Except Wholesale, Retail, and Farm Products",Business and Financial Operations,0.06990700689904261,0.0432151643171071,0.5536805324125234,0.0821860087882199,0.17929253864436695,3,Z1,03-Z1,19,1805.0
13-1031.00,"Claims Adjusters, Examiners, and Investigators",Business and Financial Operations,0.10261016458323359,0.061654251093093776,0.5410509516810119,0.11970836459349254,0.26114927469271504,3,Z1,03-Z1,27,2182.39
13-1032.00,"Insurance Appraisers, Auto Damage",Business and Financial Operations,-0.07884429148218362,0.08310977949053104,2.3298629376055393,0.11455853414867104,0.24991468394358446,13,Z1,13-Z1,7,649.87
13-1041.01,Environmental Compliance Inspectors,Business and Financial Operations,0.0703173935802413,0.1444585207439831,1.117792433468052,0.16066362393354122,0.3504950468768517,6,Z2,06-Z2,26,1820.0
13-1041.03,Equal Opportunity Representatives and Officers,Business and Financial Operations,0.1928289133245398,0.06123298054840761,0.30747969235770733,0.20231773951081142,0.4413654059190967,1,Z2,01-Z2,18,1277.5
13-1041.04,Government Property Inspectors and Investigators,Business and Financial Operations,0.07708526848445385,0.15198793580899017,1.1014210875980779,0.17041851791632873,0.37177579444165276,6,Z2,06-Z2,13,704.07
13-1041.06,Coroners,Business and Financial Operations,0.10956449680687724,-0.01419452902109343,6.154348824401499,0.11048015031975145,0.2410175030117622,35,Z1,35-Z1,20,1888.42
13-1041.07,Regulatory Affairs Specialists,Business and Financial Operations,0.1376012499534621,0.13980893137521777,0.7933561799590977,0.19616483191702713,0.4279425564730738,4,Z2,04-Z2,30,2525.0
13-1041.08,Customs Brokers,Business and Financial Operations,0.013284497234509824,-0.06383493841497495,4.917567436887682,0.06520258606234375,0.14224242488060884,28,Z1,28-Z1,23,2185.0
13-1051.00,Cost Estimators,Business and Financial Operations,0.03000705541435036,0.11931732158164209,1.3244162586509325,0.12303270542443942,0.268401476322745,7,Z1,07-Z1,14,1286.35
13-1071.00,Human Resources Specialists,Business and Financial Operations,0.15456445010663186,-0.016962564418999383,6.173878449381888,0.1554924365634361,0.33921386501801526,35,Z2,35-Z2,26,1974.25
13-1074.00,Farm Labor Contractors,Business and Financial Operations,0.005319996926773101,-0.13003667645068476,4.753277689101677,0.13014545550898404,0.2839182660805624,27,Z1,27-Z1,7,617.06
13-1075.00,Labor Relations Specialists,Business and Financial Operations,0.14608047390437173,0.02814531242471424,0.1903375686308807,0.1487671451215308,0.3245423340175311,1,Z1,01-Z1,28,2151.18
13-1081.00,Logisticians,Business and Financial Operations,0.09522569853639601,0.054983850458956,0.5236402637346073,0.10995979934975059,0.23988233356171726,3,Z1,03-Z1,22,2049.97
13-1081.01,Logistics Engineers,Business and Financial Operations,0.019081905257297554,0.14428540613181012,1.4393082637902401,0.14554173810584325,0.31750596103226864,8,Z1,08-Z1,30,2686.34
13-1081.02,Logistics Analysts,Business and Financial Operations,0.013283452846168685,0.060831450776576014,1.3558061833737935,0.06226488194078085,0.1358336889229074,7,Z1,07-Z1,31,2445.44
13-1111.00,Management Analysts,Business and Financial Operations,0.10578902402606367,0.14672034401640907,0.9460986030700933,0.18088166560677316,0.3946016298763042,5,Z2,05-Z2,11,1023.11
13-1121.00,"Meeting, Convention, and Event Planners",Business and Financial Operations,0.16122081238338132,-0.029585545130646755,6.101695133290812,0.16391294892788358,0.35758359802693185,34,Z2,34-Z2,21,1615.28
13-1131.00,Fundraisers,Business and Financial Operations,0.17942179856339163,-0.04629965218579039,6.0306453881037,0.18529932431675905,0.4042389544849096,34,Z2,34-Z2,28,2405.48
13-1141.00,"Compensation, Benefits, and Job Analysis Specialists",Business and Financial Operations,0.17427408731081043,0.05215233891031062,0.2907728885859281,0.1819102085146182,0.39684544329140015,1,Z2,01-Z2,22,1242.87
13-1151.00,Training and Development Specialists,Business and Financial Operations,0.17204518809119435,0.014184864620507689,0.08226241900543751,0.1726289579695034,0.37659797055773736,0,Z2,00-Z2,20,1803.54
13-1161.00,Market Research Analysts and Marketing Specialists,Business and Financial Operations,0.1512221714572835,0.12411058912542913,0.6872461540498773,0.19563124360213308,0.42677850914946125,3,Z2,03-Z2,13,1237.93
13-1161.01,Search Marketing Strategists,Business and Financial Operations,0.12017696568230693,0.07047364670499613,0.530371081182196,0.13931632338138625,0.3039249339630736,3,Z1,03-Z1,36,3182.6
13-1199.04,Business Continuity Planners,Business and Financial Operations,0.13561805552883402,0.1430108941933681,0.8119248561988159,0.1970897583422554,0.4299603257903034,4,Z2,04-Z2,21,1938.91
13-1199.05,Sustainability Specialists,Business and Financial Operations,0.1614532795806285,0.1810297611036235,0.8424964720714219,0.24256738423080623,0.5291718475237421,4,Z2,04-Z2,14,1382.6
13-1199.06,Online Merchants,Business and Financial Operations,0.025722633913027218,-0.06046944226662055,5.114583443556364,0.0657130682852336,0.14335606520728036,29,Z1,29-Z1,34,2487.66
13-1199.07,Security Management Specialists,Business and Financial Operations,0.06324970690752317,0.16587686033296514,1.206509314250691,0.17752650004382334,0.3872821826830047,6,Z2,06-Z2,23,2080.0
13-2022.00,Appraisers of Personal and Business Property,Business and Financial Operations,-0.0001819483283113141,0.0690641241700901,1.5734308046741377,0.06906436383965177,0.15066706979989344,9,Z1,09-Z1,14,1300.0
13-2023.00,Appraisers and Assessors of Real Estate,Business and Financial Operations,0.04928832366436969,0.10135377951589374,1.1181688175505458,0.11270282814463915,0.24586637638678582,6,Z1,06-Z1,28,2334.78
13-2031.00,Budget Analysts,Business and Financial Operations,0.14956709305660415,0.06809447522943161,0.42723370543931016,0.1643385921875156,0.3585121582733959,2,Z2,02-Z2,13,1133.43
13-2041.00,Credit Analysts,Business and Financial Operations,0.11100347918380192,0.08616764797318675,0.6600972710290741,0.1405227239564469,0.3065567520171905,3,Z1,03-Z1,11,885.0
13-2052.00,Personal Financial Advisors,Business and Financial Operations,0.2051280347671559,0.018620941244229486,0.09052904006139888,0.2059714788514579,0.4493362054698737,0,Z2,00-Z2,21,1891.06
13-2053.00,Insurance Underwriters,Business and Financial Operations,0.0840220892796344,0.09596013151700913,0.8516301554612116,0.1275462987611814,0.2782480867091684,4,Z1,04-Z1,7,670.0
13-2061.00,Financial Examiners,Business and Financial Operations,0.1609954247309223,0.11692168948723926,0.6281220087758188,0.19897288321990125,0.4340684488744589,3,Z2,03-Z2,17,1526.08
13-2071.00,Credit Counselors,Business and Financial Operations,0.1832656831895572,-0.03620982256528778,6.088116757703257,0.18680862369051587,0.4075315601277085,34,Z2,34-Z2,23,2135.31
13-2072.00,Loan Officers,Business and Financial Operations,0.12275176503563512,-0.02076146499172088,6.1156371995797745,0.12449511736596831,0.2715917948867746,35,Z1,35-Z1,17,1402.33
13-2081.00,"Tax Examiners and Collectors, and Revenue Agents",Business and Financial Operations,0.10830708659425314,-0.00660626820526802,6.222265067983348,0.10850837657128128,0.23671598835971833,35,Z1,35-Z1,21,1143.79
13-2082.00,Tax Preparers,Business and Financial Operations,0.08437790830207156,-0.044992823339467546,5.793308514526617,0.09562418920696443,0.2086085441003111,33,Z1,33-Z1,12,1176.2
13-2099.01,Financial Quantitative Analysts,Business and Financial Operations,0.11328212954747532,0.22526458900614083,1.1048435710732585,0.2521447519479962,0.5500653134173155,6,Z2,06-Z2,21,1865.0
13-2099.04,"Fraud Examiners, Investigators and Analysts",Business and Financial Operations,0.1323660353245534,0.10210503252880183,0.6570469485491253,0.16717118464391104,0.36469158832408377,3,Z2,03-Z2,23,2013.83
15-1211.00,Computer Systems Analysts,Computer and Mathematical,0.07313716712400009,0.13114342099245188,1.062069468591273,0.15015872297181868,0.3275781247704596,6,Z1,06-Z1,22,1788.82
15-1211.01,Health Informatics Specialists,Computer and Mathematical,0.20065285198314925,0.13561738174186475,0.5943544234070766,0.2421851383538847,0.5283379606533357,3,Z2,03-Z2,17,1661.91
15-1212.00,Information Security Analysts,Computer and Mathematical,0.09484689029882583,0.09482815249437618,0.7852993744154465,0.13412050963538039,0.29259002853841426,4,Z1,04-Z1,11,981.78
15-1221.00,Computer and Information Research Scientists,Computer and Mathematical,0.11722798884798681,0.09192935517946735,0.6650278672268934,0.14897452034846892,0.3249947325636814,3,Z1,03-Z1,15,1170.94
15-1231.00,Computer Network Support Specialists,Computer and Mathematical,-0.0019799107655244677,0.07944661062670814,1.5957124436048944,0.07947127774681376,0.1733702286633019,9,Z1,09-Z1,26,2252.72
15-1232.00,Computer User Support Specialists,Computer and Mathematical,-0.006644356636049574,0.07896868144446113,1.6547377506607241,0.0792477136842685,0.1728825134315442,9,Z1,09-Z1,16,1417.41
15-1241.00,Computer Network Architects,Computer and Mathematical,0.05264378267469407,0.11718570143049008,1.1485797223984293,0.12846733621452724,0.2802573720562942,6,Z1,06-Z1,33,3085.0
15-1241.01,Telecommunications Engineering Specialists,Computer and Mathematical,0.018828530548521894,0.1041323018078176,1.3919154879579534,0.10582083841290918,0.23085300089721963,7,Z1,07-Z1,26,2237.39
15-1242.00,Database Administrators,Computer and Mathematical,0.06816801572628722,0.10144599334229093,0.9791355694616113,0.1222217981100895,0.2666324449129131,5,Z1,05-Z1,18,1607.67
15-1243.00,Database Architects,Computer and Mathematical,0.08038651795459431,0.1016384645097242,0.9016248755271349,0.1295853762457739,0.28269642754108826,5,Z1,05-Z1,25,2438.11
15-1243.01,Data Warehousing Specialists,Computer and Mathematical,0.03114827225705585,0.12238478376904237,1.3215765547266634,0.12628638154130054,0.27549951964568825,7,Z1,07-Z1,18,1747.81
15-1244.00,Network and Computer Systems Administrators,Computer and Mathematical,0.01894967319490215,0.058921121425658904,1.259632826022655,0.06189336526842626,0.13502320830318532,7,Z1,07-Z1,20,1733.96
15-1251.00,Computer Programmers,Computer and Mathematical,0.04895128697892897,0.0952005458524267,1.0958602846173795,0.10704845831441692,0.23353110988288459,6,Z1,06-Z1,17,1377.2
15-1252.00,Software Developers,Computer and Mathematical,0.05349195681567105,0.20005982892503618,1.30952826602413,0.20708772197666467,0.45177134092192317,7,Z2,07-Z2,17,1285.24
15-1253.00,Software Quality Assurance Analysts and Testers,Computer and Mathematical,0.04370848775874381,0.21948123251763038,1.3742234656211074,0.22379107071019252,0.48821046045641064,7,Z2,07-Z2,27,2579.42
15-1254.00,Web Developers,Computer and Mathematical,0.06776325203746948,0.08427988298960902,0.8936050720638326,0.10814322449157783,0.23591939239008067,5,Z1,05-Z1,27,2516.66
15-1255.01,Video Game Designers,Computer and Mathematical,0.10213624793956608,0.10392621947663849,0.7940844930338917,0.14571366524070056,0.31788102794359474,4,Z1,04-Z1,24,2330.0
15-1299.01,Web Administrators,Computer and Mathematical,0.0818139516584165,0.12190026427778351,0.979692963414501,0.14681007157875503,0.3202728885368267,5,Z1,05-Z1,35,3193.68
15-1299.03,Document Management Specialists,Computer and Mathematical,0.1105826930513398,0.0963766377017881,0.7168638932209148,0.14668670115995028,0.3200037503233125,4,Z1,04-Z1,23,2025.94
15-1299.05,Information Security Engineers,Computer and Mathematical,0.1163900505651031,0.1666257249048132,0.9610697901553801,0.20325052538825514,0.4434003209909485,5,Z2,05-Z2,20,1863.1699999999998
15-1299.08,Computer Systems Engineers/Architects,Computer and Mathematical,0.04414212395874052,0.1904122498589498,1.3429962994284286,0.19546189399454805,0.426409065231816,7,Z2,07-Z2,28,2612.11
15-1299.09,Information Technology Project Managers,Computer and Mathematical,0.14970912364609743,0.08684698094734837,0.5256622082025636,0.17307576318639065,0.3775726965822325,3,Z2,03-Z2,21,2066.2
15-2011.00,Actuaries,Computer and Mathematical,0.15236222739450514,0.08847765643572199,0.5261119009917941,0.17618894410539088,0.38436424320259543,3,Z2,03-Z2,15,1269.44
15-2021.00,Mathematicians,Computer and Mathematical,0.10274409486676603,0.1132777804201736,0.8341216948674451,0.1529320259687685,0.3336282121525401,4,Z2,04-Z2,12,1100.0
15-2031.00,Operations Research Analysts,Computer and Mathematical,0.11772539560437288,0.17075408970109524,0.9671900631511253,0.2074035388315633,0.45246030984128466,5,Z2,05-Z2,17,1666.68
15-2041.00,Statisticians,Computer and Mathematical,0.12310936947688422,0.19298805367811536,1.0029659065860033,0.22891113060631876,0.49938010539139216,5,Z2,05-Z2,19,1804.78
15-2041.01,Biostatisticians,Computer and Mathematical,0.19357582185709973,0.19048670536988774,0.7773550723512398,0.2715820018527112,0.5924685634481267,4,Z2,04-Z2,25,2266.67
15-2051.01,Business Intelligence Analysts,Computer and Mathematical,0.11929332318102669,0.1423389484582921,0.8732554409520482,0.18571826297859134,0.4051528883445005,5,Z2,05-Z2,17,1635.71
15-2051.02,Clinical Data Managers,Computer and Mathematical,0.10024214226082269,0.11826694883231084,0.8677017818154655,0.15503405519802235,0.3382138850958356,4,Z2,04-Z2,21,1955.0
15-2099.01,Bioinformatics Technicians,Computer and Mathematical,0.10616725811176626,0.1395673611429254,0.9204897289866673,0.1753583045976727,0.38255216511007173,5,Z2,05-Z2,19,1405.68
17-1011.00,"Architects, Except Landscape and Naval",Architecture and Engineering,0.037971869757594666,0.14192679113070372,1.3093736570044376,0.14691860649198293,0.32050966241611706,7,Z1,07-Z1,24,2257.15
17-1012.00,Landscape Architects,Architecture and Engineering,0.07172298794216889,0.13268373197422806,1.0752326865257236,0.15082824579620785,0.3290387194463053,6,Z1,06-Z1,19,1860.0
17-1021.00,Cartographers and Photogrammetrists,Architecture and Engineering,-0.002630978414109417,0.11922094820770807,1.5928608337666665,0.11924997500612115,0.26014927683395855,9,Z1,09-Z1,14,1087.25
17-1022.00,Surveyors,Architecture and Engineering,0.005536858400675908,0.14094733622119002,1.5315333433070044,0.14105604697707333,0.3077202205892195,8,Z1,08-Z1,24,2106.32
17-1022.01,Geodetic Surveyors,Architecture and Engineering,0.013536761869338294,0.16312281845900325,1.4880009459158379,0.16368352948270667,0.3570831090100465,8,Z2,08-Z2,16,1511.1399999999999
17-2011.00,Aerospace Engineers,Architecture and Engineering,0.006955125687538214,0.25552260004083566,1.5435838266166095,0.25561723906058903,0.557640702939283,8,Z2,08-Z2,14,1018.15
17-2021.00,Agricultural Engineers,Architecture and Engineering,0.03439923452001722,0.16210683782553,1.3616970244315953,0.16571642708360518,0.3615179681429233,7,Z2,07-Z2,14,1182.63
17-2031.00,Bioengineers and Biomedical Engineers,Architecture and Engineering,0.047464487503814115,0.21748121055461386,1.3559192965503122,0.22260043692297646,0.485613038371396,7,Z2,07-Z2,30,2482.61
17-2041.00,Chemical Engineers,Architecture and Engineering,-0.07883664562720044,0.22506556265793187,1.907723260096862,0.23847373899085877,0.520241373125467,10,Z2,10-Z2,14,1269.56
17-2051.00,Civil Engineers,Architecture and Engineering,-0.00697230360284621,0.22476169996674578,1.6018072526985554,0.22486981742659842,0.4905637957769891,9,Z2,09-Z2,16,1176.2
17-2051.01,Transportation Engineers,Architecture and Engineering,0.01940032523285556,0.1856229029975974,1.4666596841103892,0.18663395922606374,0.407150521606623,8,Z2,08-Z2,26,2336.35
17-2051.02,Water/Wastewater Engineers,Architecture and Engineering,0.011566298935696903,0.22956467126909957,1.520455276057515,0.22985586258775229,0.5014410814356993,8,Z2,08-Z2,28,2304.13
17-2061.00,Computer Hardware Engineers,Architecture and Engineering,-0.03131785081566548,0.16883263195768825,1.754208054138532,0.1717127409177097,0.37459920113715817,10,Z2,10-Z2,18,1708.74
17-2071.00,Electrical Engineers,Architecture and Engineering,-0.017322137777401415,0.19800907872987283,1.6580557131399005,0.19876531819367346,0.43361563627247374,9,Z2,09-Z2,22,1581.45
17-2072.00,"Electronics Engineers, Except Computer",Architecture and Engineering,-0.023404991900344528,0.22102170499897456,1.6762976877827225,0.22225748069864584,0.48486486367583964,9,Z2,09-Z2,20,1563.75
17-2072.01,Radio Frequency Identification Device Specialists,Architecture and Engineering,0.0030156657977186093,0.15637050206511866,1.5515133292157919,0.15639957850423,0.341192836668711,8,Z2,08-Z2,21,1889.03
17-2081.00,Environmental Engineers,Architecture and Engineering,0.12487146897283442,0.17379209924211178,0.9477548545283799,0.21400134934717954,0.4668537353680988,5,Z2,05-Z2,29,2666.69
17-2111.02,Fire-Prevention and Protection Engineers,Architecture and Engineering,0.07119415299675855,0.18063047018351733,1.1953496575037748,0.19415451109784806,0.4235569496225328,6,Z2,06-Z2,14,1338.46
17-2112.00,Industrial Engineers,Architecture and Engineering,-0.038216272309660966,0.14970564400439462,1.820734529419513,0.15450651544843244,0.33706303299419,10,Z2,10-Z2,20,1595.29
17-2112.01,Human Factors Engineers and Ergonomists,Architecture and Engineering,0.05578154544805768,0.22235997716620526,1.325007055259949,0.22924995148948024,0.500119258650973,7,Z2,07-Z2,26,2395.0
17-2112.02,Validation Engineers,Architecture and Engineering,0.012504573364300761,0.24993080087330416,1.520805869100039,0.25024342065316,0.5459174722010133,8,Z2,08-Z2,21,1992.63
17-2112.03,Manufacturing Engineers,Architecture and Engineering,-0.06585573206882382,0.17754278488924513,1.9259929568710643,0.18936319048999328,0.4131044644865897,11,Z2,11-Z2,24,2220.0
17-2121.00,Marine Engineers and Naval Architects,Architecture and Engineering,-0.06499933699181433,0.18500557540376222,1.908661900073125,0.1960917559201625,0.4277831378422751,10,Z2,10-Z2,30,2325.73
17-2131.00,Materials Engineers,Architecture and Engineering,0.01266687591179455,0.1862016499028237,1.502873243463875,0.18663200200367172,0.4071462518364209,8,Z2,08-Z2,21,1909.55
17-2141.00,Mechanical Engineers,Architecture and Engineering,-0.06681754507407597,0.2296734026812874,1.85390601870956,0.23919543521757886,0.5218157864657247,10,Z2,10-Z2,28,1874.12
17-2141.01,Fuel Cell Engineers,Architecture and Engineering,-0.038055244007389716,0.23752364207541105,1.7296628313376938,0.2405528676637008,0.5247770874571207,9,Z2,09-Z2,26,2486.35
17-2141.02,Automotive Engineers,Architecture and Engineering,-0.006451931763461069,0.21463197433893355,1.6008477180180454,0.214728926398166,0.4684409779955744,9,Z2,09-Z2,25,2242.85
17-2151.00,"Mining and Geological Engineers, Including Mining Safety Engineers",Architecture and Engineering,-0.023616724983366186,0.19505059653720175,1.691289778883312,0.19647515086763062,0.42861953146265536,9,Z2,09-Z2,18,1202.01
17-2161.00,Nuclear Engineers,Architecture and Engineering,0.023793142830496057,0.23277806907416085,1.468936226641044,0.23399090385663965,0.5104618631652084,8,Z2,08-Z2,20,1752.36
17-2171.00,Petroleum Engineers,Architecture and Engineering,-0.029401638853974135,0.18347386556033388,1.7296950836103309,0.18581473491343733,0.40536334628450144,9,Z2,09-Z2,23,1566.43
17-2199.03,"Energy Engineers, Except Wind and Solar",Architecture and Engineering,0.040179424099018084,0.21992987477128748,1.3900971214340203,0.2235699799567083,0.4877281408615374,7,Z2,07-Z2,21,1927.22
17-2199.05,Mechatronics Engineers,Architecture and Engineering,-0.09520259446757627,0.19396394373746634,2.0270780365753787,0.21606838145260585,0.471363060484449,11,Z2,11-Z2,23,1581.21
17-2199.06,Microsystems Engineers,Architecture and Engineering,-0.05269132107806923,0.23853097011526433,1.7882042400198064,0.24428139311269967,0.5329110363251542,10,Z2,10-Z2,25,1588.94
17-2199.07,Photonics Engineers,Architecture and Engineering,-0.001385653801518866,0.19353260212045997,1.5779559996852959,0.1935375625556288,0.42221104814881033,9,Z2,09-Z2,26,2143.44
17-2199.08,Robotics Engineers,Architecture and Engineering,-0.07494384506199167,0.13000538526297056,2.093732574006924,0.15005992173145105,0.32736258534388435,11,Z1,11-Z1,24,1950.0
17-2199.09,Nanosystems Engineers,Architecture and Engineering,0.010998634796009174,0.190600364535308,1.513155035980463,0.1909174400843681,0.4164951310923926,8,Z2,08-Z2,25,2119.04
17-2199.10,Wind Energy Engineers,Architecture and Engineering,-0.09818888919162515,0.23002198974448465,1.9742476167676266,0.250102326511964,0.5456096688761424,11,Z2,11-Z2,16,859.11
17-2199.11,Solar Energy Systems Engineers,Architecture and Engineering,-0.01800218817891492,0.22561806866843342,1.6504181839093672,0.22633513136255054,0.49376044517463547,9,Z2,09-Z2,13,1146.44
17-3012.00,Electrical and Electronics Drafters,Architecture and Engineering,-0.09320693171822395,0.11902417270235,2.2351424299683447,0.15117634010586609,0.32979810311010027,12,Z1,12-Z1,27,1912.44
17-3013.00,Mechanical Drafters,Architecture and Engineering,-0.1133908090283756,0.10422326539094084,2.398297125916125,0.15401287160773294,0.33598612636871755,13,Z2,13-Z2,15,1274.94
17-3021.00,Aerospace Engineering and Operations Technologists and Technicians,Architecture and Engineering,-0.17191415893297401,0.25183085539172007,2.1697877871140205,0.3049151648720628,0.6651863837548199,12,Z3,12-Z3,11,806.02
17-3022.00,Civil Engineering Technologists and Technicians,Architecture and Engineering,0.00679046505311914,0.18106779025373101,1.5333115576913106,0.18119507466541898,0.39528534607797,8,Z2,08-Z2,14,953.71
17-3024.00,Electro-Mechanical and Mechatronics Technologists and Technicians,Architecture and Engineering,-0.19813799399581253,0.1660826355677853,2.4439791252459835,0.2585384043074189,0.5640133585850078,14,Z2,14-Z2,26,1690.42
17-3024.01,Robotics Technicians,Architecture and Engineering,-0.1741570495431483,0.08081429194710275,2.7071318990524085,0.19199382200603793,0.4188433075050516,15,Z2,15-Z2,22,1672.72
17-3025.00,Environmental Engineering Technologists and Technicians,Architecture and Engineering,0.0021489855329570014,0.17257730486109912,1.558344663633501,0.17259068425596327,0.3765144747004116,8,Z2,08-Z2,26,1698.97
17-3026.00,Industrial Engineering Technologists and Technicians,Architecture and Engineering,-0.11363286117841907,0.19973639891501868,2.0880448918929386,0.229797859413732,0.5013145448576021,11,Z2,11-Z2,7,495.36
17-3026.01,Nanotechnology Engineering Technologists and Technicians,Architecture and Engineering,-0.06965358314093902,0.1779214284744254,1.9439407648898976,0.1910697682909355,0.4168274420448929,11,Z2,11-Z2,25,1910.0
17-3027.00,Mechanical Engineering Technologists and Technicians,Architecture and Engineering,-0.15013963183992016,0.20868940383148377,2.194450874023263,0.25708593178267625,0.5608447233134817,12,Z2,12-Z2,26,1934.4099999999999
17-3027.01,Automotive Engineering Technicians,Architecture and Engineering,-0.13932470536750333,0.2464440299691836,2.0853406728112702,0.2831007478499368,0.6175972348885901,11,Z2,11-Z2,18,1714.84
17-3029.01,Non-Destructive Testing Specialists,Architecture and Engineering,-0.12185851522956151,0.23698637743837653,2.0457396953369087,0.2664808451377283,0.5813401566677363,11,Z2,11-Z2,16,1443.49
17-3029.08,Photonics Technicians,Architecture and Engineering,-0.16641438895678998,0.12221898940125951,2.5081338918864846,0.20647331600506388,0.45043098618234184,14,Z2,14-Z2,24,1556.08
19-1011.00,Animal Scientists,"Life, Physical, and Social Science",0.1301841415775861,0.1378107079863957,0.8138483691623524,0.18957769371422525,0.4135724130849826,4,Z2,04-Z2,9,791.31
19-1012.00,Food Scientists and Technologists,"Life, Physical, and Social Science",0.04732597535516847,0.16312957768523847,1.2884348765478089,0.16985584199279774,0.3705482911688768,7,Z2,07-Z2,13,1286.35
19-1013.00,Soil and Plant Scientists,"Life, Physical, and Social Science",0.10455548177583673,0.20156992543547153,1.0922963385763438,0.22707330008047816,0.49537079400817163,6,Z2,06-Z2,27,2035.94
19-1021.00,Biochemists and Biophysicists,"Life, Physical, and Social Science",0.0839591229187713,0.17740735026481344,1.1287717613263282,0.1962715013680579,0.4281752607612257,6,Z2,06-Z2,24,1974.21
19-1022.00,Microbiologists,"Life, Physical, and Social Science",0.07453133197371142,0.1694014741509618,1.156315746855716,0.18507236122742518,0.40374382412068793,6,Z2,06-Z2,14,1168.18
19-1023.00,Zoologists and Wildlife Biologists,"Life, Physical, and Social Science",0.1834675078692882,0.11244541986010004,0.549843643530911,0.21518433700267664,0.4694344770669149,3,Z2,03-Z2,14,1070.81
19-1029.01,Bioinformatics Scientists,"Life, Physical, and Social Science",0.12207181272839498,0.14487818547289555,0.8706243409632286,0.18944977194157575,0.41329334588480604,4,Z2,04-Z2,20,1534.51
19-1029.02,Molecular and Cellular Biologists,"Life, Physical, and Social Science",0.10150569541773452,0.1635085429998513,1.0152247402927816,0.19245376025469627,0.41984668383926554,5,Z2,05-Z2,22,2069.24
19-1029.03,Geneticists,"Life, Physical, and Social Science",0.13693693338315238,0.1569340362208437,0.8533406461451537,0.20827869657971984,0.454369506512285,4,Z2,04-Z2,24,2088.33
19-1029.04,Biologists,"Life, Physical, and Social Science",0.1608535342764198,0.1419953977913312,0.7232093383628069,0.21456130238962884,0.46807529855120794,4,Z2,04-Z2,22,1459.17
19-1031.00,Conservation Scientists,"Life, Physical, and Social Science",0.13205474902947775,0.1674802961987634,0.9031197771471716,0.2132794091234873,0.4652787897372822,5,Z2,05-Z2,30,2508.47
19-1031.02,Range Managers,"Life, Physical, and Social Science",0.11327539939183794,0.08535269821908006,0.6457355731614302,0.14183229251710538,0.30941363575240555,3,Z1,03-Z1,16,1351.77
19-1031.03,Park Naturalists,"Life, Physical, and Social Science",0.16774879493032235,-0.03966460507092021,6.050997404268195,0.17237441543340304,0.37604267436847955,34,Z2,34-Z2,20,1724.29
19-1032.00,Foresters,"Life, Physical, and Social Science",0.07381716597365841,0.08710630294552699,0.8677916855317889,0.11417741460210315,0.2490832542143805,4,Z1,04-Z1,25,1714.04
19-1041.00,Epidemiologists,"Life, Physical, and Social Science",0.2324795765052469,0.13394018657181544,0.522688671193695,0.2683034235170168,0.5853161947953819,2,Z2,02-Z2,16,1447.3799999999999
19-1042.00,"Medical Scientists, Except Epidemiologists","Life, Physical, and Social Science",0.142355209623453,0.16209698129091288,0.8501510950705711,0.2157323273192124,0.4706299430160816,4,Z2,04-Z2,14,944.27
19-2011.00,Astronomers,"Life, Physical, and Social Science",0.16962334698559123,0.08455120102861785,0.46241837999302055,0.18952832357717944,0.4134647098720553,2,Z2,02-Z2,17,1578.24
19-2012.00,Physicists,"Life, Physical, and Social Science",0.0731538812149012,0.2049467600872453,1.2279515082023282,0.21761126994497035,0.4747289423263819,7,Z2,07-Z2,10,778.99
19-2021.00,Atmospheric and Space Scientists,"Life, Physical, and Social Science",0.09320757495117146,0.14955714355423771,1.013475281145205,0.17622426398308808,0.38444129513187525,5,Z2,05-Z2,27,2060.0
19-2031.00,Chemists,"Life, Physical, and Social Science",-0.02438699119789554,0.24896136526260787,1.6684397426039792,0.2501529266930689,0.545720055486466,9,Z2,09-Z2,12,1075.76
19-2032.00,Materials Scientists,"Life, Physical, and Social Science",-0.0004299184409107258,0.19498664461504697,1.573001184184444,0.19498711856966466,0.4253733209187827,9,Z2,09-Z2,16,1428.57
19-2041.00,"Environmental Scientists and Specialists, Including Health","Life, Physical, and Social Science",0.14102187027056176,0.2483432076618508,1.0543515158336247,0.2855897699259977,0.6230271504342979,6,Z2,06-Z2,22,1559.8
19-2041.01,Climate Change Policy Analysts,"Life, Physical, and Social Science",0.22169144096403595,0.1783542615903286,0.6774884048968839,0.2845300293890647,0.6207152779638793,3,Z2,03-Z2,14,1365.21
19-2041.02,Environmental Restoration Planners,"Life, Physical, and Social Science",0.108797674280581,0.22398466990686358,1.1186239681770542,0.24901017304951625,0.5432270861256394,6,Z2,06-Z2,23,2177.24
19-2041.03,Industrial Ecologists,"Life, Physical, and Social Science",0.08504627063059048,0.26972532832567025,1.2653562844909716,0.2828155244829432,0.6169750070629179,7,Z2,07-Z2,38,3408.67
19-2042.00,"Geoscientists, Except Hydrologists and Geographers","Life, Physical, and Social Science",0.05102822274628052,0.22862132385877904,1.351196045776552,0.23424685534620257,0.5110202330509123,7,Z2,07-Z2,32,1945.67
19-2043.00,Hydrologists,"Life, Physical, and Social Science",0.09209871649201871,0.20112241311879756,1.1413726333772645,0.22120668759828557,0.4825725104477001,6,Z2,06-Z2,25,2215.39
19-2099.01,Remote Sensing Scientists and Technologists,"Life, Physical, and Social Science",0.060126541623464834,0.1734424930720728,1.2370951246344783,0.1835687865914417,0.4004637072552806,7,Z2,07-Z2,24,2284.0
19-3011.00,Economists,"Life, Physical, and Social Science",0.20078733071628288,0.1316078446053944,0.5802031987463149,0.24007535679000375,0.5237353756373382,3,Z2,03-Z2,14,1283.32
19-3011.01,Environmental Economists,"Life, Physical, and Social Science",0.17592397444148708,0.23465990493650168,0.9274887632865999,0.29328231410723865,0.6398087875429043,5,Z2,05-Z2,20,1925.93
19-3022.00,Survey Researchers,"Life, Physical, and Social Science",0.15582587821503607,0.12731816935841403,0.6850536103047227,0.20122529803746111,0.4389821948596317,3,Z2,03-Z2,16,1568.92
19-3032.00,Industrial-Organizational Psychologists,"Life, Physical, and Social Science",0.20244979271544228,0.08492159569061473,0.397177300036884,0.21953950893897387,0.47893548391959656,2,Z2,02-Z2,25,2369.23
19-3033.00,Clinical and Counseling Psychologists,"Life, Physical, and Social Science",0.2341433690693369,0.04805348885225648,0.20242031593348897,0.23902354501181183,0.5214408001168988,1,Z2,01-Z2,30,2867.67
19-3034.00,School Psychologists,"Life, Physical, and Social Science",0.2696507127740719,-0.0014774676285682254,6.277706171491955,0.26965476040700354,0.5882641980521629,35,Z2,35-Z2,19,1758.51
19-3039.02,Neuropsychologists,"Life, Physical, and Social Science",0.22864645829990551,0.06667797892137371,0.28375149871602035,0.2381704342821115,0.5195797000254359,1,Z2,01-Z2,14,1372.0
19-3039.03,Clinical Neuropsychologists,"Life, Physical, and Social Science",0.20871090193163663,0.06919799050376717,0.3201442259753428,0.2198831564146665,0.47968516661162786,1,Z2,01-Z2,18,1716.67
19-3041.00,Sociologists,"Life, Physical, and Social Science",0.23573519191292433,0.11471620021075588,0.45289582997339434,0.2621657630145811,0.5719266075767763,2,Z2,02-Z2,15,1475.0
19-3051.00,Urban and Regional Planners,"Life, Physical, and Social Science",0.17207685315447052,0.18827753031401193,0.8303255355850013,0.25506640667224073,0.5564390368804166,4,Z2,04-Z2,19,1872.0
19-3091.00,Anthropologists and Archeologists,"Life, Physical, and Social Science",0.17422920357465074,0.08821050167168962,0.46866692985922587,0.1952867327378597,0.4260269429357362,2,Z2,02-Z2,30,2345.0
19-3092.00,Geographers,"Life, Physical, and Social Science",0.1223435320993833,0.11714424013747787,0.7636915213846373,0.1693833310687327,0.36951748696799247,4,Z2,04-Z2,12,1085.0
19-3093.00,Historians,"Life, Physical, and Social Science",0.17744057596537,0.029235351738492805,0.1632943008645514,0.17983287738952417,0.3923136503924067,0,Z2,00-Z2,21,1605.13
19-3094.00,Political Scientists,"Life, Physical, and Social Science",0.2508720048753017,0.10119380214574214,0.38340666611816676,0.2705123812746193,0.5901351372158524,2,Z2,02-Z2,14,1365.39
19-3099.01,Transportation Planners,"Life, Physical, and Social Science",0.11483004569576294,0.1761640689741696,0.9931316482971292,0.21028485107593223,0.4587460243386415,5,Z2,05-Z2,22,2070.0
19-4012.00,Agricultural Technicians,"Life, Physical, and Social Science",-0.015340897475317642,0.07242914346899494,1.7795172183214802,0.07403596395671809,0.16151284293398457,10,Z1,10-Z1,26,1523.78
19-4012.01,Precision Agriculture Technicians,"Life, Physical, and Social Science",0.006203822907888691,0.16001758127925134,1.5320461009221107,0.16013779609178544,0.3493479293804756,8,Z2,08-Z2,22,2121.71
19-4013.00,Food Science Technicians,"Life, Physical, and Social Science",-0.04827714192670411,0.14071696833947123,1.9012928574550565,0.14876810011310515,0.3245444173753467,10,Z1,10-Z1,16,1326.82
19-4021.00,Biological Technicians,"Life, Physical, and Social Science",-0.013041790703313266,0.0978868279419198,1.70324962788918,0.09875180701779608,0.21543158546077343,9,Z1,09-Z1,17,1242.71
19-4031.00,Chemical Technicians,"Life, Physical, and Social Science",-0.03406663815565021,0.1563722031645251,1.7853007875683076,0.16004000049286277,0.3491345838067263,10,Z2,10-Z2,16,1225.66
19-4042.00,"Environmental Science and Protection Technicians, Including Health","Life, Physical, and Social Science",0.013440415194222986,0.19997617743885662,1.503687172188774,0.20042733422278053,0.4372414002865665,8,Z2,08-Z2,25,1947.82
19-4051.02,Nuclear Monitoring Technicians,"Life, Physical, and Social Science",-0.060366947474562276,0.13135693930162612,2.0015753230533253,0.14456422050454826,0.31537346165810687,11,Z1,11-Z1,16,1421.04
19-4061.00,Social Science Research Assistants,"Life, Physical, and Social Science",0.13401605152073479,0.07084702324031218,0.4863007645332566,0.15159024627996873,0.33070105836744423,2,Z2,02-Z2,22,1398.14
19-4071.00,Forest and Conservation Technicians,"Life, Physical, and Social Science",0.054818334717956,0.05051040588677303,0.7445211044141021,0.07454093455341444,0.16261445939592703,4,Z1,04-Z1,20,1062.67
19-4092.00,Forensic Science Technicians,"Life, Physical, and Social Science",0.006915641071398958,0.1212172110823471,1.5138064619723806,0.12141432515980441,0.26487090572543015,8,Z1,08-Z1,24,1695.12
19-4099.01,Quality Control Analysts,"Life, Physical, and Social Science",0.01370435565639618,0.21355170875011673,1.5067107266438604,0.21399098502986447,0.4668311251356501,8,Z2,08-Z2,26,2154.51
19-4099.03,Remote Sensing Technicians,"Life, Physical, and Social Science",0.0016997848707206843,0.15356565096511143,1.5597279957776145,0.15357505795195117,0.3350310158461886,8,Z2,08-Z2,18,1233.9
19-5011.00,Occupational Health and Safety Specialists,"Life, Physical, and Social Science",0.06059053133039557,0.15911714628318047,1.2069574608502747,0.17026296933920393,0.3714364581034314,6,Z2,06-Z2,22,1978.25
19-5012.00,Occupational Health and Safety Technicians,"Life, Physical, and Social Science",0.03943809453436861,0.1507954057996598,1.314992131278964,0.15586730802444068,0.3400316642626778,7,Z2,07-Z2,26,2076.2
21-1011.00,Substance Abuse and Behavioral Disorder Counselors,Community and Social Service,0.2308587310573319,-0.008355907198740076,6.247006207155854,0.23100990214818815,0.5039586715406009,35,Z2,35-Z2,23,2075.09
21-1012.00,"Educational, Guidance, and Career Counselors and Advisors",Community and Social Service,0.2588965070421831,-0.09672347195972333,5.925643490420218,0.2763744405450449,0.6029234877365192,33,Z2,33-Z2,35,2581.83
21-1013.00,Marriage and Family Therapists,Community and Social Service,0.25749578776950294,0.002817291771946287,0.010940681348271813,0.257511199469004,0.5617724642295979,0,Z2,00-Z2,15,1243.71
21-1014.00,Mental Health Counselors,Community and Social Service,0.22880988900678584,-0.0027152246703419985,6.271319136355644,0.2288259988556984,0.4991943865821567,35,Z2,35-Z2,27,2628.44
21-1015.00,Rehabilitation Counselors,Community and Social Service,0.21454034671619202,0.016514667067144606,0.07682547282654861,0.21517503246762276,0.46941417879796,0,Z2,00-Z2,17,1438.73
21-1021.00,"Child, Family, and School Social Workers",Community and Social Service,0.23418471390337717,-0.02546774048104473,6.174860358378746,0.2355654601829743,0.513896829835929,35,Z2,35-Z2,21,1364.2
21-1022.00,Healthcare Social Workers,Community and Social Service,0.2329120042971925,0.012045359090868388,0.0516703188589399,0.23322326732417456,0.5087872289459402,0,Z2,00-Z2,17,1489.96
21-1023.00,Mental Health and Substance Abuse Social Workers,Community and Social Service,0.23972835477223292,-0.005425776113924405,6.26055615283473,0.23978974775465278,0.5231123064584978,35,Z2,35-Z2,13,1167.68
21-1091.00,Health Education Specialists,Community and Social Service,0.2759779666848563,0.02897996732364703,0.10462483200955543,0.2774953632073648,0.6053688318128961,0,Z2,00-Z2,16,1233.46
21-1092.00,Probation Officers and Correctional Treatment Specialists,Community and Social Service,0.16079396991108794,-0.02638057522760881,6.120569573693082,0.1629436574681794,0.35546904435704274,35,Z2,35-Z2,21,1673.6399999999999
21-1093.00,Social and Human Service Assistants,Community and Social Service,0.186577533366562,-0.04263499895684879,6.058531668461962,0.19138683103390644,0.41751912892609055,34,Z2,34-Z2,19,1138.78
21-1094.00,Community Health Workers,Community and Social Service,0.25164336907167345,-0.0019639441528983225,6.275380991543898,0.2516510327306013,0.5489882423541331,35,Z2,35-Z2,28,1514.55
21-2011.00,Clergy,Community and Social Service,0.19393542412132905,-0.11746288561517226,5.738599506006677,0.22673437813036387,0.4946314202664089,32,Z2,32-Z2,21,2037.29
21-2021.00,"Directors, Religious Activities and Education",Community and Social Service,0.24197649794711043,-0.06779532136244006,6.010016035165521,0.2512943118285499,0.5482100393843173,34,Z2,34-Z2,19,1693.88
23-1011.00,Lawyers,Legal,0.17550453967336288,0.0163283322259012,0.09276947401210964,0.17626246871991327,0.38452464051334134,0,Z2,00-Z2,22,1652.41
23-1012.00,Judicial Law Clerks,Legal,0.15882421810540368,-0.04367406559708659,6.01483428278806,0.16471962925702407,0.359343408075121,34,Z2,34-Z2,18,1339.2
23-1021.00,"Administrative Law Judges, Adjudicators, and Hearing Officers",Legal,0.1529632421403745,0.04192612407029815,0.267522603289816,0.15860502301520238,0.34600411478090715,1,Z2,01-Z2,14,1096.42
23-1022.00,"Arbitrators, Mediators, and Conciliators",Legal,0.14555405246479733,0.009638170831301127,0.06612059753117773,0.1458728094125095,0.3182282082361383,0,Z1,00-Z1,20,1594.21
23-1023.00,"Judges, Magistrate Judges, and Magistrates",Legal,0.14359601049513587,-0.05628295365124484,5.909634787825943,0.15423224404069127,0.33646469736874074,33,Z2,33-Z2,21,1750.6599999999999
23-2011.00,Paralegals and Legal Assistants,Legal,0.1348118496685022,-0.03005320431282292,6.063844827944125,0.13812106971968874,0.30131743341049244,34,Z1,34-Z1,12,753.84
23-2093.00,"Title Examiners, Abstractors, and Searchers",Legal,0.04115396734895646,0.03702992047812111,0.732698962797974,0.055361214213336646,0.1207730218938002,4,Z1,04-Z1,16,1223.36
25-1011.00,"Business Teachers, Postsecondary",Educational Instruction and Library,0.2480790550770817,-0.10218360696392863,5.892463125525366,0.26829965915016807,0.5853079826568603,33,Z2,33-Z2,25,2026.2
25-1021.00,"Computer Science Teachers, Postsecondary",Educational Instruction and Library,0.23263865817017315,-0.09066926915075073,5.911552396045808,0.2496831224643547,0.544695156065336,33,Z2,33-Z2,26,2033.03
25-1022.00,"Mathematical Science Teachers, Postsecondary",Educational Instruction and Library,0.23934987045032471,-0.1101400499031159,5.8519117127773175,0.26347521909517047,0.5747832459315739,33,Z2,33-Z2,23,1757.04
25-1031.00,"Architecture Teachers, Postsecondary",Educational Instruction and Library,0.2415120526346202,-0.09164004331102206,5.920525157560524,0.25831370289985306,0.5635231621830477,33,Z2,33-Z2,22,1953.35
25-1032.00,"Engineering Teachers, Postsecondary",Educational Instruction and Library,0.23079096838852092,-0.07520061187880699,5.968195087246254,0.24273360524793067,0.5295344662781469,34,Z2,34-Z2,24,2147.44
25-1041.00,"Agricultural Sciences Teachers, Postsecondary",Educational Instruction and Library,0.2424879883518777,-0.08629923335192434,5.941272268145216,0.257386833719346,0.5615011546562854,34,Z2,34-Z2,23,2023.27
25-1042.00,"Biological Science Teachers, Postsecondary",Educational Instruction and Library,0.22310350599434803,-0.08162302740569309,5.932458175226906,0.23756576560994772,0.5182605876501126,33,Z2,33-Z2,27,2418.2
25-1043.00,"Forestry and Conservation Science Teachers, Postsecondary",Educational Instruction and Library,0.24786285130614,-0.07645778202034631,5.98397783634354,0.25938732715589724,0.5658653226219656,34,Z2,34-Z2,25,2245.35
25-1051.00,"Atmospheric, Earth, Marine, and Space Sciences Teachers, Postsecondary",Educational Instruction and Library,0.23388101225799707,-0.07974790370505082,5.954571844108705,0.24710333069421672,0.5390672222787743,34,Z2,34-Z2,26,2126.36
25-1052.00,"Chemistry Teachers, Postsecondary",Educational Instruction and Library,0.22773647945052317,-0.08050785432519908,5.943384112539814,0.24154796351980704,0.5269479345984573,34,Z2,34-Z2,28,2508.21
25-1053.00,"Environmental Science Teachers, Postsecondary",Educational Instruction and Library,0.24837688201515645,-0.08089309207046626,5.968332273016978,0.2612178551789519,0.569858703261228,34,Z2,34-Z2,25,2254.12
25-1054.00,"Physics Teachers, Postsecondary",Educational Instruction and Library,0.22512042690757397,-0.08861331805796263,5.908185556242422,0.24193289720145544,0.5277876850378577,33,Z2,33-Z2,24,2091.28
25-1061.00,"Anthropology and Archeology Teachers, Postsecondary",Educational Instruction and Library,0.24608218880873764,-0.07051957688564742,6.0040954309407395,0.2559872152530863,0.5584478229317108,34,Z2,34-Z2,27,2568.15
25-1062.00,"Area, Ethnic, and Cultural Studies Teachers, Postsecondary",Educational Instruction and Library,0.2493935644485814,-0.09485132968890761,5.919751806076929,0.26682189702519277,0.5820841769652851,33,Z2,33-Z2,23,2019.79
25-1063.00,"Economics Teachers, Postsecondary",Educational Instruction and Library,0.24745058323437333,-0.09512894163160668,5.916167647931068,0.2651062177297642,0.5783413440803153,33,Z2,33-Z2,22,1979.66
25-1064.00,"Geography Teachers, Postsecondary",Educational Instruction and Library,0.23762324963308445,-0.07848476605668551,5.964175554776213,0.25024921032674574,0.5459301026388507,34,Z2,34-Z2,25,2234.96
25-1065.00,"Political Science Teachers, Postsecondary",Educational Instruction and Library,0.250259705995467,-0.10001350826630141,5.902990280367581,0.2695044012269023,0.5879361826209926,33,Z2,33-Z2,22,2011.85
25-1066.00,"Psychology Teachers, Postsecondary",Educational Instruction and Library,0.2435789375131785,-0.08636122146890163,5.942461672746871,0.25843560005086297,0.5637890863954571,34,Z2,34-Z2,29,2444.52
25-1067.00,"Sociology Teachers, Postsecondary",Educational Instruction and Library,0.2476603022769352,-0.0925353775507347,5.925608978764034,0.2643830959466961,0.5767638208236573,33,Z2,33-Z2,24,2110.47
25-1071.00,"Health Specialties Teachers, Postsecondary",Educational Instruction and Library,0.2491049891506881,-0.10543470299883698,5.882794398645181,0.27049911684923744,0.5901062002649597,33,Z2,33-Z2,22,1802.81
25-1072.00,"Nursing Instructors and Teachers, Postsecondary",Educational Instruction and Library,0.2512553559225474,-0.08788334500855563,5.946709163954187,0.26618177287270967,0.5806877168373574,34,Z2,34-Z2,29,2361.4
25-1081.00,"Education Teachers, Postsecondary",Educational Instruction and Library,0.25351226971659846,-0.09926468554143515,5.909977879272145,0.2722534640596908,0.593933388975831,33,Z2,33-Z2,24,2032.81
25-1082.00,"Library Science Teachers, Postsecondary",Educational Instruction and Library,0.24842589382591415,-0.09703711974139771,5.910801686120988,0.26670513180460315,0.5818294482939023,33,Z2,33-Z2,25,2139.46
25-1111.00,"Criminal Justice and Law Enforcement Teachers, Postsecondary",Educational Instruction and Library,0.24992487623732895,-0.10187792142577323,5.89611511593786,0.26989174614330136,0.588781193279329,33,Z2,33-Z2,23,1848.77
25-1112.00,"Law Teachers, Postsecondary",Educational Instruction and Library,0.2465877025321723,-0.10847384500796395,5.868762505801134,0.26939203791297706,0.5876910569104101,33,Z2,33-Z2,23,1863.36
25-1113.00,"Social Work Teachers, Postsecondary",Educational Instruction and Library,0.24962663595066603,-0.09230206692919216,5.9290160748861505,0.2661449397141479,0.5806073636166303,33,Z2,33-Z2,24,2108.92
25-1121.00,"Art, Drama, and Music Teachers, Postsecondary",Educational Instruction and Library,0.22363260776544808,-0.10840632230606362,5.8318104533528725,0.24852258241838082,0.5421633848537994,33,Z2,33-Z2,28,2326.86
25-1122.00,"Communications Teachers, Postsecondary",Educational Instruction and Library,0.24550774039810871,-0.10394624184173283,5.882676648551067,0.26660621108369764,0.5816136482150667,33,Z2,33-Z2,22,1853.64
25-1123.00,"English Language and Literature Teachers, Postsecondary",Educational Instruction and Library,0.2363158056389963,-0.10482538018174377,5.8656815970026255,0.2585217985490875,0.5639771323634009,33,Z2,33-Z2,33,2655.57
25-1124.00,"Foreign Language and Literature Teachers, Postsecondary",Educational Instruction and Library,0.2495051386241305,-0.11273416725506082,5.858809727210032,0.27379153870515904,0.5972887691904992,33,Z2,33-Z2,24,2071.34
25-1125.00,"History Teachers, Postsecondary",Educational Instruction and Library,0.25119591018671683,-0.09321534495562665,5.9278502887609585,0.2679337340271463,0.5845097002578528,33,Z2,33-Z2,25,2296.88
25-1126.00,"Philosophy and Religion Teachers, Postsecondary",Educational Instruction and Library,0.24684437960825767,-0.1086667868729888,5.868490893520269,0.2697046872293568,0.58837311569956,33,Z2,33-Z2,22,1931.75
25-1192.00,"Family and Consumer Sciences Teachers, Postsecondary",Educational Instruction and Library,0.24882226915223013,-0.09292186160008493,5.925777106900234,0.2656068410061951,0.5794334766641842,33,Z2,33-Z2,23,1938.91
25-1193.00,"Recreation and Fitness Studies Teachers, Postsecondary",Educational Instruction and Library,0.24804477698271435,-0.09595996908424358,5.9140527919920345,0.2659596342587602,0.5802031112869337,33,Z2,33-Z2,23,1942.69
25-1194.00,"Career/Technical Education Teachers, Postsecondary",Educational Instruction and Library,0.18028864630732616,-0.04430286419794485,6.042226688460495,0.1856522010735927,0.4050087712760416,34,Z2,34-Z2,20,1780.01
25-2011.00,"Preschool Teachers, Except Special Education",Educational Instruction and Library,0.2012000929208779,-0.12160089862799467,5.739552946485166,0.23509201589697967,0.5128639894632886,32,Z2,32-Z2,34,3025.49
25-2012.00,"Kindergarten Teachers, Except Special Education",Educational Instruction and Library,0.2015905797554118,-0.10980316459587773,5.78443263293865,0.22955499733482707,0.5007847301201628,33,Z2,33-Z2,37,3596.95
25-2021.00,"Elementary School Teachers, Except Special Education",Educational Instruction and Library,0.2111783966183168,-0.12248417470564088,5.7575990167497615,0.24412842573449958,0.5325773309904915,32,Z2,32-Z2,38,3585.9
25-2022.00,"Middle School Teachers, Except Special and Career/Technical Education",Educational Instruction and Library,0.21457306717555985,-0.12221924336607959,5.765424284792416,0.24693955658440855,0.5387099415646397,33,Z2,33-Z2,35,3192.63
25-2023.00,"Career/Technical Education Teachers, Middle School",Educational Instruction and Library,0.21649758261981397,-0.1229528727517114,5.76668963041277,0.24897512365319094,0.5431506242638484,33,Z2,33-Z2,31,3063.37
25-2031.00,"Secondary School Teachers, Except Special and Career/Technical Education",Educational Instruction and Library,0.21713045769957345,-0.11630256945146308,5.7914381083115725,0.24631671344396963,0.53735118075519,33,Z2,33-Z2,32,3050.98
25-2032.00,"Career/Technical Education Teachers, Secondary School",Educational Instruction and Library,0.21152807676431654,-0.11558659800052151,5.783082337615984,0.24104851979828615,0.5258583752675958,33,Z2,33-Z2,33,3179.01
25-2051.00,"Special Education Teachers, Preschool",Educational Instruction and Library,0.1897161747671264,-0.08512792033496598,5.861403016034564,0.20793987060885452,0.4536303421536455,33,Z2,33-Z2,36,3137.19
25-2056.00,"Special Education Teachers, Elementary School",Educational Instruction and Library,0.20233431154163678,-0.06690756221348255,5.963826200662806,0.21310982030018977,0.46490882395961464,34,Z2,34-Z2,30,2807.43
25-2057.00,"Special Education Teachers, Middle School",Educational Instruction and Library,0.20906674345448126,-0.1017822013271524,5.830120443636359,0.2325263850096648,0.5072669482905456,33,Z2,33-Z2,40,3511.93
25-2058.00,"Special Education Teachers, Secondary School",Educational Instruction and Library,0.2168204083332286,-0.09749407487942931,5.860619493664821,0.2377313275661913,0.5186217686330502,33,Z2,33-Z2,40,3412.29
25-2059.01,Adapted Physical Education Specialists,Educational Instruction and Library,0.1861390913127864,-0.032616408403250925,6.109720364788584,0.18897510791603608,0.41225784459453824,35,Z2,35-Z2,20,1928.6
25-3011.00,"Adult Basic Education, Adult Secondary Education, and English as a Second Language Instructors",Educational Instruction and Library,0.22027721635562456,-0.09944272274137136,5.859131594237225,0.2416834854755283,0.5272435819457562,33,Z2,33-Z2,37,2961.74
25-3021.00,Self-Enrichment Teachers,Educational Instruction and Library,0.2083837298387988,-0.09001291696191126,5.87543637694299,0.2269936212353145,0.4951969709616911,33,Z2,33-Z2,30,2207.77
25-3031.00,"Substitute Teachers, Short-Term",Educational Instruction and Library,0.1674514473989602,-0.1730514901551044,5.481342240335217,0.24080449638847887,0.5253260270336556,31,Z2,31-Z2,18,1481.69
25-3041.00,Tutors,Educational Instruction and Library,0.213524598384179,-0.07733341938026031,5.935704989781593,0.22709736208984937,0.49542328638258737,34,Z2,34-Z2,19,1718.18
25-4011.00,Archivists,Educational Instruction and Library,0.13306603676024376,-0.03730728262808795,6.009836616443509,0.13819697346964793,0.30148302091405255,34,Z1,34-Z1,13,1274.18
25-4012.00,Curators,Educational Instruction and Library,0.1962972695445745,-0.03252052418503594,6.119006736390079,0.19897286881362705,0.43406841744651253,35,Z2,35-Z2,15,1227.2
25-4013.00,Museum Technicians and Conservators,Educational Instruction and Library,-0.0005668817733015639,-0.007266872800613503,4.634537603802615,0.007288950215579598,0.015901178405818745,26,Z1,26-Z1,24,1557.11
25-4022.00,Librarians and Media Collections Specialists,Educational Instruction and Library,0.13749576442132022,-0.07660761222856789,5.774858979878776,0.15739698689989529,0.34336872872090746,33,Z2,33-Z2,28,2332.07
25-4031.00,Library Technicians,Educational Instruction and Library,0.06976966472584388,-0.14075816164278057,5.172566973910289,0.15710081535438258,0.3427226169428549,29,Z2,29-Z2,31,2036.31
25-9021.00,Farm and Home Management Educators,Educational Instruction and Library,0.1813827401002899,0.027855758282370562,0.15238391598755535,0.18350924139065905,0.4003338066752449,0,Z2,00-Z2,15,1295.18
25-9031.00,Instructional Coordinators,Educational Instruction and Library,0.2563502566114657,-0.05203824031858598,6.082910031829774,0.26157873101653206,0.5706459704130116,34,Z2,34-Z2,13,1041.71
25-9042.00,"Teaching Assistants, Preschool, Elementary, Middle, and Secondary School, Except Special Education",Educational Instruction and Library,0.15537640806734607,-0.15665245620136045,5.493697647050927,0.22063957083404057,0.48133531927771306,31,Z2,31-Z2,28,2103.04
25-9043.00,"Teaching Assistants, Special Education",Educational Instruction and Library,0.1572274458845433,-0.15398933282721383,5.508191454977408,0.2200754060860673,0.48010456806629415,31,Z2,31-Z2,30,2277.2400000000002
25-9044.00,"Teaching Assistants, Postsecondary",Educational Instruction and Library,0.17107991186261232,-0.12693278405022992,5.644855973039995,0.21302644885004657,0.4647269453264138,32,Z2,32-Z2,20,1424.66
27-1011.00,Art Directors,"Arts, Design, Entertainment, Sports, and Media",0.08267479345254655,0.015327148907309069,0.18330964014014844,0.08408354753486594,0.18343210624326198,1,Z1,01-Z1,16,1288.14
27-1012.00,Craft Artists,"Arts, Design, Entertainment, Sports, and Media",-0.05679253077809694,-0.02308068531180938,3.527607101847417,0.06130342230776241,0.13373622074128344,20,Z1,20-Z1,16,1381.42
27-1013.00,"Fine Artists, Including Painters, Sculptors, and Illustrators","Arts, Design, Entertainment, Sports, and Media",0.021535975714070652,-0.03962247878681724,5.210250665759725,0.045096996298742816,0.09838116086732465,29,Z1,29-Z1,28,1562.39
27-1014.00,Special Effects Artists and Animators,"Arts, Design, Entertainment, Sports, and Media",-0.007705199500212773,0.008379320787796797,2.314307820130492,0.011383458007252573,0.024833534500149638,13,Z1,13-Z1,13,857.58
27-1021.00,Commercial and Industrial Designers,"Arts, Design, Entertainment, Sports, and Media",0.009947936111193802,0.15090479324497327,1.5049696350055242,0.15123233138843203,0.32992025065493447,8,Z1,08-Z1,17,1340.59
27-1022.00,Fashion Designers,"Arts, Design, Entertainment, Sports, and Media",0.0034717045366650197,0.020312933870288555,1.4015208582365684,0.02060747473148072,0.04495614903477842,8,Z1,08-Z1,20,1474.24
27-1023.00,Floral Designers,"Arts, Design, Entertainment, Sports, and Media",-0.016261098297394454,-0.16935454130424843,4.616664355079882,0.170133429925485,0.37115386194524563,26,Z2,26-Z2,15,1371.48
27-1024.00,Graphic Designers,"Arts, Design, Entertainment, Sports, and Media",0.014601298030380967,0.006681003842953005,0.4291249308523175,0.016057201391324702,0.03502951954259054,2,Z1,02-Z1,19,1830.0
27-1025.00,Interior Designers,"Arts, Design, Entertainment, Sports, and Media",0.04100437244789573,0.071107520855114,1.0477205847388549,0.08208311691210454,0.17906807530873836,6,Z1,06-Z1,16,1528.0
27-1026.00,Merchandise Displayers and Window Trimmers,"Arts, Design, Entertainment, Sports, and Media",-0.0250727244955278,-0.09693864460746693,4.45929026397325,0.10012862893279532,0.21843518546570267,25,Z1,25-Z1,24,1788.97
27-1027.00,Set and Exhibit Designers,"Arts, Design, Entertainment, Sports, and Media",-0.0016036420848905618,0.010657017742953821,1.7201532983238186,0.010776998427672926,0.02351051517835462,9,Z1,09-Z1,27,2224.52
27-2011.00,Actors,"Arts, Design, Entertainment, Sports, and Media",0.04191429721254643,-0.09586505415735125,5.124565942268489,0.10462751511630947,0.22824971152442441,29,Z1,29-Z1,18,1407.25
27-2012.00,Producers and Directors,"Arts, Design, Entertainment, Sports, and Media",0.06377974461171762,-0.013578909166748969,6.073414204571615,0.06520922171667702,0.14225690086415546,34,Z1,34-Z1,27,1841.78
27-2012.03,Media Programming Directors,"Arts, Design, Entertainment, Sports, and Media",0.10024674317193473,-0.043251147491939944,5.875866766910934,0.10917907892975369,0.23817915624313693,33,Z1,33-Z1,23,1799.38
27-2012.04,Talent Directors,"Arts, Design, Entertainment, Sports, and Media",0.0807270652215253,-0.07491397881999583,5.535119106361834,0.11013157259352643,0.2402570647526078,31,Z1,31-Z1,15,1157.2
27-2012.05,Media Technical Directors/Managers,"Arts, Design, Entertainment, Sports, and Media",-0.0385255574089265,0.004189788758014061,3.0332649022705587,0.038752714788841215,0.08454082046685717,17,Z1,17-Z1,15,1118.74
27-2021.00,Athletes and Sports Competitors,"Arts, Design, Entertainment, Sports, and Media",0.10631271627705428,-0.026436718105307348,6.039459376208428,0.10955041627663917,0.238989245656143,34,Z1,34-Z1,9,843.59
27-2022.00,Coaches and Scouts,"Arts, Design, Entertainment, Sports, and Media",0.16024619987743213,-0.03941894866902662,6.041984390692802,0.1650233258946422,0.36000593618591686,34,Z2,34-Z2,27,2067.84
27-2023.00,"Umpires, Referees, and Other Sports Officials","Arts, Design, Entertainment, Sports, and Media",0.07359881303429112,-0.0016191000340059984,6.261189858447401,0.07361662016811597,0.16059802527180853,35,Z1,35-Z1,16,1123.82
27-2031.00,Dancers,"Arts, Design, Entertainment, Sports, and Media",0.06329999387518676,-0.06572241020389484,5.479014189062393,0.09124869548441611,0.19906320434108649,31,Z1,31-Z1,14,1136.79
27-2032.00,Choreographers,"Arts, Design, Entertainment, Sports, and Media",0.08480230947189844,-0.04300082733444333,5.813896579872473,0.09508155890189351,0.20742477126140574,33,Z1,33-Z1,18,1703.1
27-2041.00,Music Directors and Composers,"Arts, Design, Entertainment, Sports, and Media",0.03918930605755886,-0.017574410565135198,5.861621826436593,0.04294952404841008,0.09369635189427138,33,Z1,33-Z1,28,2496.31
27-2042.00,Musicians and Singers,"Arts, Design, Entertainment, Sports, and Media",0.06282786217442372,-0.06598399435761954,5.473290168819002,0.09111107384283619,0.19876297643301455,31,Z1,31-Z1,27,2120.58
27-3011.00,Broadcast Announcers and Radio Disc Jockeys,"Arts, Design, Entertainment, Sports, and Media",0.08709891072803293,-0.07717701679219165,5.558111597740845,0.11637229984387212,0.25387149679766335,31,Z1,31-Z1,24,1806.34
27-3031.00,Public Relations Specialists,"Arts, Design, Entertainment, Sports, and Media",0.21145524557412898,-0.0023497091792605593,6.272073677069865,0.21146830025808194,0.46132777287896765,35,Z2,35-Z2,18,1640.89
27-3041.00,Editors,"Arts, Design, Entertainment, Sports, and Media",0.08709558952081839,-0.028123219607879196,5.9708533983084955,0.09152353355881694,0.199662776175782,34,Z1,34-Z1,21,1571.54
27-3042.00,Technical Writers,"Arts, Design, Entertainment, Sports, and Media",0.02628579496859028,0.04838054299909737,1.0731013098211817,0.055060148547005174,0.12011623336724792,6,Z1,06-Z1,15,1264.8
27-3043.00,Writers and Authors,"Arts, Design, Entertainment, Sports, and Media",0.1567062398038242,0.030359577625096317,0.19136490768439965,0.15962001612275292,0.3482183686866809,1,Z2,01-Z2,8,690.16
27-3043.05,"Poets, Lyricists and Creative Writers","Arts, Design, Entertainment, Sports, and Media",0.10954528800796584,-0.025700961719057745,6.052738281291157,0.11251981851226324,0.24546713250003618,34,Z1,34-Z1,16,1305.62
27-3091.00,Interpreters and Translators,"Arts, Design, Entertainment, Sports, and Media",0.10043395999781286,0.015698382761902687,0.15505094237033504,0.10165342858055246,0.2217616056654581,0,Z1,00-Z1,17,1197.57
27-3092.00,Court Reporters and Simultaneous Captioners,"Arts, Design, Entertainment, Sports, and Media",0.04085727327240051,-0.08935203682522068,5.141265386996061,0.09825020745052504,0.21433732305376588,29,Z1,29-Z1,14,1141.04
27-4011.00,Audio and Video Technicians,"Arts, Design, Entertainment, Sports, and Media",-0.030984792606245284,-0.026276930875630235,3.844958761965606,0.04062677035028359,0.08862915842274242,22,Z1,22-Z1,29,1889.32
27-4012.00,Broadcast Technicians,"Arts, Design, Entertainment, Sports, and Media",-0.07531261133937246,0.007457852831645052,3.0428891579091615,0.07568096851662147,0.1651014956496389,17,Z1,17-Z1,27,1755.92
27-4014.00,Sound Engineering Technicians,"Arts, Design, Entertainment, Sports, and Media",-0.08854788138186906,0.00909362326683492,3.0392541830796533,0.08901360166478309,0.19418724490542424,17,Z1,17-Z1,14,1300.0
27-4021.00,Photographers,"Arts, Design, Entertainment, Sports, and Media",-0.0513818720581136,-0.016451992561874785,3.4514684861572404,0.05395150447811755,0.1176976756042583,19,Z1,19-Z1,28,2345.02
27-4031.00,"Camera Operators, Television, Video, and Film","Arts, Design, Entertainment, Sports, and Media",-0.09001668688290547,0.0001201203539121231,3.1402582311979805,0.09001676702856234,0.19637569604697502,17,Z1,17-Z1,21,1436.81
27-4032.00,Film and Video Editors,"Arts, Design, Entertainment, Sports, and Media",-0.04946093903577545,0.003175335531560302,3.0774817819529012,0.049562760678141055,0.10812343019485843,17,Z1,17-Z1,22,1587.0
29-1011.00,Chiropractors,Healthcare Practitioners and Technical,0.12624915913855292,0.017242815543979217,0.13573783078634938,0.1274212104442402,0.27797520082226607,0,Z1,00-Z1,11,1088.1
29-1021.00,"Dentists, General",Healthcare Practitioners and Technical,0.017810890801237548,-0.016064985415303056,5.549279893686368,0.023985653785700906,0.05232580121228115,31,Z1,31-Z1,20,1830.88
29-1022.00,Oral and Maxillofacial Surgeons,Healthcare Practitioners and Technical,0.012118226406702142,-0.059706518891110824,4.91263214497895,0.06092388537625179,0.13290824355924044,28,Z1,28-Z1,14,1185.27
29-1023.00,Orthodontists,Healthcare Practitioners and Technical,0.05028789251301,-0.007828077190566067,6.128759433507368,0.05089352538291593,0.1110265542883064,35,Z1,35-Z1,11,1090.8
29-1024.00,Prosthodontists,Healthcare Practitioners and Technical,-0.02071194578488464,-0.023638950832962465,3.9928917745381844,0.03142904221701987,0.06856389365215367,22,Z1,22-Z1,12,1135.98
29-1031.00,Dietitians and Nutritionists,Healthcare Practitioners and Technical,0.1865474938228074,0.06023284065270482,0.3123151113621163,0.196030514320257,0.4276495364899331,1,Z2,01-Z2,28,2103.11
29-1041.00,Optometrists,Healthcare Practitioners and Technical,0.09602015472601617,0.0009163012393935823,0.009542511456968496,0.09602452666672927,0.20948189858648203,0,Z1,00-Z1,10,1000.0
29-1051.00,Pharmacists,Healthcare Practitioners and Technical,0.1256571484081283,-0.013068116541261667,6.179559633514896,0.12633485115358462,0.27560525832264376,35,Z1,35-Z1,20,1466.7
29-1071.00,Physician Assistants,Healthcare Practitioners and Technical,0.1288031835751555,0.011086448467232215,0.08586116542730789,0.1292794238798727,0.2820289784558306,0,Z1,00-Z1,12,1127.02
29-1071.01,Anesthesiologist Assistants,Healthcare Practitioners and Technical,0.05492955381656023,0.01400502251109004,0.24964455909976166,0.05668682861143782,0.12366491035758395,1,Z1,01-Z1,16,1132.67
29-1081.00,Podiatrists,Healthcare Practitioners and Technical,0.03333487004525845,-0.06503562884325646,5.186036561843718,0.07308109591386873,0.15942975460791686,29,Z1,29-Z1,11,1031.8
29-1122.00,Occupational Therapists,Healthcare Practitioners and Technical,0.15452896379793726,-0.00343902766038123,6.260934073605002,0.15456722668053882,0.3371954773249109,35,Z2,35-Z2,17,1645.44
29-1122.01,"Low Vision Therapists, Orientation and Mobility Specialists, and Vision Rehabilitation Therapists",Healthcare Practitioners and Technical,0.17748770890038426,-0.00853011998284727,6.235161917228231,0.1776925709128812,0.38764447388253215,35,Z2,35-Z2,21,1908.68
29-1123.00,Physical Therapists,Healthcare Practitioners and Technical,0.14189933599181112,0.032877433731477286,0.22767807888952396,0.1456583234960659,0.3177602973954777,1,Z1,01-Z1,24,2264.73
29-1124.00,Radiation Therapists,Healthcare Practitioners and Technical,0.021425188364112002,-0.010947935244824503,5.810788908498645,0.024060257325360237,0.052488552247580166,33,Z1,33-Z1,22,1875.19
29-1125.00,Recreational Therapists,Healthcare Practitioners and Technical,0.21520045743518823,0.008260651808238874,0.03836701002739651,0.21535894513256518,0.4698153926915723,0,Z2,00-Z2,11,1055.28
29-1126.00,Respiratory Therapists,Healthcare Practitioners and Technical,0.053830161440645,0.016284211844950002,0.29375879900250707,0.05623932641966042,0.12268866385047544,1,Z1,01-Z1,22,1994.76
29-1127.00,Speech-Language Pathologists,Healthcare Practitioners and Technical,0.19945026557303414,0.021130536137913936,0.10555015868782709,0.2005664677722314,0.43754492649083715,0,Z2,00-Z2,23,2005.18
29-1128.00,Exercise Physiologists,Healthcare Practitioners and Technical,0.11095478872012575,0.07500798822801621,0.5944521186479984,0.133929695877882,0.29217375959562725,3,Z1,03-Z1,25,2335.2599999999998
29-1129.01,Art Therapists,Healthcare Practitioners and Technical,0.19711940474405015,0.014965661336075112,0.07577643494155824,0.19768669845458686,0.4312625779587273,0,Z2,00-Z2,25,2365.66
29-1129.02,Music Therapists,Healthcare Practitioners and Technical,0.1822552543036303,0.05812536894314836,0.308725562811559,0.19129959810741387,0.41732882630554924,1,Z2,01-Z2,30,2930.7400000000002
29-1131.00,Veterinarians,Healthcare Practitioners and Technical,0.11445541095914893,0.022753299625562523,0.19623778274086412,0.1166951316108701,0.2545757690687413,1,Z1,01-Z1,21,1700.81
29-1141.00,Registered Nurses,Healthcare Practitioners and Technical,0.15139157221270905,0.015075687383819213,0.09925354333220096,0.1521403447055729,0.3319011232530015,0,Z2,00-Z2,27,1869.94
29-1141.01,Acute Care Nurses,Healthcare Practitioners and Technical,0.15615399485712214,0.012237506062220092,0.07820834474222856,0.15663277646923393,0.3417015686994876,0,Z2,00-Z2,27,2405.37
29-1141.02,Advanced Practice Psychiatric Nurses,Healthcare Practitioners and Technical,0.20418508878761074,0.03456491735993699,0.1676925139716979,0.20709003837776396,0.4517763942569097,0,Z2,00-Z2,24,2184.97
29-1141.03,Critical Care Nurses,Healthcare Practitioners and Technical,0.11336696385525231,0.05090769235875785,0.4220655128624228,0.12427252968798863,0.2711062096826218,2,Z1,02-Z1,29,2816.82
29-1141.04,Clinical Nurse Specialists,Healthcare Practitioners and Technical,0.24346786035039217,0.041600116790363434,0.16923066398035963,0.24699629296928718,0.5388337145842617,0,Z2,00-Z2,30,2841.91
29-1151.00,Nurse Anesthetists,Healthcare Practitioners and Technical,0.04588167237791077,0.010555212029079627,0.2261186346044399,0.04708014827050534,0.10270749763409863,1,Z1,01-Z1,24,2377.79
29-1161.00,Nurse Midwives,Healthcare Practitioners and Technical,0.1832084816449776,-0.010231748229078212,6.227395692203716,0.183493968343598,0.4003004878242532,35,Z2,35-Z2,21,2030.31
29-1171.00,Nurse Practitioners,Healthcare Practitioners and Technical,0.20767093424986752,0.017226259345826434,0.08276031663892505,0.20838416672881477,0.45459959446838905,0,Z2,00-Z2,27,2647.8
29-1181.00,Audiologists,Healthcare Practitioners and Technical,0.15937763992149406,0.024830704409019425,0.15455540323122516,0.16130032854397264,0.35188404711733035,0,Z2,00-Z2,22,2140.89
29-1211.00,Anesthesiologists,Healthcare Practitioners and Technical,0.10139890542316617,-0.00021315664696312732,6.281083151026229,0.10139912946752719,0.22120684051477657,35,Z1,35-Z1,18,1652.6399999999999
29-1213.00,Dermatologists,Healthcare Practitioners and Technical,0.13204440359550715,0.03081673429821053,0.22927770812097786,0.135592756567966,0.29580180258544025,1,Z1,01-Z1,18,1644.86
29-1214.00,Emergency Medicine Physicians,Healthcare Practitioners and Technical,0.14095703304780477,0.027910088158430477,0.19547581146723172,0.14369362611699688,0.31347422016706616,1,Z1,01-Z1,17,1700.0
29-1215.00,Family Medicine Physicians,Healthcare Practitioners and Technical,0.1963323796400398,0.015178430037994024,0.07715639411271998,0.19691822676821716,0.4295861218130032,0,Z2,00-Z2,12,1068.97
29-1216.00,General Internal Medicine Physicians,Healthcare Practitioners and Technical,0.1783508985073198,0.026769011071370207,0.14897974654550175,0.18034861505458652,0.3934387557066436,0,Z2,00-Z2,19,1653.26
29-1217.00,Neurologists,Healthcare Practitioners and Technical,0.19217868139984476,0.05598744514102748,0.2834839524961979,0.20016802841113912,0.43667571279376916,1,Z2,01-Z2,24,2260.33
29-1218.00,Obstetricians and Gynecologists,Healthcare Practitioners and Technical,0.17682458507621324,0.016788975036555732,0.09466328230766842,0.17761982876400106,0.3874857835563871,0,Z2,00-Z2,15,1347.66
29-1221.00,"Pediatricians, General",Healthcare Practitioners and Technical,0.209365931563002,0.013070477825636665,0.06234795313019609,0.20977352237552313,0.45763053738253057,0,Z2,00-Z2,17,1342.56
29-1222.00,"Physicians, Pathologists",Healthcare Practitioners and Technical,0.14001590003820139,0.13439969029082027,0.7649349462671363,0.19408175858069715,0.4233982366775306,4,Z2,04-Z2,19,1508.23
29-1223.00,Psychiatrists,Healthcare Practitioners and Technical,0.22103368381207553,0.034394073600094624,0.1543676138493289,0.2236936335221575,0.48799789677241195,0,Z2,00-Z2,12,1127.22
29-1224.00,Radiologists,Healthcare Practitioners and Technical,0.14343051982312627,0.0828918148128601,0.5240283138937877,0.16566039653369694,0.3613957349345852,3,Z2,03-Z2,17,1495.58
29-1229.01,Allergists and Immunologists,Healthcare Practitioners and Technical,0.18228514826378592,0.040740389381747844,0.2198844799097233,0.18678237230672184,0.40747429153281317,1,Z2,01-Z2,16,1494.83
29-1229.02,Hospitalists,Healthcare Practitioners and Technical,0.1955919389740396,-0.04888938498599395,6.038248025989011,0.20160947040239247,0.43982028445177923,34,Z2,34-Z2,14,1364.0
29-1229.03,Urologists,Healthcare Practitioners and Technical,0.08186468377825952,0.018746431678792804,0.22511168058455125,0.08398366002266199,0.1832141970649727,1,Z1,01-Z1,14,1370.7
29-1229.04,Physical Medicine and Rehabilitation Physicians,Healthcare Practitioners and Technical,0.11937070633872872,0.07124776433905226,0.5381084944426798,0.13901657978500312,0.3032710295926057,3,Z1,03-Z1,15,1398.51
29-1229.05,Preventive Medicine Physicians,Healthcare Practitioners and Technical,0.22413501214412956,0.13163318339301988,0.5310245813888841,0.25993037267512525,0.5670500012695531,3,Z2,03-Z2,15,1452.6299999999999
29-1229.06,Sports Medicine Physicians,Healthcare Practitioners and Technical,0.16030220592402156,0.0447796759182991,0.27240154377905856,0.16643922794658508,0.3630947912977251,1,Z2,01-Z2,27,2554.86
29-1241.00,"Ophthalmologists, Except Pediatric",Healthcare Practitioners and Technical,0.14134477298426085,0.024344379274637548,0.17056062849069747,0.1434259169475295,0.3128902003646705,0,Z1,00-Z1,18,1647.66
29-1291.00,Acupuncturists,Healthcare Practitioners and Technical,0.1038506708769784,0.008633455837906456,0.08294264041887195,0.10420891709111832,0.22733652077925226,0,Z1,00-Z1,18,1727.6
29-1292.00,Dental Hygienists,Healthcare Practitioners and Technical,0.02973386393916229,-0.018973236627309292,5.715219791800886,0.03527160859485269,0.07694662802445336,32,Z1,32-Z1,16,1410.02
29-1299.01,Naturopathic Physicians,Healthcare Practitioners and Technical,0.14562962454681963,0.02032612258986011,0.13867819623604427,0.14704128265621758,0.3207772860815205,0,Z1,00-Z1,20,1839.5
29-1299.02,Orthoptists,Healthcare Practitioners and Technical,0.13759823521918663,0.06740430051844867,0.455505267331745,0.15322080166810234,0.33425818955375186,2,Z2,02-Z2,16,1500.01
29-2011.00,Medical and Clinical Laboratory Technologists,Healthcare Practitioners and Technical,0.011252500825241657,0.16388388243777025,1.502242497023856,0.1642697345760897,0.3583619422434467,8,Z2,08-Z2,15,1270.1100000000001
29-2011.01,Cytogenetic Technologists,Healthcare Practitioners and Technical,0.02382253033134667,0.07182154877842178,1.250524988840814,0.07566933209906872,0.16507611027231592,7,Z1,07-Z1,30,2804.78
29-2011.02,Cytotechnologists,Healthcare Practitioners and Technical,0.026819179724307467,0.09119899873615152,1.2847858107124603,0.09506064260019112,0.20737914139220334,7,Z1,07-Z1,13,1235.06
29-2011.04,Histotechnologists,Healthcare Practitioners and Technical,-0.025202938783512464,0.026097536552784562,2.338757866100595,0.03628042912438334,0.07914741616884649,13,Z1,13-Z1,16,1476.2
29-2012.00,Medical and Clinical Laboratory Technicians,Healthcare Practitioners and Technical,-0.036563992266569305,0.17386984786528845,1.7780712238402525,0.17767287223199912,0.38760150030886226,10,Z2,10-Z2,13,785.36
29-2012.01,Histology Technicians,Healthcare Practitioners and Technical,-0.09201441183396544,-0.021167944299583547,3.3677088268081565,0.09441786828254953,0.20597689980772235,19,Z1,19-Z1,8,772.0
29-2031.00,Cardiovascular Technologists and Technicians,Healthcare Practitioners and Technical,-0.00947724027296106,0.05848806984896075,1.7314372581047381,0.05925092740074493,0.1292586091884209,9,Z1,09-Z1,21,1402.36
29-2032.00,Diagnostic Medical Sonographers,Healthcare Practitioners and Technical,0.025749483030215594,0.011108284623654971,0.40727760527397944,0.028043356853334984,0.06117786611709774,2,Z1,02-Z1,20,1768.4
29-2033.00,Nuclear Medicine Technologists,Healthcare Practitioners and Technical,0.002189404898844551,0.08112561148581211,1.5438150375977824,0.08115514976117051,0.17704367250925127,8,Z1,08-Z1,17,1431.95
29-2034.00,Radiologic Technologists and Technicians,Healthcare Practitioners and Technical,-0.007248747345567061,0.0020522707515335525,2.8656924352495636,0.00753366798561402,0.01643504141836534,16,Z1,16-Z1,27,2489.67
29-2035.00,Magnetic Resonance Imaging Technologists,Healthcare Practitioners and Technical,-0.008588201033046108,0.04210421599756633,1.7720109174752947,0.04297117873358531,0.09374359258080497,10,Z1,10-Z1,24,2130.22
29-2036.00,Medical Dosimetrists,Healthcare Practitioners and Technical,0.004822775697717241,0.07149565645569284,1.503442855198118,0.07165813322617988,0.15632549639616494,8,Z1,08-Z1,19,1632.63
29-2051.00,Dietetic Technicians,Healthcare Practitioners and Technical,0.16079277641491138,0.016718926521442766,0.10360578896856523,0.1616596407618336,0.35266790316115204,0,Z2,00-Z2,13,1021.25
29-2052.00,Pharmacy Technicians,Healthcare Practitioners and Technical,-0.016936019856819452,-0.13050805568326931,4.583340239924176,0.1316023607950021,0.28709657162363456,26,Z1,26-Z1,21,1489.01
29-2053.00,Psychiatric Technicians,Healthcare Practitioners and Technical,0.152171205328903,-0.08289120898332679,5.784402290283507,0.17328308705112772,0.37802498307939114,33,Z2,33-Z2,16,1267.25
29-2055.00,Surgical Technologists,Healthcare Practitioners and Technical,-0.08308286282485118,-0.09240179241944484,3.980044940072441,0.12426123022688618,0.27108155939121276,22,Z1,22-Z1,16,1388.65
29-2056.00,Veterinary Technologists and Technicians,Healthcare Practitioners and Technical,0.00508446275574118,-0.06520869977205677,4.790203693271388,0.06540662265762356,0.14268754004903536,27,Z1,27-Z1,31,2920.91
29-2057.00,Ophthalmic Medical Technicians,Healthcare Practitioners and Technical,-0.014173289499845686,0.018499303283557856,2.224555212469717,0.023304642396387257,0.05084014370638615,12,Z1,12-Z1,20,1824.65
29-2061.00,Licensed Practical and Licensed Vocational Nurses,Healthcare Practitioners and Technical,0.02927841085135323,-0.08205675625008205,5.055114871622682,0.08712368557554265,0.19006430648243902,28,Z1,28-Z1,22,1747.52
29-2081.00,"Opticians, Dispensing",Healthcare Practitioners and Technical,-0.0275894341728175,-0.07252413729840491,4.348877403728049,0.07759463492313187,0.16927624647645936,24,Z1,24-Z1,21,2011.23
29-2091.00,Orthotists and Prosthetists,Healthcare Practitioners and Technical,-0.0013321225907491979,0.026656847314375183,1.6207277883119884,0.026690111639682136,0.05822569976492254,9,Z1,09-Z1,15,1442.86
29-2092.00,Hearing Aid Specialists,Healthcare Practitioners and Technical,0.05941458593912156,0.015329447847567915,0.25250143541881853,0.06136028840894219,0.13386027674295162,1,Z1,01-Z1,11,916.59
29-2099.01,Neurodiagnostic Technologists,Healthcare Practitioners and Technical,0.022414459216465517,0.11284323010062632,1.3747149390351046,0.11504782727852575,0.25098209929427945,7,Z1,07-Z1,16,1548.3799999999999
29-2099.05,Ophthalmic Medical Technologists,Healthcare Practitioners and Technical,0.015730201249596704,0.04459204350054958,1.2316665845551118,0.047285194034789785,0.1031548143508839,7,Z1,07-Z1,31,2837.63
29-2099.08,Patient Representatives,Healthcare Practitioners and Technical,0.2618761851599244,-0.01878409728438456,6.211579019696466,0.26254900240660645,0.5727626618458406,35,Z2,35-Z2,13,971.21
29-9091.00,Athletic Trainers,Healthcare Practitioners and Technical,0.09631130782562616,-0.02862800115011516,5.99425845902833,0.10047601935254757,0.2191930335614608,34,Z1,34-Z1,23,2071.15
29-9092.00,Genetic Counselors,Healthcare Practitioners and Technical,0.22797222470379602,0.07862869956628689,0.3321284153844879,0.24115100586952457,0.5260819533213175,1,Z2,01-Z2,19,1839.12
29-9093.00,Surgical Assistants,Healthcare Practitioners and Technical,-0.07526484477240737,-0.07556741967236281,3.9289968499484145,0.10665473160883948,0.2326721770594527,22,Z1,22-Z1,28,2246.52
29-9099.01,Midwives,Healthcare Practitioners and Technical,0.14938447214118586,0.001010131097094333,0.006761852067226602,0.14938788733272204,0.32589651155369764,0,Z1,00-Z1,36,3422.92
31-1121.00,Home Health Aides,Healthcare Support,0.07433434112847868,-0.13740311049646747,5.208291978111536,0.15622166637540866,0.34080471321920514,29,Z2,29-Z2,15,1149.31
31-1122.00,Personal Care Aides,Healthcare Support,0.13307806186842877,-0.1161423413235572,5.565637622423067,0.1766318600897783,0.3853304846884379,31,Z2,31-Z2,11,892.75
31-1131.00,Nursing Assistants,Healthcare Support,0.025968754069416993,-0.10342351047621123,4.958394579715554,0.10663394725480642,0.23262683504012832,28,Z1,28-Z1,33,2579.25
31-1132.00,Orderlies,Healthcare Support,-0.04898707610974469,-0.13119067542407012,4.355018590112898,0.14003830527397007,0.30549997049648375,24,Z1,24-Z1,22,1321.15
31-1133.00,Psychiatric Aides,Healthcare Support,0.12035310435303916,-0.13443882777516947,5.442560120723166,0.18044020655323806,0.39363856675177894,31,Z2,31-Z2,17,1448.55
31-2011.00,Occupational Therapy Assistants,Healthcare Support,0.12272619361558712,-0.05434267850164762,5.866338281408243,0.13421939243680106,0.29280574589415864,33,Z1,33-Z1,22,2078.64
31-2012.00,Occupational Therapy Aides,Healthcare Support,0.10077968563219153,-0.08580909181902849,5.577848730986858,0.13236217463811106,0.2887541402881402,31,Z1,31-Z1,15,1171.92
31-2021.00,Physical Therapist Assistants,Healthcare Support,0.029542933501723816,-0.050410429288159954,5.242486519605762,0.05842941297757363,0.12746643788536016,30,Z1,30-Z1,21,1903.13
31-2022.00,Physical Therapist Aides,Healthcare Support,-0.01848494742583271,-0.10412973246436433,4.536700760918695,0.10575771586241776,0.23071529616511036,25,Z1,25-Z1,19,1462.43
31-9011.00,Massage Therapists,Healthcare Support,0.09929721142034446,-0.04400549828474319,5.8660261023961455,0.10861132572225202,0.23694057664306456,33,Z1,33-Z1,14,1299.99
31-9091.00,Dental Assistants,Healthcare Support,-0.022017735084927385,-0.1048950553957113,4.505490163283974,0.10718093722644612,0.23382011869113276,25,Z1,25-Z1,16,1361.45
31-9092.00,Medical Assistants,Healthcare Support,0.037371982197004695,-0.11204192540208859,5.034337718535561,0.11811036407166146,0.25766316343681495,28,Z1,28-Z1,20,1725.8700000000001
31-9093.00,Medical Equipment Preparers,Healthcare Support,-0.10502001499656377,-0.019041872820001894,3.3209605864429355,0.10673235905933873,0.23284152489460996,19,Z1,19-Z1,15,1198.7
31-9094.00,Medical Transcriptionists,Healthcare Support,0.09164725699922971,-0.03219623154757182,5.945347484800748,0.09713813381647661,0.21191128353745603,34,Z1,34-Z1,15,1237.26
31-9095.00,Pharmacy Aides,Healthcare Support,-0.03694739363887025,-0.1872513374392886,4.517577013945497,0.19086166003026367,0.4163734443521121,25,Z2,25-Z2,14,1014.78
31-9096.00,Veterinary Assistants and Laboratory Animal Caretakers,Healthcare Support,0.014558813227045985,-0.0784796893406363,4.895814391813427,0.07981867376487028,0.17412808897201698,28,Z1,28-Z1,28,2381.32
31-9097.00,Phlebotomists,Healthcare Support,0.005870809454482163,0.02433126718616457,1.3340351457482487,0.025029521899855897,0.05460304726615671,7,Z1,07-Z1,23,1819.25
31-9099.01,Speech-Language Pathology Assistants,Healthcare Support,0.11951109274965219,-0.001878041500438071,6.267472230749689,0.11952584795806025,0.2607511063013553,35,Z1,35-Z1,11,902.98
31-9099.02,Endoscopy Technicians,Healthcare Support,-0.033735113875724976,-0.005496098946124902,3.3030929804045677,0.03417989192249921,0.07456499815152672,18,Z1,18-Z1,12,1126.6100000000001
33-1011.00,First-Line Supervisors of Correctional Officers,Protective Service,0.09084033082238659,-0.0689143701223962,5.63418265131326,0.11402261228934922,0.24874554588602996,32,Z1,32-Z1,23,2151.12
33-1012.00,First-Line Supervisors of Police and Detectives,Protective Service,0.13848043123840578,-0.05963396572558458,5.8765548416711395,0.15077479797411444,0.32892212057686965,33,Z1,33-Z1,20,1635.21
33-1021.00,First-Line Supervisors of Firefighting and Prevention Workers,Protective Service,0.026556209206957934,0.014422344541335492,0.49752060206244847,0.030219799296367058,0.06592587489107413,2,Z1,02-Z1,25,2112.52
33-1091.00,First-Line Supervisors of Security Workers,Protective Service,0.06570549625333144,-0.036148950474420065,5.780214419367035,0.07499305873411637,0.1636007889833564,33,Z1,33-Z1,21,1815.11
33-2011.00,Firefighters,Protective Service,-0.046818196894583136,-0.01477584389693166,3.4472996305089847,0.049094491781934625,0.10710188017184429,19,Z1,19-Z1,27,2581.51
33-2021.00,Fire Inspectors and Investigators,Protective Service,0.05155821034885387,0.10142094098062313,1.1004841973547825,0.11377370664512826,0.24820254683432658,6,Z1,06-Z1,30,2394.14
33-2022.00,Forest Fire Inspectors and Prevention Specialists,Protective Service,-0.0016541911386521871,0.015475013976371589,1.677286279286623,0.01556317467267175,0.033951777651343835,9,Z1,09-Z1,16,1499.98
33-3011.00,Bailiffs,Protective Service,0.062090457027810755,-0.16843193077824,5.06557061957189,0.17951194990754304,0.3916135324062247,29,Z2,29-Z2,15,1198.47
33-3012.00,Correctional Officers and Jailers,Protective Service,0.062101264050742254,-0.11832481715528981,5.195708338584632,0.13363131875250195,0.2915228362441764,29,Z1,29-Z1,27,2206.64
33-3021.00,Detectives and Criminal Investigators,Protective Service,0.08656555778011704,0.027989245257469136,0.3127207366938619,0.09097798439109069,0.1984726357044396,1,Z1,01-Z1,30,2816.14
33-3021.02,Police Identification and Records Officers,Protective Service,0.04373555936174599,0.02058095226533878,0.4398334583717586,0.048336060543169634,0.10544732772197696,2,Z1,02-Z1,16,1310.43
33-3021.06,Intelligence Analysts,Protective Service,0.10350170130241002,0.1332532686066922,0.9104068506439618,0.16872769709463994,0.3680871914545615,5,Z2,05-Z2,21,1721.74
33-3031.00,Fish and Game Wardens,Protective Service,0.10776194286560424,0.03088232672418045,0.27909907402196155,0.11209975215881961,0.24455073852959694,1,Z1,01-Z1,24,2071.0
33-3041.00,Parking Enforcement Workers,Protective Service,-0.016364333202761205,-0.09750343895424332,4.54610532287117,0.09886714322298812,0.21568319666968094,26,Z1,26-Z1,22,1731.75
33-3051.00,Police and Sheriff's Patrol Officers,Protective Service,0.09138595291569765,-0.03639248527654554,5.904207071092718,0.09836567173009948,0.21458921366279873,33,Z1,33-Z1,30,2670.2200000000003
33-3051.04,Customs and Border Protection Officers,Protective Service,0.0515517486254555,0.015097616121038257,0.2848965874690978,0.05371704383973849,0.11718618899373943,1,Z1,01-Z1,11,929.22
33-3052.00,Transit and Railroad Police,Protective Service,0.05492314903734954,0.01887758794802929,0.33105952811644695,0.058076807995227235,0.12669721398270728,1,Z1,01-Z1,12,954.61
33-9011.00,Animal Control Workers,Protective Service,0.09210135787129663,-0.06671959391164606,5.656260751033583,0.11372846755967307,0.2481038556994631,32,Z1,32-Z1,16,1461.98
33-9021.00,Private Detectives and Investigators,Protective Service,0.09481536909117505,0.07419605619914187,0.6639985696481704,0.12039521988601529,0.26264768094085217,3,Z1,03-Z1,14,1019.55
33-9031.00,Gambling Surveillance Officers and Gambling Investigators,Protective Service,0.06889593926803479,0.0708746980490742,0.7995544027675443,0.0988426692839291,0.2156298056518031,4,Z1,04-Z1,8,758.76
33-9032.00,Security Guards,Protective Service,-0.008740894805917686,-0.06851075067715405,4.585490278422414,0.06906610022547446,0.15067085780501507,26,Z1,26-Z1,14,1209.78
33-9091.00,Crossing Guards and Flaggers,Protective Service,0.03638579704414545,-0.08572227648221419,5.1138033359668045,0.09312483509693273,0.20315608874974725,29,Z1,29-Z1,12,832.37
33-9092.00,"Lifeguards, Ski Patrol, and Other Recreational Protective Service Workers",Protective Service,0.045659047434016165,-0.02155166418031431,5.842176910392034,0.05048982908985513,0.1101458723536148,33,Z1,33-Z1,15,1207.52
33-9093.00,Transportation Security Screeners,Protective Service,-0.027132347456090732,-0.04734029396210198,4.191957934736006,0.05456434468493379,0.11903461455631958,24,Z1,24-Z1,26,2192.18
33-9099.02,Retail Loss Prevention Specialists,Protective Service,0.08841313274275936,0.06279203817963762,0.6175466027905947,0.10844225237490161,0.23657173539976162,3,Z1,03-Z1,21,1963.33
35-1011.00,Chefs and Head Cooks,Food Preparation and Serving Related,0.027652631766390913,-0.020650892159498436,5.641737510772395,0.034512713463169566,0.0752910635709594,32,Z1,32-Z1,21,2054.17
35-1012.00,First-Line Supervisors of Food Preparation and Serving Workers,Food Preparation and Serving Related,0.03592878854288476,-0.07810330054004548,5.143541144829257,0.08597094510012086,0.18754955039093615,29,Z1,29-Z1,26,1841.95
35-2011.00,"Cooks, Fast Food",Food Preparation and Serving Related,-0.08411048031826199,-0.1646568216634444,4.240120561723421,0.1848957593339449,0.4033585590095292,24,Z2,24-Z2,19,1807.85
35-2012.00,"Cooks, Institution and Cafeteria",Food Preparation and Serving Related,-0.023639158646710512,-0.09232784135242893,4.4617384344185504,0.09530603396597528,0.2079144738846988,25,Z1,25-Z1,17,1295.83
35-2013.00,"Cooks, Private Household",Food Preparation and Serving Related,0.045486414072121395,-0.1479247938232373,5.010709385572527,0.15476032596498288,0.3376167322493056,28,Z2,28-Z2,13,1236.3
35-2014.00,"Cooks, Restaurant",Food Preparation and Serving Related,-0.04945157653310558,-0.09862810413850712,4.247626494470055,0.11033114405083363,0.24069243901824183,24,Z1,24-Z1,20,1594.33
35-2015.00,"Cooks, Short Order",Food Preparation and Serving Related,-0.07991573134326133,-0.21753256804282314,4.360321139787776,0.23174758310591678,0.5055679563029452,24,Z2,24-Z2,11,870.3199999999999
35-2021.00,Food Preparation Workers,Food Preparation and Serving Related,-0.08121279483697143,-0.18643652916072825,4.301569704009423,0.2033570688486906,0.44363275042485195,24,Z2,24-Z2,31,2495.11
35-3011.00,Bartenders,Food Preparation and Serving Related,-0.019113000885768464,-0.18934881180885824,4.61178903254072,0.19031100687108404,0.4151721692898778,26,Z2,26-Z2,20,1711.78
35-3023.00,Fast Food and Counter Workers,Food Preparation and Serving Related,-0.04381434668339066,-0.2312902566256475,4.525172918194053,0.2354036528715097,0.513543839782373,25,Z2,25-Z2,27,1979.96
35-3023.01,Baristas,Food Preparation and Serving Related,-0.05696274429687758,-0.18017774737846176,4.406184582471401,0.18896765566680518,0.41224158717185866,25,Z2,25-Z2,19,1754.76
35-3031.00,Waiters and Waitresses,Food Preparation and Serving Related,0.006333764980376965,-0.2227581245719694,4.740814695324159,0.22284815153293885,0.4861534391273678,27,Z2,27-Z2,25,2187.96
35-3041.00,"Food Servers, Nonrestaurant",Food Preparation and Serving Related,-0.04499594523379797,-0.18596879434452263,4.474996979273953,0.19133485714170928,0.41740574550216414,25,Z2,25-Z2,14,1239.53
35-9011.00,Dining Room and Cafeteria Attendants and Bartender Helpers,Food Preparation and Serving Related,-0.08464943416358749,-0.2549959110492353,4.391871432344034,0.2686790675807199,0.5861356795081821,25,Z2,25-Z2,23,1748.15
35-9021.00,Dishwashers,Food Preparation and Serving Related,-0.12836070940236666,-0.20957188752119507,4.1628361554633235,0.24575770131874863,0.5361316702260667,23,Z2,23-Z2,13,1042.34
35-9031.00,"Hosts and Hostesses, Restaurant, Lounge, and Coffee Shop",Food Preparation and Serving Related,0.07495921940859479,-0.21805360002858845,5.0434985686445994,0.23057809319138164,0.5030166605436353,28,Z2,28-Z2,20,1469.09
37-1011.00,First-Line Supervisors of Housekeeping and Janitorial Workers,Building and Grounds Cleaning and Maintenance,0.04041774821106176,-0.04811005197677951,5.41111344669125,0.06283447677558247,0.13707628611719944,31,Z1,31-Z1,26,2085.57
37-1012.00,"First-Line Supervisors of Landscaping, Lawn Service, and Groundskeeping Workers",Building and Grounds Cleaning and Maintenance,-0.0005417248924152898,-0.007814330237365955,4.643175171146712,0.007833085146841837,0.0170882336556056,26,Z1,26-Z1,28,2568.72
37-2011.00,"Janitors and Cleaners, Except Maids and Housekeeping Cleaners",Building and Grounds Cleaning and Maintenance,-0.14707078657333605,-0.1203401025139521,3.8273606889957805,0.1900304095042903,0.41456003329530705,21,Z2,21-Z2,21,1441.57
37-2012.00,Maids and Housekeeping Cleaners,Building and Grounds Cleaning and Maintenance,-0.09927150412511912,-0.19340786321913947,4.2381775184620345,0.2173969481990419,0.47426138963121184,24,Z2,24-Z2,20,1305.7
37-2021.00,Pest Control Workers,Building and Grounds Cleaning and Maintenance,-0.05711344883041832,0.007167127128891053,3.016755908637649,0.05756139112796439,0.12557280850354832,17,Z1,17-Z1,13,962.79
37-3011.00,Landscaping and Groundskeeping Workers,Building and Grounds Cleaning and Maintenance,-0.0947246518915052,-0.10415107465759013,3.974353927723512,0.14078425348133844,0.30712729064219035,22,Z1,22-Z1,26,1838.99
37-3012.00,"Pesticide Handlers, Sprayers, and Applicators, Vegetation",Building and Grounds Cleaning and Maintenance,-0.15786813881670061,-0.05340872331653998,3.467817508946959,0.16665785603970723,0.3635717384863379,19,Z2,19-Z2,10,848.5
37-3013.00,Tree Trimmers and Pruners,Building and Grounds Cleaning and Maintenance,-0.14699194979143987,-0.09116048695743231,3.69671357332612,0.1729649319538656,0.3773309131773259,21,Z2,21-Z2,24,1673.65
39-1013.00,First-Line Supervisors of Gambling Services Workers,Personal Care and Service,-0.00854541164543739,-0.0944672744034822,4.6221755499725585,0.09485299148373118,0.20692614098043768,26,Z1,26-Z1,28,2325.65
39-1022.00,First-Line Supervisors of Personal Service Workers,Personal Care and Service,0.10379585972732595,-0.054917491155535784,5.796536381342747,0.1174287500203978,0.2561761911963008,33,Z1,33-Z1,17,1530.47
39-2011.00,Animal Trainers,Personal Care and Service,0.06841995163019589,-0.027636074818787965,5.89930560215271,0.07379053064227138,0.16097741892856238,33,Z1,33-Z1,15,999.3
39-2021.00,Animal Caretakers,Personal Care and Service,0.03229803474836935,-0.10221516853251864,5.018441854844358,0.10719656583462953,0.23385421321498173,28,Z1,28-Z1,22,1401.22
39-3011.00,Gambling Dealers,Personal Care and Service,-0.008776669590477706,-0.1425383320801383,4.650892520031864,0.14280828421799696,0.31154280630501874,26,Z1,26-Z1,21,1691.73
39-3012.00,Gambling and Sports Book Writers and Runners,Personal Care and Service,-0.013208464490815607,-0.12024281361773564,4.602979376741105,0.12096610170173563,0.263893085742905,26,Z1,26-Z1,18,947.62
39-3021.00,Motion Picture Projectionists,Personal Care and Service,-0.12055427280229036,-0.04477378704606595,3.4972029207139648,0.12860025154460433,0.2805473329304824,20,Z1,20-Z1,17,1217.99
39-3031.00,"Ushers, Lobby Attendants, and Ticket Takers",Personal Care and Service,0.06336118117155332,-0.178309272119277,5.053816900976852,0.1892322271790954,0.4128187620315568,28,Z2,28-Z2,23,1490.24
39-3091.00,Amusement and Recreation Attendants,Personal Care and Service,-0.01282724869649858,-0.15250676996978538,4.628477111149879,0.1530452651856269,0.33387524868544877,26,Z2,26-Z2,17,1012.74
39-3092.00,Costume Attendants,Personal Care and Service,-0.02172862649448171,-0.10068277061538067,4.499836101252255,0.10300074518238231,0.22470083847967406,25,Z1,25-Z1,21,1526.14
39-3093.00,"Locker Room, Coatroom, and Dressing Room Attendants",Personal Care and Service,-6.071587352458169e-05,-0.16883265132541905,4.712029358768666,0.16883266224278945,0.36831617772799646,26,Z2,26-Z2,23,1382.18
39-4011.00,Embalmers,Personal Care and Service,-0.047665131029100194,-0.1411428664020581,4.386706051138961,0.1489740697309787,0.3249937495210082,25,Z1,25-Z1,26,2362.55
39-4021.00,Funeral Attendants,Personal Care and Service,0.007718705464921111,-0.21963023543475188,4.747518615394847,0.21976582703227257,0.47942920719545534,27,Z2,27-Z2,24,1685.81
39-4031.00,"Morticians, Undertakers, and Funeral Arrangers",Personal Care and Service,0.06518222143350709,-0.17024988940553934,5.078034526944105,0.1823012529677323,0.3976985246583551,29,Z2,29-Z2,22,2066.93
39-5011.00,Barbers,Personal Care and Service,-0.021856873944961545,-0.16681566117457733,4.582107015943777,0.16824145669767998,0.36702643578035615,26,Z2,26-Z2,18,1442.05
39-5012.00,"Hairdressers, Hairstylists, and Cosmetologists",Personal Care and Service,-0.03542758915758619,-0.13704015964609348,4.459407932919763,0.14154546771036333,0.3087879143126471,25,Z1,25-Z1,22,1716.41
39-5091.00,"Makeup Artists, Theatrical and Performance",Personal Care and Service,-0.02548182033822184,-0.027844109100109458,3.971260937475892,0.037744106550933416,0.08234049544635282,22,Z1,22-Z1,22,1950.97
39-5092.00,Manicurists and Pedicurists,Personal Care and Service,-0.055554933358673224,-0.14119286664359265,4.337525931068389,0.15172928593887852,0.3310043797452036,24,Z2,24-Z2,18,1645.25
39-5093.00,Shampooers,Personal Care and Service,0.051914564737020455,-0.11019448342544241,5.152664895024006,0.12181110872672653,0.26573650723175407,29,Z1,29-Z1,4,316.45
39-5094.00,Skincare Specialists,Personal Care and Service,0.03530978703841861,-0.07231594708882096,5.166609519747148,0.08047594214454172,0.17556195001600106,29,Z1,29-Z1,18,1605.38
39-6011.00,Baggage Porters and Bellhops,Personal Care and Service,0.012787815610009592,-0.21417794424157002,4.772024684039949,0.21455936247952612,0.46807106654855707,27,Z2,27-Z2,17,1274.21
39-6012.00,Concierges,Personal Care and Service,0.08212119318562316,-0.21390304919062986,5.078955003410529,0.22912530376036483,0.4998473339265719,29,Z2,29-Z2,18,1581.81
39-7011.00,Tour Guides and Escorts,Personal Care and Service,0.13296263947639697,-0.11052806591348936,5.589665026685674,0.1729032008122087,0.3771962438672539,32,Z2,32-Z2,19,1115.91
39-7012.00,Travel Guides,Personal Care and Service,0.094747367570614,-0.09922917490105537,5.474686360502639,0.13719873473580313,0.2993053174411248,31,Z1,31-Z1,17,1096.22
39-9011.00,Childcare Workers,Personal Care and Service,0.1375788138715985,-0.15148227278771456,5.449725496584329,0.20463335259738943,0.4464170218198094,31,Z2,31-Z2,24,1887.62
39-9011.01,Nannies,Personal Care and Service,0.163175790384416,-0.1364472065501371,5.586759015400459,0.21270679054255565,0.4640295961024541,32,Z2,32-Z2,19,1860.0
39-9031.00,Exercise Trainers and Group Fitness Instructors,Personal Care and Service,0.12517604893052792,-0.05935468383439327,5.840414676402744,0.13853527247217115,0.302221035667142,33,Z1,33-Z1,20,1585.71
39-9032.00,Recreation Workers,Personal Care and Service,0.15720708124518934,-0.07225136947801965,5.852382036860099,0.1730153946476465,0.37744099985276147,33,Z2,33-Z2,24,1842.3
39-9041.00,Residential Advisors,Personal Care and Service,0.17631086456451966,-0.1287527892709275,5.652437893766348,0.2183181204310175,0.4762709690040853,32,Z2,32-Z2,30,2243.12
41-1011.00,First-Line Supervisors of Retail Sales Workers,Sales and Related,0.064277139053106,-0.08388143153646094,5.36623170539673,0.10567707964103809,0.23053938455860923,30,Z1,30-Z1,21,1714.13
41-1012.00,First-Line Supervisors of Non-Retail Sales Workers,Sales and Related,0.08870731317544579,-0.053322211487805346,5.74195534259776,0.1034999789794996,0.2257899398508439,32,Z1,32-Z1,18,1185.8
41-2011.00,Cashiers,Sales and Related,0.014316094054859257,-0.1760807610708741,4.793514673147343,0.1766617812892359,0.3853957591541181,27,Z2,27-Z2,28,1847.36
41-2012.00,Gambling Change Persons and Booth Cashiers,Sales and Related,-0.008355727659071483,-0.13360869963715308,4.649931522094519,0.1338697232515387,0.2920429265671739,26,Z1,26-Z1,13,939.92
41-2021.00,Counter and Rental Clerks,Sales and Related,-0.0011689455504129231,-0.17767305363332936,4.705809880961903,0.1776768989516976,0.3876102847821296,26,Z2,26-Z2,16,1290.88
41-2022.00,Parts Salespersons,Sales and Related,-0.10787885213455586,-0.08656143971752585,3.817792189716972,0.1383138806622106,0.3017380593037906,21,Z1,21-Z1,19,1734.45
41-2031.00,Retail Salespersons,Sales and Related,0.005668279815924265,-0.16468688996438097,4.746793923766171,0.16478440800698269,0.3594847258821484,27,Z2,27-Z2,24,1712.33
41-3011.00,Advertising Sales Agents,Sales and Related,0.12493103439352064,-0.0640921532930146,5.809175818866917,0.1404121343345023,0.30631549569682015,33,Z1,33-Z1,20,1837.79
41-3021.00,Insurance Sales Agents,Sales and Related,0.139581344573929,-0.02451389303539245,6.109333837214501,0.14171761607089137,0.3091634638378963,35,Z1,35-Z1,19,1423.99
41-3031.00,"Securities, Commodities, and Financial Services Sales Agents",Sales and Related,0.10898666806757934,-0.021594345342672152,6.087581257778445,0.11110539846133177,0.24238151044124426,34,Z1,34-Z1,26,2131.98
41-3041.00,Travel Agents,Sales and Related,0.07281539945583823,-0.13519327030118608,5.206439425963258,0.15355553631387847,0.3349884284995081,29,Z2,29-Z2,8,773.38
41-4011.00,"Sales Representatives, Wholesale and Manufacturing, Technical and Scientific Products",Sales and Related,0.06670880548867904,0.02141122084635876,0.31057845741199447,0.07006072443143849,0.15284067601998585,1,Z1,01-Z1,33,2356.95
41-4011.07,Solar Sales Representatives and Assessors,Sales and Related,0.0363231823423636,0.054997423808200725,0.9871082330597933,0.06590971249380048,0.14378505354584928,5,Z1,05-Z1,13,1183.1200000000001
41-4012.00,"Sales Representatives, Wholesale and Manufacturing, Except Technical and Scientific Products",Sales and Related,0.07902500730277175,-0.08068307129942151,5.4874056750121,0.11293675120841162,0.24637669025370335,31,Z1,31-Z1,18,1321.27
41-9011.00,Demonstrators and Product Promoters,Sales and Related,0.054711034270845005,-0.0789787136368498,5.318220008488177,0.09607775225678993,0.2095980126465699,30,Z1,30-Z1,21,1502.74
41-9012.00,Models,Sales and Related,0.035781263041821644,-0.10880898247087153,5.030094388063638,0.11454123035490085,0.24987693492572877,28,Z1,28-Z1,10,485.44
41-9021.00,Real Estate Brokers,Sales and Related,0.07959479331461927,-0.01904080308043183,6.048376352224367,0.08184059692319419,0.17853900685627477,34,Z1,34-Z1,17,1386.45
41-9022.00,Real Estate Sales Agents,Sales and Related,0.11188382137043316,-0.0549752439549303,5.8264734893742425,0.12466060697892939,0.2719528180495312,33,Z1,33-Z1,33,2722.38
41-9031.00,Sales Engineers,Sales and Related,0.06887474270276198,0.023183422890790378,0.3246900736902002,0.07267187405939719,0.15853701840818216,1,Z1,01-Z1,25,1889.18
41-9041.00,Telemarketers,Sales and Related,0.08434426933876717,-0.13843254926130938,5.2596045346406,0.16210344371812507,0.35363607961678717,30,Z2,30-Z2,12,914.5
41-9091.00,"Door-to-Door Sales Workers, News and Street Vendors, and Related Workers",Sales and Related,0.03329181952670193,-0.16286228186680424,4.914028028289705,0.16623016604172927,0.3626387131865223,28,Z2,28-Z2,12,1054.17
43-1011.00,First-Line Supervisors of Office and Administrative Support Workers,Office and Administrative Support,0.1135168267068721,-0.019751102602239355,6.1109171464033025,0.11522228950859385,0.25136269663180283,35,Z1,35-Z1,28,2123.07
43-2011.00,"Switchboard Operators, Including Answering Service",Office and Administrative Support,0.017142720030551443,-0.16068649983760327,4.818671236830548,0.16159834182350372,0.3525341767224137,27,Z2,27-Z2,19,1340.71
43-2021.00,Telephone Operators,Office and Administrative Support,0.02457968376932405,-0.1360781037908751,4.891091339151075,0.1382801908644913,0.30166456346856796,28,Z1,28-Z1,14,849.99
43-3011.00,Bill and Account Collectors,Office and Administrative Support,0.09569969398109898,-0.11463943437256825,5.407985493462425,0.14933395910287242,0.3257788646527604,30,Z1,30-Z1,15,1300.93
43-3021.00,Billing and Posting Clerks,Office and Administrative Support,-0.05358397826251385,-0.06534140920110505,4.025534519611986,0.08450291404930255,0.1843469734828858,23,Z1,23-Z1,23,1509.71
43-3031.00,"Bookkeeping, Accounting, and Auditing Clerks",Office and Administrative Support,-0.01158748324107813,-0.06783165054223107,4.5431950780658035,0.06881426148078336,0.15012146006043023,26,Z1,26-Z1,28,1807.19
43-3041.00,Gambling Cage Workers,Office and Administrative Support,0.019772416101903587,-0.1305190621506655,4.862736445703898,0.132008234679493,0.28798200407366803,27,Z1,27-Z1,17,1373.57
43-3051.00,Payroll and Timekeeping Clerks,Office and Administrative Support,0.05207984523579587,-0.08253854984667161,5.275274117182934,0.09759570938609927,0.21290950557924773,30,Z1,30-Z1,21,1588.69
43-3061.00,Procurement Clerks,Office and Administrative Support,0.02634915336101646,-0.04763916581998005,5.217608000598322,0.054440499656651944,0.11876444096051506,29,Z1,29-Z1,19,1586.22
43-3071.00,Tellers,Office and Administrative Support,-0.0169692763346031,-0.12024530369252918,4.572192625755061,0.12143677119978402,0.26491987278867846,26,Z1,26-Z1,28,2138.32
43-4011.00,Brokerage Clerks,Office and Administrative Support,0.02432923311707633,-0.123506945298545,4.906885523281754,0.12588040801110723,0.2746138698139956,28,Z1,28-Z1,10,620.11
43-4021.00,Correspondence Clerks,Office and Administrative Support,0.07192239848171554,-0.0763256459928714,5.4680939808144045,0.10487342675621791,0.22878617901872747,31,Z1,31-Z1,17,1111.61
43-4031.00,"Court, Municipal, and License Clerks",Office and Administrative Support,0.11486070251511288,-0.07872078652266468,5.68235342603042,0.13924777633058347,0.3037753954353336,32,Z1,32-Z1,27,2189.6
43-4051.00,Customer Service Representatives,Office and Administrative Support,0.062095378194405616,-0.012132327995070061,6.090233912888787,0.06326949798825833,0.1380253047973228,34,Z1,34-Z1,13,878.74
43-4061.00,"Eligibility Interviewers, Government Programs",Office and Administrative Support,0.1385284364604799,-0.03470435450450267,6.0377158616970865,0.14280938319928216,0.31154520378297695,34,Z1,34-Z1,17,1177.14
43-4071.00,File Clerks,Office and Administrative Support,-0.020411863849870787,-0.08793374895176541,4.484300680790438,0.09027174746584762,0.1969319475377042,25,Z1,25-Z1,19,1401.23
43-4081.00,"Hotel, Motel, and Resort Desk Clerks",Office and Administrative Support,0.04143351937745267,-0.1909809550732147,4.926029241498887,0.1954238003127536,0.4263259621219809,28,Z2,28-Z2,20,1796.09
43-4111.00,"Interviewers, Except Eligibility and Loan",Office and Administrative Support,0.1221340050945121,-0.018738555416914163,6.130946255589529,0.12356313632932385,0.2695586356119523,35,Z1,35-Z1,16,1220.61
43-4121.00,"Library Assistants, Clerical",Office and Administrative Support,0.04950764575942593,-0.17494803598980685,4.988163394301561,0.18181810219373526,0.39664450913801097,28,Z2,28-Z2,32,2492.1
43-4131.00,Loan Interviewers and Clerks,Office and Administrative Support,0.062180613281569035,-0.07410378952164275,5.410521875557572,0.09673572395728462,0.21103340801711082,31,Z1,31-Z1,18,1431.1
43-4141.00,New Accounts Clerks,Office and Administrative Support,0.06043907546201463,-0.15178537532605368,5.091332088160582,0.16337589175142728,0.3564119832231013,29,Z2,29-Z2,15,1158.74
43-4151.00,Order Clerks,Office and Administrative Support,-0.0010965274669040394,-0.10344749536191787,4.701789531858413,0.10345330670954744,0.225688122158424,26,Z1,26-Z1,19,1298.68
43-4161.00,"Human Resources Assistants, Except Payroll and Timekeeping",Office and Administrative Support,0.13173612111171712,-0.06758649755681986,5.809156608276874,0.14806194736514516,0.32300391284520596,33,Z1,33-Z1,19,1301.62
43-4171.00,Receptionists and Information Clerks,Office and Administrative Support,0.06653203825970204,-0.16584722164795343,5.093898940052345,0.17869474822539091,0.3898307695450295,29,Z2,29-Z2,18,1244.66
43-4181.00,Reservation and Transportation Ticket Agents and Travel Clerks,Office and Administrative Support,0.05844034659080015,-0.134780943772295,5.121517108107476,0.14690533317005,0.32048070605699114,29,Z1,29-Z1,21,1499.31
43-5011.00,Cargo and Freight Agents,Office and Administrative Support,-0.09375479157044499,-0.13228824235105205,4.09583728484829,0.1621423448909885,0.3537209443053365,23,Z2,23-Z2,24,1509.27
43-5011.01,Freight Forwarders,Office and Administrative Support,-0.013687779653403315,-0.04850448869526324,4.437344957442512,0.050398816805844175,0.10994732489172022,25,Z1,25-Z1,31,2399.62
43-5021.00,Couriers and Messengers,Office and Administrative Support,-0.05084850788722732,-0.18292348773041242,4.441257261647933,0.1898593508832677,0.41418686108665076,25,Z2,25-Z2,15,1193.61
43-5031.00,Public Safety Telecommunicators,Office and Administrative Support,0.06038074915905364,-0.03266218298592614,5.787326849624229,0.06864876594968536,0.14976042398698713,33,Z1,33-Z1,18,1597.32
43-5032.00,"Dispatchers, Except Police, Fire, and Ambulance",Office and Administrative Support,-0.02522181184350453,-0.09330261958792584,4.44837643870589,0.096651531879419,0.21084973914698513,25,Z1,25-Z1,12,948.71
43-5041.00,"Meter Readers, Utilities",Office and Administrative Support,-0.09974302875665328,0.004142866361949657,3.1000811167227273,0.09982902948162692,0.21778159555461624,17,Z1,17-Z1,12,1000.87
43-5051.00,Postal Service Clerks,Office and Administrative Support,-0.04361250306645014,-0.16251358562796261,4.4502042928166485,0.1682638283689583,0.3670752406048798,25,Z2,25-Z2,19,1212.65
43-5052.00,Postal Service Mail Carriers,Office and Administrative Support,-0.007422562334831761,-0.18898936579883413,4.673134129567272,0.18913507029808088,0.412606809850149,26,Z2,26-Z2,21,1836.72
43-5053.00,"Postal Service Mail Sorters, Processors, and Processing Machine Operators",Office and Administrative Support,-0.1533457873861098,-0.16365736516039817,3.959507664644955,0.22427363572277037,0.4892631981114169,22,Z2,22-Z2,14,680.2
43-5061.00,"Production, Planning, and Expediting Clerks",Office and Administrative Support,-0.025167638310679058,0.011735700825506958,2.705265616569893,0.027769348065861482,0.06058010340977874,15,Z1,15-Z1,17,1107.08
43-5071.00,"Shipping, Receiving, and Inventory Clerks",Office and Administrative Support,-0.09615971430482732,-0.09353158250016937,3.913136920117666,0.13414487534070021,0.29264318343943774,22,Z1,22-Z1,11,815.66
43-5111.00,"Weighers, Measurers, Checkers, and Samplers, Recordkeeping",Office and Administrative Support,-0.15539160894559295,-0.001837997654016362,3.1534202674381655,0.15540247863556184,0.3390176176822756,18,Z2,18-Z2,18,1121.32
43-6011.00,Executive Secretaries and Executive Administrative Assistants,Office and Administrative Support,0.13473925309220605,-0.11749451754527844,5.5660489875468375,0.17877255935138173,0.3900005180766758,31,Z2,31-Z2,22,1642.3
43-6012.00,Legal Secretaries and Administrative Assistants,Office and Administrative Support,0.09043151571848596,-0.11676280400033262,5.371379764454327,0.1476868695353885,0.3221856633976683,30,Z1,30-Z1,14,1044.22
43-6013.00,Medical Secretaries and Administrative Assistants,Office and Administrative Support,0.07590665863668927,-0.11951238568360052,5.278244162503067,0.14158047590389206,0.3088642862886521,30,Z1,30-Z1,15,1134.22
43-6014.00,"Secretaries and Administrative Assistants, Except Legal, Medical, and Executive",Office and Administrative Support,0.06482781817296432,-0.1293466525295437,5.176991654450032,0.14468311072708326,0.3156328261184644,29,Z1,29-Z1,31,2261.36
43-9021.00,Data Entry Keyers,Office and Administrative Support,-0.0770174043982938,-0.03397543696712421,3.5570539943438564,0.0841784467506817,0.18363913322473777,20,Z1,20-Z1,9,679.35
43-9022.00,Word Processors and Typists,Office and Administrative Support,-0.04279163585807228,-0.08489962353970239,4.245525589924199,0.09507402472070406,0.2074083351004097,24,Z1,24-Z1,19,1605.58
43-9031.00,Desktop Publishers,Office and Administrative Support,-0.06540119508078002,-0.026094109410981666,3.521223903848975,0.07041462109495816,0.15361271778421992,20,Z1,20-Z1,18,1337.65
43-9041.00,Insurance Claims and Policy Processing Clerks,Office and Administrative Support,0.05071606982859405,-0.04204253544775051,5.591022560815482,0.06587635786634068,0.1437122888998836,32,Z1,32-Z1,21,1567.58
43-9051.00,"Mail Clerks and Mail Machine Operators, Except Postal Service",Office and Administrative Support,-0.1554350469878543,-0.1522966026201742,3.916792530375398,0.21761045241845284,0.47472715885487754,22,Z2,22-Z2,26,1441.8899999999999
43-9061.00,"Office Clerks, General",Office and Administrative Support,0.01642347128773609,-0.13215089300395708,4.836033188034482,0.13316752205730345,0.29051104253228943,27,Z1,27-Z1,20,1432.4
43-9071.00,"Office Machine Operators, Except Computer",Office and Administrative Support,-0.14811039646905222,-0.1123537021758021,3.7905628897471155,0.1859033187837933,0.40555659605089406,21,Z2,21-Z2,18,1469.75
43-9081.00,Proofreaders and Copy Markers,Office and Administrative Support,-0.006550172280388437,0.01243186674289226,2.0557204032675074,0.014051906191538559,0.030654876310705622,11,Z1,11-Z1,11,887.03
43-9111.00,Statistical Assistants,Office and Administrative Support,0.05438549510877807,0.07504459810503841,0.9436789071090257,0.09267941401936926,0.20218438228851915,5,Z1,05-Z1,14,1044.56
45-1011.00,"First-Line Supervisors of Farming, Fishing, and Forestry Workers","Farming, Fishing, and Forestry",-0.00980705422913298,-0.016126510544853874,4.166011191938318,0.01887439151354126,0.0411753486965236,23,Z1,23-Z1,27,2389.46
45-2011.00,Agricultural Inspectors,"Farming, Fishing, and Forestry",0.003006373813957459,0.1445733563263254,1.55000452490025,0.14460461141667613,0.31546157628102556,8,Z1,08-Z1,16,771.45
45-2021.00,Animal Breeders,"Farming, Fishing, and Forestry",-0.011098727578631394,-0.047232846569475156,4.481596910518916,0.048519311092803594,0.10584709718074835,25,Z1,25-Z1,21,1278.01
45-2041.00,"Graders and Sorters, Agricultural Products","Farming, Fishing, and Forestry",-0.1705765805164514,-0.03785283146971942,3.359965070003552,0.17472609041285278,0.38117296093852676,19,Z2,19-Z2,5,398.0
45-2091.00,Agricultural Equipment Operators,"Farming, Fishing, and Forestry",-0.23684027982986375,-0.07157324280613929,3.4350669990922897,0.24741876896402734,0.539755365297444,19,Z2,19-Z2,17,1100.83
45-2092.00,"Farmworkers and Laborers, Crop, Nursery, and Greenhouse","Farming, Fishing, and Forestry",-0.06774559996158623,-0.05990426113003016,3.865639413684574,0.09043222222023582,0.19728203055702606,22,Z1,22-Z1,26,1577.92
45-2093.00,"Farmworkers, Farm, Ranch, and Aquacultural Animals","Farming, Fishing, and Forestry",-0.0654059254426859,-0.08605255038235074,4.062474430312564,0.10808781851032613,0.23579852170684432,23,Z1,23-Z1,19,1328.18
45-3031.00,Fishing and Hunting Workers,"Farming, Fishing, and Forestry",-0.105838766527246,-0.04833599081698332,3.5699998268818214,0.11635382463962404,0.2538311922942515,20,Z1,20-Z1,29,1770.48
45-4011.00,Forest and Conservation Workers,"Farming, Fishing, and Forestry",-0.11069422666204484,-0.025603566257557584,3.368895303820274,0.1136166995710283,0.24786002871821944,19,Z1,19-Z1,17,921.2
45-4021.00,Fallers,"Farming, Fishing, and Forestry",-0.18602218360509443,-0.051513371868588696,3.411743538671193,0.19302300452142737,0.42108851625327126,19,Z2,19-Z2,18,1492.03
45-4022.00,Logging Equipment Operators,"Farming, Fishing, and Forestry",-0.22409775725049497,-0.05395635204767406,3.3778669836439557,0.2305018280426303,0.502850284632074,19,Z2,19-Z2,9,706.02
45-4023.00,Log Graders and Scalers,"Farming, Fishing, and Forestry",-0.13156361060540342,0.008112936897430941,3.080005131424922,0.13181351744275666,0.2875572195123172,17,Z1,17-Z1,12,775.81
47-1011.00,First-Line Supervisors of Construction Trades and Extraction Workers,Construction and Extraction,-0.05839911749550683,0.017513979335633142,2.850226285091125,0.06096881495012837,0.1330062594804333,16,Z1,16-Z1,15,1426.87
47-1011.03,Solar Energy Installation Managers,Construction and Extraction,-0.020855602273534026,0.1489804291513925,1.7098813544828197,0.15043312273673282,0.3281767404129548,9,Z1,09-Z1,15,1285.79
47-2011.00,Boilermakers,Construction and Extraction,-0.29318861906196814,0.05114215611959589,2.9688959148694973,0.2976156690767893,0.6492621996843793,17,Z2,17-Z2,18,1454.79
47-2021.00,Brickmasons and Blockmasons,Construction and Extraction,-0.20984068348201065,-0.0494245680494905,3.37291039255036,0.21558269960986223,0.47030352332182357,19,Z2,19-Z2,14,1246.3899999999999
47-2022.00,Stonemasons,Construction and Extraction,-0.24651319140103495,-0.10346378214235892,3.53897317556499,0.26734529685394653,0.583225997640202,20,Z2,20-Z2,16,1374.31
47-2031.00,Carpenters,Construction and Extraction,-0.18571045938863587,-0.052668574332336765,3.41794192850544,0.19303459132637096,0.4211137933984173,19,Z2,19-Z2,29,2030.17
47-2041.00,Carpet Installers,Construction and Extraction,-0.1653143595262084,-0.12235061754773383,3.7787333023102097,0.2056660182914823,0.4486698292817456,21,Z2,21-Z2,16,1505.93
47-2042.00,"Floor Layers, Except Carpet, Wood, and Hard Tiles",Construction and Extraction,-0.20454081533933494,-0.08996537604327565,3.5559660611870894,0.2234518158939146,0.4874703605518815,20,Z2,20-Z2,14,1244.1299999999999
47-2043.00,Floor Sanders and Finishers,Construction and Extraction,-0.22033174391409768,-0.09929560061722555,3.564998684211935,0.2416726994887157,0.5272200518220048,20,Z2,20-Z2,7,691.96
47-2044.00,Tile and Stone Setters,Construction and Extraction,-0.1722368303475539,-0.09716339335466449,3.6552169616754213,0.19775300436748194,0.43140722734157694,20,Z2,20-Z2,25,2056.72
47-2051.00,Cement Masons and Concrete Finishers,Construction and Extraction,-0.2260320735975188,-0.07827113777707252,3.4749525736234363,0.23920047931329827,0.5218267903913324,19,Z2,19-Z2,26,1998.62
47-2053.00,Terrazzo Workers and Finishers,Construction and Extraction,-0.24376269998813616,-0.10415091187028974,3.54537896869895,0.26508049032118325,0.5782852185613221,20,Z2,20-Z2,26,2055.96
47-2061.00,Construction Laborers,Construction and Extraction,-0.21697253885148748,-0.04561146783051536,3.348793342506388,0.2217148813528636,0.4836811583760391,19,Z2,19-Z2,27,1502.52
47-2071.00,"Paving, Surfacing, and Tamping Equipment Operators",Construction and Extraction,-0.2721825028938201,-0.0973302671060554,3.4850148120096973,0.28906140485454035,0.6306006808777678,19,Z2,19-Z2,20,1484.15
47-2072.00,Pile Driver Operators,Construction and Extraction,-0.2777964550796727,-0.04930690976243879,3.317256154996442,0.28213833806335836,0.6154976939035002,19,Z2,19-Z2,5,489.65
47-2073.00,Operating Engineers and Other Construction Equipment Operators,Construction and Extraction,-0.21267460589788856,-0.04678716003740906,3.358137337753224,0.2177602496742423,0.4750539484224505,19,Z2,19-Z2,26,1974.1200000000001
47-2081.00,Drywall and Ceiling Tile Installers,Construction and Extraction,-0.17895078992871677,-0.08136767625777767,3.568342442657724,0.1965809857430322,0.4288504150858856,20,Z2,20-Z2,26,2113.62
47-2082.00,Tapers,Construction and Extraction,-0.19919753115210073,-0.0719799917763482,3.48834267263145,0.21180362516542367,0.46205929950733704,19,Z2,19-Z2,16,1514.35
47-2111.00,Electricians,Construction and Extraction,-0.1981218278023001,0.05152883537600929,2.887143467000715,0.20471316402940998,0.4465911341105848,16,Z2,16-Z2,21,1952.55
47-2121.00,Glaziers,Construction and Extraction,-0.22953201663397224,-0.07517196271783232,3.4580849471013777,0.2415279914190264,0.5269043645467683,19,Z2,19-Z2,27,2212.0099999999998
47-2131.00,"Insulation Workers, Floor, Ceiling, and Wall",Construction and Extraction,-0.22782446810532944,-0.055446012141805716,3.3803231872687967,0.2344744091151645,0.5115166520097695,19,Z2,19-Z2,10,844.69
47-2132.00,"Insulation Workers, Mechanical",Construction and Extraction,-0.18539910887470218,0.006335295489508687,3.107434822850265,0.18550731937169773,0.40469270521420375,17,Z2,17-Z2,9,860.29
47-2141.00,"Painters, Construction and Maintenance",Construction and Extraction,-0.17744072039196215,-0.07550893013272555,3.5439244427749634,0.19283881295788802,0.42068669392960856,20,Z2,20-Z2,17,1446.6200000000001
47-2142.00,Paperhangers,Construction and Extraction,-0.19058350712302405,-0.09974204890549784,3.623745995395857,0.2151059030040284,0.4692633697100665,20,Z2,20-Z2,20,1558.98
47-2151.00,Pipelayers,Construction and Extraction,-0.23438238837969827,-0.014924557480252919,3.2051829055996843,0.2348570765349707,0.5123514584952668,18,Z2,18-Z2,14,1229.14
47-2152.00,"Plumbers, Pipefitters, and Steamfitters",Construction and Extraction,-0.21252673039586775,0.044650020909531435,2.934512999958358,0.2171663774620267,0.4737583890185031,16,Z2,16-Z2,30,2515.18
47-2152.04,Solar Thermal Installers and Technicians,Construction and Extraction,-0.16836992886421012,0.060534369661922806,2.7964514807212644,0.17892133147309602,0.39032507126735816,16,Z2,16-Z2,21,1776.35
47-2161.00,Plasterers and Stucco Masons,Construction and Extraction,-0.13633778291455237,-0.1130026678694117,3.8336752592173378,0.17708075557682765,0.38630977073293327,21,Z2,21-Z2,15,1204.06
47-2171.00,Reinforcing Iron and Rebar Workers,Construction and Extraction,-0.2736543778457708,-0.0748328656847854,3.4085243301755224,0.2837017382758749,0.6189083230014716,19,Z2,19-Z2,7,683.31
47-2181.00,Roofers,Construction and Extraction,-0.1340517590396918,-0.050885335986788884,3.50438544821349,0.14338476739223027,0.3128004307269613,20,Z1,20-Z1,27,2187.92
47-2211.00,Sheet Metal Workers,Construction and Extraction,-0.23790638229149805,-0.01408293944335792,3.2007189558789277,0.23832283969102439,0.5199121793983853,18,Z2,18-Z2,19,1524.99
47-2221.00,Structural Iron and Steel Workers,Construction and Extraction,-0.2829816727210044,-0.06716635399402626,3.3746326463812713,0.29084350810157084,0.6344884206524272,19,Z2,19-Z2,19,1555.54
47-2231.00,Solar Photovoltaic Installers,Construction and Extraction,-0.10639889547504808,0.13648446801898306,2.2329538455268794,0.17305702808246481,0.37753182509578176,12,Z2,12-Z2,26,2428.73
47-3011.00,"Helpers--Brickmasons, Blockmasons, Stonemasons, and Tile and Marble Setters",Construction and Extraction,-0.24759950871746164,-0.10286877746904312,3.535358906334628,0.2681184478828413,0.5849126619857508,20,Z2,20-Z2,15,1326.68
47-3012.00,Helpers--Carpenters,Construction and Extraction,-0.2427538435213452,-0.11134629616864714,3.571641254833641,0.26707194950960655,0.5826296779013436,20,Z2,20-Z2,18,1548.3
47-3013.00,Helpers--Electricians,Construction and Extraction,-0.26358340641909245,-0.051385052825276493,3.3341258168265746,0.2685454073212739,0.5858440935364909,19,Z2,19-Z2,25,2029.24
47-3014.00,"Helpers--Painters, Paperhangers, Plasterers, and Stucco Masons",Construction and Extraction,-0.21371757796970609,-0.1481945864061604,3.7478842436012196,0.2600708337613627,0.567356423556066,21,Z2,21-Z2,11,730.78
47-3015.00,"Helpers--Pipelayers, Plumbers, Pipefitters, and Steamfitters",Construction and Extraction,-0.25848684109448256,-0.055050419626451554,3.351429462649445,0.2642839301207182,0.5765474860368913,19,Z2,19-Z2,15,1214.66
47-3016.00,Helpers--Roofers,Construction and Extraction,-0.1672155448451399,-0.10005427292031661,3.6808017857998996,0.1948637882405815,0.42510427016283053,21,Z2,21-Z2,18,1593.17
47-4011.00,Construction and Building Inspectors,Construction and Extraction,-0.04130688005349909,0.1866831942705481,1.788555071998727,0.19119851820244155,0.41710831586787706,10,Z2,10-Z2,19,1351.83
47-4011.01,Energy Auditors,Construction and Extraction,-0.02296648320528508,0.23208566494557598,1.6694321231809415,0.23321924282539122,0.5087784493177009,9,Z2,09-Z2,21,1929.18
47-4021.00,Elevator and Escalator Installers and Repairers,Construction and Extraction,-0.20554037448778012,0.02487347636334568,3.021163218455289,0.20703993665709716,0.45166709506083913,17,Z2,17-Z2,20,1649.42
47-4031.00,Fence Erectors,Construction and Extraction,-0.18801863675729238,-0.09578046249616139,3.612747868625174,0.21100925279250016,0.46032633982879356,20,Z2,20-Z2,20,1851.4
47-4041.00,Hazardous Materials Removal Workers,Construction and Extraction,-0.14525956922790684,0.0008359697419321447,3.1358377107834388,0.1452619747135722,0.31689564439127815,17,Z1,17-Z1,21,1333.3799999999999
47-4051.00,Highway Maintenance Workers,Construction and Extraction,-0.17239252803843122,-0.06987444183108851,3.526678314163862,0.1860151105278479,0.4058004748556512,20,Z2,20-Z2,19,1291.45
47-4061.00,Rail-Track Laying and Maintenance Equipment Operators,Construction and Extraction,-0.2771417490999734,-0.06307663455141711,3.365377592205511,0.28422915212997707,0.6200589004563501,19,Z2,19-Z2,26,1842.59
47-4071.00,Septic Tank Servicers and Sewer Pipe Cleaners,Construction and Extraction,-0.19795498559161592,-0.034411501378439284,3.313707697453777,0.20092368637792607,0.43832421522392356,18,Z2,18-Z2,22,1399.46
47-4091.00,Segmental Pavers,Construction and Extraction,-0.14019072443695743,-0.090691067171297,3.715794010523016,0.16696798759890363,0.3642483046729907,21,Z2,21-Z2,12,1024.3799999999999
47-4099.03,Weatherization Installers and Technicians,Construction and Extraction,-0.0872725304480889,0.03545480213400629,2.7557066732891946,0.09419945628916412,0.20550042405057306,15,Z1,15-Z1,20,1881.8
47-5011.00,"Derrick Operators, Oil and Gas",Construction and Extraction,-0.21354054020472502,-0.05888198976708795,3.410648104289208,0.22150993438186295,0.48323405718132273,19,Z2,19-Z2,15,1354.37
47-5012.00,"Rotary Drill Operators, Oil and Gas",Construction and Extraction,-0.22617190678543775,-0.016257292046045962,3.213349484619451,0.226755443073879,0.4946773744045269,18,Z2,18-Z2,20,1593.93
47-5013.00,"Service Unit Operators, Oil and Gas",Construction and Extraction,-0.20384007200690504,0.024768551985453458,3.020675696539948,0.205339368176773,0.4479572271104245,17,Z2,17-Z2,19,1349.37
47-5022.00,"Excavating and Loading Machine and Dragline Operators, Surface Mining",Construction and Extraction,-0.24322844254215617,-0.05579964987142312,3.367103006043751,0.24954694185114026,0.5443980718265786,19,Z2,19-Z2,16,1208.83
47-5023.00,"Earth Drillers, Except Oil and Gas",Construction and Extraction,-0.22535383846984908,0.00611276613850667,3.1144741113339953,0.22543672820318988,0.49180053757548486,17,Z2,17-Z2,28,1869.32
47-5032.00,"Explosives Workers, Ordnance Handling Experts, and Blasters",Construction and Extraction,-0.19106000381690266,-0.02850594399546406,3.2896990455429083,0.19317482729793597,0.4214197245869721,18,Z2,18-Z2,22,1783.92
47-5041.00,Continuous Mining Machine Operators,Construction and Extraction,-0.2465853023618674,-0.030307222408435763,3.2638869698549984,0.24844081603272833,0.5419850077422258,18,Z2,18-Z2,15,1120.28
47-5043.00,"Roof Bolters, Mining",Construction and Extraction,-0.23422772052264715,-0.04147175120162644,3.316833884643433,0.23787082883145824,0.5189260970261987,19,Z2,19-Z2,14,1358.04
47-5044.00,"Loading and Moving Machine Operators, Underground Mining",Construction and Extraction,-0.23670647815761806,-0.09498464843676838,3.523198618182451,0.25505301456842144,0.5564098213931706,20,Z2,20-Z2,25,1707.89
47-5051.00,"Rock Splitters, Quarry",Construction and Extraction,-0.23956339142925795,-0.0784757044980637,3.458154525272429,0.2520893784147902,0.5499445135209755,19,Z2,19-Z2,9,629.3199999999999
47-5071.00,"Roustabouts, Oil and Gas",Construction and Extraction,-0.26366570609696205,-0.06376656440934367,3.3788826069158278,0.27126698897613866,0.5917813484442701,19,Z2,19-Z2,13,900.22
47-5081.00,Helpers--Extraction Workers,Construction and Extraction,-0.24934217550253948,-0.0452468611538729,3.3211041872099605,0.2534142831977256,0.5528348539268062,19,Z2,19-Z2,14,971.66
49-1011.00,"First-Line Supervisors of Mechanics, Installers, and Repairers","Installation, Maintenance, and Repair",-0.028567153314041447,0.05535926787006604,2.047187116283095,0.062295511777155144,0.1359005093124455,11,Z1,11-Z1,22,1688.26
49-2011.00,"Computer, Automated Teller, and Office Machine Repairers","Installation, Maintenance, and Repair",-0.21585418308816737,0.04888497855089544,2.9188773625718913,0.2213205130225881,0.48282082581897046,16,Z2,16-Z2,25,2106.45
49-2021.00,"Radio, Cellular, and Tower Equipment Installers and Repairers","Installation, Maintenance, and Repair",-0.18380560038605015,0.040729269527866346,2.9235273658916885,0.18826410207352315,0.4107067528165738,16,Z2,16-Z2,18,1319.6
49-2022.00,"Telecommunications Equipment Installers and Repairers, Except Line Installers","Installation, Maintenance, and Repair",-0.15533945376455113,0.0476638695945261,2.84387537654212,0.16248750832169565,0.3544739341225955,16,Z2,16-Z2,39,2866.02
49-2091.00,Avionics Technicians,"Installation, Maintenance, and Repair",-0.20629987427137644,0.10257463206561955,2.6801784790730716,0.23039356168908662,0.5026140966280229,15,Z2,15-Z2,13,1094.63
49-2092.00,"Electric Motor, Power Tool, and Related Repairers","Installation, Maintenance, and Repair",-0.2755506887347405,0.009261622073707,3.1079939832466414,0.275706292466505,0.601465892131646,17,Z2,17-Z2,31,2007.65
49-2093.00,"Electrical and Electronics Installers and Repairers, Transportation Equipment","Installation, Maintenance, and Repair",-0.21933205994282848,0.05460498232677422,2.8975927412176437,0.22602711477535573,0.493088492896176,16,Z2,16-Z2,15,1105.57
49-2094.00,"Electrical and Electronics Repairers, Commercial and Industrial Equipment","Installation, Maintenance, and Repair",-0.18311225175692575,0.1443609444069563,2.4739810273385054,0.23317413881809468,0.508680052862021,14,Z2,14-Z2,20,1716.47
49-2095.00,"Electrical and Electronics Repairers, Powerhouse, Substation, and Relay","Installation, Maintenance, and Repair",-0.1526725533290499,0.12757739807932078,2.445501915603171,0.19895954624169473,0.43403935364625945,14,Z2,14-Z2,15,1114.8
49-2096.00,"Electronic Equipment Installers and Repairers, Motor Vehicles","Installation, Maintenance, and Repair",-0.1650445961626157,0.04722566610124351,2.862900544048083,0.17166823311605162,0.3745021053313584,16,Z2,16-Z2,12,1061.71
49-2097.00,Audiovisual Equipment Installers and Repairers,"Installation, Maintenance, and Repair",-0.14834345030483312,0.03288983563688059,2.9234079635526555,0.151945781568833,0.33147667486784393,16,Z2,16-Z2,11,925.01
49-2098.00,Security and Fire Alarm Systems Installers,"Installation, Maintenance, and Repair",-0.10478104297379945,0.04653795900697557,2.7236185414431766,0.1146509860193629,0.25011637192969266,15,Z1,15-Z1,16,1434.93
49-3011.00,Aircraft Mechanics and Service Technicians,"Installation, Maintenance, and Repair",-0.22568574636924163,0.05934407069778003,2.8844633633240124,0.23335761149194337,0.5090803068949303,16,Z2,16-Z2,38,3059.7799999999997
49-3021.00,Automotive Body and Related Repairers,"Installation, Maintenance, and Repair",-0.24355597491749043,-0.04490979078592513,3.3239365454619096,0.24766187075616786,0.5402857029802749,19,Z2,19-Z2,25,2067.87
49-3022.00,Automotive Glass Installers and Repairers,"Installation, Maintenance, and Repair",-0.21478588698943787,-0.04320634678921744,3.340103428313755,0.21908848817934204,0.4779515614957193,19,Z2,19-Z2,18,1638.24
49-3023.00,Automotive Service Technicians and Mechanics,"Installation, Maintenance, and Repair",-0.18826074515620256,0.05356253254564581,2.8644044451816915,0.1957320951184859,0.4269985213469099,16,Z2,16-Z2,28,2388.0
49-3031.00,Bus and Truck Mechanics and Diesel Engine Specialists,"Installation, Maintenance, and Repair",-0.24484333340539746,0.052109425778909556,2.931893809176316,0.25032708636516804,0.5460999927799364,16,Z2,16-Z2,26,2263.28
49-3041.00,Farm Equipment Mechanics and Service Technicians,"Installation, Maintenance, and Repair",-0.2795775624714562,0.008295602816658825,3.1119294378342435,0.2797006086220993,0.6101796755875395,17,Z2,17-Z2,14,1206.94
49-3042.00,"Mobile Heavy Equipment Mechanics, Except Engines","Installation, Maintenance, and Repair",-0.2836466838022184,0.05319839830670717,2.9561948261171747,0.2885922916752884,0.6295772890126591,16,Z2,16-Z2,20,1864.71
49-3043.00,Rail Car Repairers,"Installation, Maintenance, and Repair",-0.24954622047180383,0.013608441947964392,3.0871138630439754,0.24991699790933236,0.5452053660496738,17,Z2,17-Z2,20,1335.05
49-3051.00,Motorboat Mechanics and Service Technicians,"Installation, Maintenance, and Repair",-0.2742203473939718,0.07435858509271767,2.876796570929266,0.2841232093685088,0.6198277814747291,16,Z2,16-Z2,13,1253.5
49-3052.00,Motorcycle Mechanics,"Installation, Maintenance, and Repair",-0.25675777412505935,0.02476412068668278,3.045440716933701,0.2579492513015682,0.5627280943456757,17,Z2,17-Z2,13,1222.87
49-3053.00,Outdoor Power Equipment and Other Small Engine Mechanics,"Installation, Maintenance, and Repair",-0.25116016348002596,-0.005155600215004113,3.1621169126891684,0.25121307277466737,0.5480328126711282,18,Z2,18-Z2,14,1357.01
49-3091.00,Bicycle Repairers,"Installation, Maintenance, and Repair",-0.19432388358657937,-0.11637947165033563,3.681198763059737,0.226508174584896,0.4941379468818843,21,Z2,21-Z2,14,1312.13
49-3092.00,Recreational Vehicle Service Technicians,"Installation, Maintenance, and Repair",-0.2029520110268796,0.046174299471149836,2.917887224643375,0.20813837875679267,0.4540633967612386,16,Z2,16-Z2,17,1566.85
49-3093.00,Tire Repairers and Changers,"Installation, Maintenance, and Repair",-0.22493399598082994,-0.09663273515367056,3.547357174345423,0.24481255697203005,0.5340697945880222,20,Z2,20-Z2,24,2000.39
49-9011.00,Mechanical Door Repairers,"Installation, Maintenance, and Repair",-0.22933132290005664,-0.09622575332120577,3.5388743851308555,0.24870112839575856,0.5425528910729333,20,Z2,20-Z2,25,2063.21
49-9012.00,"Control and Valve Installers and Repairers, Except Mechanical Door","Installation, Maintenance, and Repair",-0.25076131510806215,0.05868560414838686,2.9117003779221884,0.2575368658832867,0.5618284566867388,16,Z2,16-Z2,32,1540.23
49-9021.00,"Heating, Air Conditioning, and Refrigeration Mechanics and Installers","Installation, Maintenance, and Repair",-0.19241618037193303,0.025601150825043856,3.0093186067763478,0.19411183733222173,0.4234638548502538,17,Z2,17-Z2,28,2455.16
49-9031.00,Home Appliance Repairers,"Installation, Maintenance, and Repair",-0.19622667341048905,0.020628541550739815,3.0368512895229274,0.19730799295582865,0.4304364145852764,17,Z2,17-Z2,29,2443.95
49-9041.00,Industrial Machinery Mechanics,"Installation, Maintenance, and Repair",-0.26566464989226124,0.0650652999119729,2.901405419372404,0.2735163604887516,0.5966884553204529,16,Z2,16-Z2,16,1362.58
49-9043.00,"Maintenance Workers, Machinery","Installation, Maintenance, and Repair",-0.32196731680695245,-0.029011945757014854,3.2314583125819447,0.32327178362559955,0.7052321874843731,18,Z3,18-Z3,18,1654.84
49-9044.00,Millwrights,"Installation, Maintenance, and Repair",-0.34309692889387894,-0.029698974077827244,3.2279388906472075,0.34437992345327983,0.7512805603347594,18,Z3,18-Z3,23,2190.89
49-9045.00,"Refractory Materials Repairers, Except Brickmasons","Installation, Maintenance, and Repair",-0.2692303786162933,-0.08806347796743617,3.4577167881459663,0.28326696404909935,0.6179598431323906,19,Z2,19-Z2,10,587.87
49-9051.00,Electrical Power-Line Installers and Repairers,"Installation, Maintenance, and Repair",-0.19850313315533819,-0.0028916561105400322,3.1561589304436497,0.19852419385945771,0.43308961250458555,18,Z2,18-Z2,23,2153.46
49-9052.00,Telecommunications Line Installers and Repairers,"Installation, Maintenance, and Repair",-0.2082516085812229,-0.0008677768506871135,3.145759592967016,0.20825341657060387,0.4543143570156957,18,Z2,18-Z2,19,1375.07
49-9061.00,Camera and Photographic Equipment Repairers,"Installation, Maintenance, and Repair",-0.23883164017409939,0.09254527121586126,2.771915606886897,0.2561350807145866,0.5587703982016515,15,Z2,15-Z2,15,1157.8
49-9062.00,Medical Equipment Repairers,"Installation, Maintenance, and Repair",-0.15990452662049576,0.09875278721061125,2.588351625723268,0.18794033791495934,0.4100004464906328,14,Z2,14-Z2,20,1676.2
49-9063.00,Musical Instrument Repairers and Tuners,"Installation, Maintenance, and Repair",-0.22786698762003116,-0.022897946587092623,3.2417446627534123,0.22901458469916885,0.49960579522855214,18,Z2,18-Z2,24,1665.6
49-9064.00,Watch and Clock Repairers,"Installation, Maintenance, and Repair",-0.2121640575507291,-0.006310217813736001,3.171326050511843,0.21225787656821096,0.4630502697270781,18,Z2,18-Z2,15,1447.2
49-9071.00,"Maintenance and Repair Workers, General","Installation, Maintenance, and Repair",-0.25789713696315436,0.027782530262637734,3.034279329518707,0.259389287060176,0.5658695982428265,17,Z2,17-Z2,27,2002.37
49-9081.00,Wind Turbine Service Technicians,"Installation, Maintenance, and Repair",-0.18306772515575817,0.1396162016373903,2.490045958567396,0.23023135267238612,0.5022602302361145,14,Z2,14-Z2,12,1062.45
49-9091.00,"Coin, Vending, and Amusement Machine Servicers and Repairers","Installation, Maintenance, and Repair",-0.24218063440841914,-0.04167292003770166,3.3119975799453667,0.2457398867643042,0.5360928069604299,18,Z2,18-Z2,18,1170.5
49-9092.00,Commercial Divers,"Installation, Maintenance, and Repair",-0.15830665870191563,0.06556854792415096,2.7489163098766256,0.17134827885405352,0.3738041104690997,15,Z2,15-Z2,23,1943.35
49-9094.00,Locksmiths and Safe Repairers,"Installation, Maintenance, and Repair",-0.19275192478663614,-0.10626635896019862,3.6454422412296372,0.2201041652391222,0.4801673074745767,20,Z2,20-Z2,14,1333.38
49-9095.00,Manufactured Building and Mobile Home Installers,"Installation, Maintenance, and Repair",-0.2384976309848274,0.004682120171789372,3.121963448939615,0.23854358560790936,0.5203937467164391,17,Z2,17-Z2,14,1065.57
49-9096.00,Riggers,"Installation, Maintenance, and Repair",-0.28415882828362815,-0.09274950429454762,3.457090482772257,0.29891254613750956,0.6520913963317714,19,Z2,19-Z2,14,1190.51
49-9097.00,Signal and Track Switch Repairers,"Installation, Maintenance, and Repair",-0.2103012100789219,0.033588313926165445,2.9832150294719733,0.2129666025297429,0.46459638784036505,17,Z2,17-Z2,12,1033.19
49-9098.00,"Helpers--Installation, Maintenance, and Repair Workers","Installation, Maintenance, and Repair",-0.2906175281430057,-0.015058691573973985,3.193362539002737,0.2910074085927552,0.6348459770733166,18,Z2,18-Z2,16,1311.7
49-9099.01,Geothermal Technicians,"Installation, Maintenance, and Repair",-0.14054658826818772,0.13002532456864158,2.3950601856415448,0.1914678262868414,0.4176958237763572,13,Z2,13-Z2,24,1359.7
51-1011.00,First-Line Supervisors of Production and Operating Workers,Production,-0.030344408949314217,0.03283440633125136,2.316802973669207,0.044708851401136895,0.0975344050133818,13,Z1,13-Z1,20,1773.16
51-2011.00,"Aircraft Structure, Surfaces, Rigging, and Systems Assemblers",Production,-0.2912256930858394,0.017634284048657634,3.0811145450509527,0.2917590997505241,0.6364858257280942,17,Z2,17-Z2,27,1526.41
51-2021.00,"Coil Winders, Tapers, and Finishers",Production,-0.28383177916424457,-0.030537564481146723,3.248770733363894,0.28546982626537026,0.622765487850541,18,Z2,18-Z2,11,795.42
51-2022.00,Electrical and Electronic Equipment Assemblers,Production,-0.21306988406984506,0.02533552034219843,3.0232412598382994,0.21457088359921336,0.4680962003983109,17,Z2,17-Z2,16,1138.05
51-2023.00,Electromechanical Equipment Assemblers,Production,-0.295595037419403,-0.005209891341028056,3.159215926338557,0.29564094627565307,0.6449542515390085,18,Z2,18-Z2,14,1007.91
51-2031.00,Engine and Other Machine Assemblers,Production,-0.30372480488377185,0.01378116926061014,3.096249885389643,0.30403729660664147,0.663271273966385,17,Z3,17-Z3,12,948.6800000000001
51-2041.00,Structural Metal Fabricators and Fitters,Production,-0.32376001399068455,-0.05670202403009902,3.314970246447945,0.3286877944012497,0.7170474628044559,18,Z3,18-Z3,23,1667.36
51-2051.00,Fiberglass Laminators and Fabricators,Production,-0.24379690537443263,-0.04623739677267954,3.329021974493546,0.24814275715898754,0.5413347786712878,19,Z2,19-Z2,16,1183.71
51-2061.00,Timing Device Assemblers and Adjusters,Production,-0.24671619459007502,0.024791462484997417,3.0414430811249775,0.24795866043587345,0.5409331632463523,17,Z2,17-Z2,17,1126.32
51-2092.00,Team Assemblers,Production,-0.15673920275346834,-0.021675222550422975,3.2790095607500005,0.15823082175228448,0.345187777604036,18,Z2,18-Z2,11,778.94
51-3011.00,Bakers,Production,-0.14936958400341074,-0.05264572713315691,3.4804509162542607,0.15837564588891434,0.34550371808461416,19,Z2,19-Z2,18,1465.32
51-3021.00,Butchers and Meat Cutters,Production,-0.1047994194710129,-0.14384173926325292,4.082741808562629,0.17797012186246025,0.38824996397855827,23,Z2,23-Z2,11,841.95
51-3022.00,"Meat, Poultry, and Fish Cutters and Trimmers",Production,-0.1958547028718598,-0.11743058872408514,3.6817033706650677,0.22836157252285183,0.498181219286931,21,Z2,21-Z2,12,794.53
51-3023.00,Slaughterers and Meat Packers,Production,-0.16296400654115106,-0.13085167981109466,3.818128785086505,0.20899624287850144,0.45593486659486226,21,Z2,21-Z2,14,764.86
51-3091.00,"Food and Tobacco Roasting, Baking, and Drying Machine Operators and Tenders",Production,-0.23370602207470392,-0.016651710783017432,3.2127231183048783,0.23429849386196075,0.5111328848357918,18,Z2,18-Z2,19,1282.3899999999999
51-3092.00,Food Batchmakers,Production,-0.18412567887882667,0.023470267064873804,3.0148076493294815,0.18561551405711027,0.40492873687094755,17,Z2,17-Z2,25,1722.52
51-3093.00,Food Cooking Machine Operators and Tenders,Production,-0.23668677801945995,-0.022195180648278093,3.235093706088087,0.23772517101317397,0.518608337830946,18,Z2,18-Z2,17,1374.93
51-4021.00,"Extruding and Drawing Machine Setters, Operators, and Tenders, Metal and Plastic",Production,-0.2631706656967333,-0.02681518424408252,3.243134967917351,0.2645332746353582,0.5770914425044946,18,Z2,18-Z2,16,1053.3
51-4022.00,"Forging Machine Setters, Operators, and Tenders, Metal and Plastic",Production,-0.30263436500152946,-0.039498858918284585,3.2713758028524635,0.3052011119503425,0.6658101903897766,18,Z3,18-Z3,13,995.99
51-4023.00,"Rolling Machine Setters, Operators, and Tenders, Metal and Plastic",Production,-0.29117338973646256,-0.03630912949642775,3.2656516026297173,0.29342851902194217,0.6401277402540284,18,Z2,18-Z2,19,1469.27
51-4031.00,"Cutting, Punching, and Press Machine Setters, Operators, and Tenders, Metal and Plastic",Production,-0.3098886697600682,-0.06529709734339678,3.3492661702364614,0.31669338257554047,0.6908811045947644,19,Z3,19-Z3,31,1860.32
51-4032.00,"Drilling and Boring Machine Tool Setters, Operators, and Tenders, Metal and Plastic",Production,-0.3019415286572578,-0.05052432860938791,3.3073881251032273,0.30613950171337095,0.6678573305944409,18,Z3,18-Z3,17,1476.68
51-4033.00,"Grinding, Lapping, Polishing, and Buffing Machine Tool Setters, Operators, and Tenders, Metal and Plastic",Production,-0.3067107816486883,-0.04150608747340399,3.276101994496581,0.30950647630849215,0.675202539731752,18,Z3,18-Z3,18,1352.1
51-4034.00,"Lathe and Turning Machine Tool Setters, Operators, and Tenders, Metal and Plastic",Production,-0.30660924348993,-0.0358922279610026,3.258124083705689,0.308702899600039,0.6734495003741005,18,Z3,18-Z3,18,1661.17
51-4035.00,"Milling and Planing Machine Setters, Operators, and Tenders, Metal and Plastic",Production,-0.30338155488170176,-0.01953807420415472,3.2059048360482953,0.3040100396139017,0.6632118115895622,18,Z3,18-Z3,15,1233.76
51-4041.00,Machinists,Production,-0.25062999188917534,0.07379840369521513,2.85523386955008,0.2612692045043389,0.5699707241640806,16,Z2,16-Z2,29,2198.71
51-4051.00,Metal-Refining Furnace Operators and Tenders,Production,-0.25574436916224746,0.011280878789227183,3.0975112492163364,0.2559930479221128,0.5584605471660696,17,Z2,17-Z2,15,1099.06
51-4052.00,"Pourers and Casters, Metal",Production,-0.29378002677500537,-0.04512861355880199,3.29401481724849,0.2972260013754896,0.6484121217645015,18,Z2,18-Z2,16,1186.04
51-4061.00,"Model Makers, Metal and Plastic",Production,-0.24414424945650678,0.07123881118184609,2.8576850327436705,0.25432534824764075,0.5548223840195543,16,Z2,16-Z2,16,1283.64
51-4062.00,"Patternmakers, Metal and Plastic",Production,-0.24427901866612522,-0.006530150425176175,3.1683186311466236,0.24436628618747838,0.5330962344521204,18,Z2,18-Z2,15,1043.84
51-4071.00,Foundry Mold and Coremakers,Production,-0.2977708084599207,-0.11308448336591205,3.5045388556966848,0.3185208858913494,0.6948678866967728,20,Z3,20-Z3,13,917.84
51-4072.00,"Molding, Coremaking, and Casting Machine Setters, Operators, and Tenders, Metal and Plastic",Production,-0.30723360675505695,-0.04328097724925404,3.2815448934452625,0.3102671947070322,0.676862081725319,18,Z3,18-Z3,29,1701.01
51-4081.00,"Multiple Machine Tool Setters, Operators, and Tenders, Metal and Plastic",Production,-0.3165333374381119,-0.049362004589050136,3.296292308308146,0.3203591128823387,0.6988780629868557,18,Z3,18-Z3,21,1634.22
51-4111.00,Tool and Die Makers,Production,-0.28599282206657944,0.028873109278041514,3.0409761097135983,0.2874466049773208,0.6270779210594225,17,Z2,17-Z2,17,1489.25
51-4121.00,"Welders, Cutters, Solderers, and Brazers",Production,-0.2836610449555503,-0.01259827045126034,3.1859766005514096,0.2839406713446276,0.6194295664234893,18,Z2,18-Z2,29,2125.55
51-4122.00,"Welding, Soldering, and Brazing Machine Setters, Operators, and Tenders",Production,-0.29485294888358254,-0.011192305808955694,3.1795333792953664,0.2950652964593866,0.6436984451256014,18,Z2,18-Z2,29,2055.75
51-4191.00,"Heat Treating Equipment Setters, Operators, and Tenders, Metal and Plastic",Production,-0.27731383062974235,-0.013320644203266448,3.1895903078962506,0.2776335718542184,0.6056703402998314,18,Z2,18-Z2,23,1323.55
51-4192.00,"Layout Workers, Metal and Plastic",Production,-0.26988043848707544,-0.022948554275013824,3.226420895837081,0.2708543653354868,0.5908811910923321,18,Z2,18-Z2,14,1026.66
51-4193.00,"Plating Machine Setters, Operators, and Tenders, Metal and Plastic",Production,-0.25429334683593796,-0.0032182257815993173,3.1542475422223744,0.25431371025212934,0.5547969951998424,18,Z2,18-Z2,33,1971.94
51-4194.00,"Tool Grinders, Filers, and Sharpeners",Production,-0.3166324058521599,-0.028313128251081135,3.2307750150186947,0.3178957591209563,0.6935041440440891,18,Z3,18-Z3,18,1317.21
51-5111.00,Prepress Technicians and Workers,Production,-0.1355560337580328,0.020259992236190367,2.993232398995081,0.13706168528665996,0.29900633779703467,17,Z1,17-Z1,15,929.0
51-5112.00,Printing Press Operators,Production,-0.17069975718101935,-0.039538689230247316,3.369205839460934,0.17521904875813316,0.38224837212437707,19,Z2,19-Z2,23,1769.25
51-5113.00,Print Binding and Finishing Workers,Production,-0.2277980973020297,-0.11146659011874427,3.596661322400411,0.2536075193032043,0.5532564073325484,20,Z2,20-Z2,25,1668.67
51-6011.00,Laundry and Dry-Cleaning Workers,Production,-0.20970540051847067,-0.08525693875994483,3.527737742268609,0.2263738072598709,0.49384481841428,20,Z2,20-Z2,23,1234.56
51-6021.00,"Pressers, Textile, Garment, and Related Materials",Production,-0.2577907407735678,-0.11985037269279168,3.5767791294461424,0.28428889859293816,0.6201892400990371,20,Z2,20-Z2,28,2085.07
51-6031.00,Sewing Machine Operators,Production,-0.2726636624152059,-0.09752507291109576,3.4850887770279617,0.2895800625871676,0.6317321564530071,19,Z2,19-Z2,26,1825.83
51-6041.00,Shoe and Leather Workers and Repairers,Production,-0.21836262722182195,-0.10118445437486319,3.5755159285800575,0.24066684602236998,0.5250257364617095,20,Z2,20-Z2,26,1572.8
51-6042.00,Shoe Machine Operators and Tenders,Production,-0.28380991231558195,-0.08927475690148545,3.446351577509661,0.2975198288322942,0.6490531198057821,19,Z2,19-Z2,19,1254.5
51-6051.00,"Sewers, Hand",Production,-0.21052198470890632,-0.12783216665421498,3.6873006256724565,0.24629366390000368,0.5373008971203818,21,Z2,21-Z2,11,721.67
51-6052.00,"Tailors, Dressmakers, and Custom Sewers",Production,-0.16111015965706474,-0.08209843063507448,3.6128744414363965,0.1808221110856386,0.3944717089634943,20,Z2,20-Z2,22,1887.3600000000001
51-6061.00,Textile Bleaching and Dyeing Machine Operators and Tenders,Production,-0.22551488740668427,0.006040546200795435,3.1148134805570535,0.22559577265643393,0.4921475003274164,17,Z2,17-Z2,23,1554.54
51-6062.00,"Textile Cutting Machine Setters, Operators, and Tenders",Production,-0.2366127773255448,-0.002868991561873682,3.153717319912262,0.2366301703213053,0.5162195437191844,18,Z2,18-Z2,18,1309.76
51-6063.00,"Textile Knitting and Weaving Machine Setters, Operators, and Tenders",Production,-0.24613443225974152,0.013786104819986265,3.0856406467706186,0.24652021302508428,0.5377951244026438,17,Z2,17-Z2,19,1368.93
51-6064.00,"Textile Winding, Twisting, and Drawing Out Machine Setters, Operators, and Tenders",Production,-0.27592759803714395,-0.034113292288220264,3.264599795372075,0.27802833680991806,0.6065315381134107,18,Z2,18-Z2,23,1474.0
51-6091.00,"Extruding and Forming Machine Setters, Operators, and Tenders, Synthetic and Glass Fibers",Production,-0.28791547368643405,-0.041169818529686444,3.28362257745635,0.29084407153292813,0.6344896498037133,18,Z2,18-Z2,17,1187.82
51-6092.00,Fabric and Apparel Patternmakers,Production,-0.13797805519288608,0.004106308833969552,3.111840841517287,0.13803914476354545,0.3011387103701376,17,Z1,17-Z1,16,1371.04
51-6093.00,Upholsterers,Production,-0.20306745868827117,-0.10643981681602606,3.6243808405231546,0.2292723868719081,0.5001682024642844,20,Z2,20-Z2,22,1500.22
51-7011.00,Cabinetmakers and Bench Carpenters,Production,-0.2282248570215198,-0.038146001299132405,3.3072039618915388,0.2313908009787912,0.5047896197678285,18,Z2,18-Z2,20,1519.35
51-7021.00,Furniture Finishers,Production,-0.18021779971780133,-0.06126905444121505,3.4693063034652134,0.19034797705057474,0.41525282142803077,19,Z2,19-Z2,22,1459.95
51-7031.00,"Model Makers, Wood",Production,-0.22248260284769913,-0.026784154933379982,3.261403696789767,0.2240890437423979,0.4888605022601114,18,Z2,18-Z2,14,1192.4
51-7032.00,"Patternmakers, Wood",Production,-0.20545107043703287,-0.0334390229022485,3.3029369420209482,0.20815453537307263,0.4540986431589095,18,Z2,18-Z2,20,1783.51
51-7041.00,"Sawing Machine Setters, Operators, and Tenders, Wood",Production,-0.29428544863308076,-0.06657688445193113,3.3640797409277066,0.30172240026305536,0.658221221673304,19,Z2,19-Z2,22,1428.07
51-7042.00,"Woodworking Machine Setters, Operators, and Tenders, Except Sawing",Production,-0.30829516282146624,-0.04588882756721731,3.2893548379793343,0.31169166160583794,0.6799696214424487,18,Z3,18-Z3,25,1895.84
51-8011.00,Nuclear Power Reactor Operators,Production,-0.0859889571109041,0.09063542722957621,2.3298934859501927,0.12493550902008888,0.2725525294306375,13,Z1,13-Z1,19,1541.8799999999999
51-8012.00,Power Distributors and Dispatchers,Production,-0.13694141805197574,0.06118392070733115,2.721412194879547,0.14998807996373237,0.3272058592404405,15,Z1,15-Z1,14,1161.8
51-8013.00,Power Plant Operators,Production,-0.17615837652078803,0.07416687824136056,2.7430946539047487,0.19113476775957985,0.41696924135983243,15,Z2,15-Z2,22,1622.77
51-8013.03,Biomass Plant Technicians,Production,-0.19947089468039034,0.0936662840704784,2.702581000409603,0.220367898288673,0.4807426531894444,15,Z2,15-Z2,18,1518.53
51-8013.04,Hydroelectric Plant Technicians,Production,-0.21996022876910798,0.09759120234373547,2.724009711930026,0.24063778800316096,0.5249623450632369,15,Z2,15-Z2,21,1876.32
51-8021.00,Stationary Engineers and Boiler Operators,Production,-0.1921736282149757,0.06966251494744764,2.7938276217082088,0.204410296634272,0.4459304150302019,16,Z2,16-Z2,25,2027.75
51-8031.00,Water and Wastewater Treatment Plant and System Operators,Production,-0.19214801222549927,0.045795437567541765,2.907623368486588,0.19752994887918446,0.43092062158781086,16,Z2,16-Z2,8,783.3199999999999
51-8091.00,Chemical Plant and System Operators,Production,-0.18318960914115298,0.08135105855853403,2.723671705940678,0.2004405837795391,0.43727030480087714,15,Z2,15-Z2,19,1564.09
51-8092.00,Gas Plant Operators,Production,-0.17203563197867733,0.0742205073525923,2.7342924136468123,0.187363129729355,0.40874124042321097,15,Z2,15-Z2,19,1508.03
51-8093.00,"Petroleum Pump System Operators, Refinery Operators, and Gaugers",Production,-0.17785935321735513,0.05701164844199611,2.8313968284446394,0.18677333210330016,0.4074545699154085,16,Z2,16-Z2,24,1841.82
51-8099.01,Biofuels Processing Technicians,Production,-0.16801635034762288,0.13681857934222602,2.4581825641431916,0.2166767584152951,0.4726902626652287,14,Z2,14-Z2,19,1625.03
51-9011.00,Chemical Equipment Operators and Tenders,Production,-0.18705602758009052,0.07790600046122868,2.7469564697342865,0.20263095114495355,0.44204869143017433,15,Z2,15-Z2,23,2093.01
51-9012.00,"Separating, Filtering, Clarifying, Precipitating, and Still Machine Setters, Operators, and Tenders",Production,-0.24222758348998708,0.043893902235364664,2.962328568968801,0.2461724534891067,0.5370364710629509,16,Z2,16-Z2,20,1489.79
51-9021.00,"Crushing, Grinding, and Polishing Machine Setters, Operators, and Tenders",Production,-0.2345130779550807,0.0027461418476055527,3.129883215627063,0.23452915602758845,0.511636084904202,17,Z2,17-Z2,21,1574.18
51-9022.00,"Grinding and Polishing Workers, Hand",Production,-0.3028289742789217,-0.05534905860811911,3.322370576551296,0.30784558783849547,0.6715792355394509,19,Z3,19-Z3,17,1265.16
51-9023.00,"Mixing and Blending Machine Setters, Operators, and Tenders",Production,-0.24568382650835652,-0.01889215268756288,3.2183378260928563,0.246409123290836,0.5375527770644,18,Z2,18-Z2,20,1732.0
51-9031.00,"Cutters and Trimmers, Hand",Production,-0.25215807571447135,-0.10290904940726132,3.529073577694163,0.2723489812683925,0.5941417641370642,20,Z2,20-Z2,18,1206.42
51-9032.00,"Cutting and Slicing Machine Setters, Operators, and Tenders",Production,-0.30731514597608434,-0.07235081788469337,3.372810878030758,0.31571702487336045,0.6887511355935938,19,Z3,19-Z3,25,1773.36
51-9041.00,"Extruding, Forming, Pressing, and Compacting Machine Setters, Operators, and Tenders",Production,-0.2806003605082587,-0.00845023568967808,3.1716983973839223,0.2807275704318617,0.612420039764824,18,Z2,18-Z2,26,1662.88
51-9051.00,"Furnace, Kiln, Oven, Drier, and Kettle Operators and Tenders",Production,-0.25430091832785484,-0.0025720229194539754,3.1517064008785303,0.25431392483363646,0.5547974633192184,18,Z2,18-Z2,17,1045.86
51-9061.00,"Inspectors, Testers, Sorters, Samplers, and Weighers",Production,-0.18220594640184057,0.137146970212641,2.4963638409647904,0.2280532796139916,0.4975086642001152,14,Z2,14-Z2,31,2016.08
51-9071.00,Jewelers and Precious Stone and Metal Workers,Production,-0.18409365635732214,-0.012439992226451474,3.209064338111804,0.18451348925648223,0.40252461934453504,18,Z2,18-Z2,30,2220.32
51-9071.06,Gem and Diamond Workers,Production,-0.12125201957037715,0.03814510565781255,2.83680161470829,0.12711058703168987,0.2772975616350166,16,Z1,16-Z1,14,777.03
51-9081.00,Dental Laboratory Technicians,Production,-0.1804365480373553,-0.018277167757563318,3.2425424833117376,0.18135987077872254,0.3956448563394922,18,Z2,18-Z2,17,1109.98
51-9082.00,Medical Appliance Technicians,Production,-0.2081027494703173,-0.005581627968308448,3.168407724985058,0.2081775898310917,0.4541489375139494,18,Z2,18-Z2,15,1281.82
51-9083.00,Ophthalmic Laboratory Technicians,Production,-0.22284913571584988,-0.03399608973125163,3.292977542254581,0.22542730847507494,0.4917799880075965,18,Z2,18-Z2,18,1382.95
51-9111.00,Packaging and Filling Machine Operators and Tenders,Production,-0.25925778791046367,-0.06665790039216765,3.393252278110295,0.2676898882605002,0.5839777395605968,19,Z2,19-Z2,20,1730.98
51-9123.00,"Painting, Coating, and Decorating Workers",Production,-0.24146692752162002,-0.034499015441481116,3.283504887381078,0.2439189602166319,0.5321203723790358,18,Z2,18-Z2,9,637.78
51-9124.00,"Coating, Painting, and Spraying Machine Setters, Operators, and Tenders",Production,-0.2237523666180905,-0.035215574624068546,3.297698498727988,0.22650664066048865,0.494134600555604,18,Z2,18-Z2,23,1664.66
51-9141.00,Semiconductor Processing Technicians,Production,-0.23407484261484535,0.0279464748602816,3.022763934727062,0.23573722107949133,0.5142715340907094,17,Z2,17-Z2,20,1161.91
51-9151.00,Photographic Process Workers and Processing Machine Operators,Production,-0.1456530455193611,-0.0011773905930859531,3.149676006361282,0.14565780417702912,0.3177591644772372,18,Z1,18-Z1,27,1969.08
51-9161.00,Computer Numerically Controlled Tool Operators,Production,-0.271976332817086,-0.020561556716073428,3.217049652006972,0.27275245778401086,0.5950219666172091,18,Z2,18-Z2,27,2243.34
51-9162.00,Computer Numerically Controlled Tool Programmers,Production,-0.19051157744616765,0.034744598469387135,2.961199955037596,0.19365393944824896,0.42246492966495963,16,Z2,16-Z2,16,1250.2
51-9191.00,Adhesive Bonding Machine Operators and Tenders,Production,-0.2785652647501063,-0.030129937731774168,3.2493349473913,0.28018997104289334,0.6112472420995891,18,Z2,18-Z2,16,1322.25
51-9192.00,"Cleaning, Washing, and Metal Pickling Equipment Operators and Tenders",Production,-0.27103504692872066,0.016455112720110132,3.080954961662593,0.271534099881185,0.5923640631054572,17,Z2,17-Z2,11,789.2
51-9193.00,Cooling and Freezing Equipment Operators and Tenders,Production,-0.2851437648714862,-0.01804448184867659,3.204790432026762,0.2857141403050829,0.6232984701069177,18,Z2,18-Z2,18,1008.96
51-9194.00,Etchers and Engravers,Production,-0.23742002909537635,-0.01812809565867322,3.2177993216873193,0.23811110446146638,0.5194502693070251,18,Z2,18-Z2,26,1203.83
51-9195.03,"Stone Cutters and Carvers, Manufacturing",Production,-0.239270683282337,-0.052134375622883415,3.356128228087121,0.24488457076750328,0.5342268959778838,19,Z2,19-Z2,16,1079.09
51-9195.04,"Glass Blowers, Molders, Benders, and Finishers",Production,-0.2344408647439179,-0.004966649882673243,3.162774571103484,0.23449346829481854,0.5115582304822496,18,Z2,18-Z2,16,763.59
51-9195.05,"Potters, Manufacturing",Production,-0.17907713278231374,-0.10696487968509887,3.6800331718992774,0.20859075955464113,0.4550502861707148,21,Z2,21-Z2,23,1745.36
51-9196.00,"Paper Goods Machine Setters, Operators, and Tenders",Production,-0.32004411806887667,-0.061633636935799305,3.3318421406730625,0.3259247500764847,0.7110197551851387,19,Z3,19-Z3,14,820.73
51-9197.00,Tire Builders,Production,-0.2708884102883686,-0.10184004654374108,3.50119448062638,0.28939925001387073,0.6313377055511662,20,Z2,20-Z2,20,1014.73
51-9198.00,Helpers--Production Workers,Production,-0.2519082447053271,-0.06087971867842627,3.3787200318143107,0.2591603825758931,0.5653702326366936,19,Z2,19-Z2,30,1682.24
53-1041.00,Aircraft Cargo Handling Supervisors,Transportation and Material Moving,-0.08733854310319482,-0.10285920335770846,4.00841316185404,0.13493715880650164,0.29437158607151515,22,Z1,22-Z1,6,432.67
53-1042.00,"First-Line Supervisors of Helpers, Laborers, and Material Movers, Hand",Transportation and Material Moving,0.03548609837564515,-0.02543545984445019,5.661291094385177,0.04366034580056145,0.09524704207068889,32,Z1,32-Z1,24,1898.56
53-1042.01,Recycling Coordinators,Transportation and Material Moving,0.028990712380395415,-0.0038575444308767094,6.150900979510054,0.029246231438580253,0.0638019920630985,35,Z1,35-Z1,23,1361.62
53-1043.00,First-Line Supervisors of Material-Moving Machine and Vehicle Operators,Transportation and Material Moving,-0.0244654377206062,0.017560622233235634,2.5190380519467843,0.030115329918154146,0.06569797016244011,14,Z1,14-Z1,19,1636.6
53-2011.00,"Airline Pilots, Copilots, and Flight Engineers",Transportation and Material Moving,-0.02207507936742433,-0.012489138171768598,3.6564530877372228,0.025363116948664076,0.05533080012898442,20,Z1,20-Z1,24,1891.99
53-2012.00,Commercial Pilots,Transportation and Material Moving,-0.02022636915277368,0.010802920105399837,2.6510380029574137,0.022930527510459212,0.05002399496487066,15,Z1,15-Z1,24,1996.61
53-2021.00,Air Traffic Controllers,Transportation and Material Moving,0.03383678770057727,-0.019390552935787134,5.76280924607652,0.03899899671849906,0.08507809576519137,33,Z1,33-Z1,23,1927.8
53-2022.00,Airfield Operations Specialists,Transportation and Material Moving,0.034604959688533124,-0.024553353953521,5.666090101354024,0.04243077215196405,0.09256467089635291,32,Z1,32-Z1,27,1832.57
53-2031.00,Flight Attendants,Transportation and Material Moving,0.01094862138556808,-0.10627963385673278,4.815043975616618,0.10684209321688573,0.2330809149802546,27,Z1,27-Z1,25,2336.51
53-3011.00,"Ambulance Drivers and Attendants, Except Emergency Medical Technicians",Transportation and Material Moving,-0.026919636616378934,-0.11505168545940456,4.482545149490104,0.11815903335169788,0.25776933769810806,25,Z1,25-Z1,11,968.5400000000001
53-3031.00,Driver/Sales Workers,Transportation and Material Moving,-0.03248065024857815,-0.16214574186048897,4.514688028556554,0.16536696841890397,0.3607556080761752,25,Z2,25-Z2,11,702.48
53-3032.00,Heavy and Tractor-Trailer Truck Drivers,Transportation and Material Moving,-0.14729594937891896,-0.07132347165371264,3.592535805977966,0.16365553553783327,0.35702203893842444,20,Z2,20-Z2,29,2267.63
53-3033.00,Light Truck Drivers,Transportation and Material Moving,-0.11478270000141164,-0.09505204463584327,3.8332369817405896,0.14903006209845182,0.325115899432617,21,Z1,21-Z1,13,1019.61
53-3051.00,"Bus Drivers, School",Transportation and Material Moving,0.03478377769550891,-0.10670222022995546,5.027515369958165,0.11222867277470806,0.24483198475200202,28,Z1,28-Z1,17,1597.94
53-3052.00,"Bus Drivers, Transit and Intercity",Transportation and Material Moving,-0.03102134008037401,-0.12663306851624054,4.4721497312476055,0.13037736606566758,0.28442418957118193,25,Z1,25-Z1,14,1184.3
53-3053.00,Shuttle Drivers and Chauffeurs,Transportation and Material Moving,-0.038891565552937886,-0.08693903424611057,4.291746840474224,0.09524153267773913,0.20777376137311435,24,Z1,24-Z1,26,2312.57
53-4011.00,Locomotive Engineers,Transportation and Material Moving,-0.11823579399938912,0.025584624024561412,2.9284916764425346,0.12097221155763065,0.2639064146731003,16,Z1,16-Z1,14,1263.14
53-4013.00,"Rail Yard Engineers, Dinkey Operators, and Hostlers",Transportation and Material Moving,-0.1718925282234715,-0.06521596402841613,3.504214955770504,0.1838482070165837,0.4010732756977863,20,Z2,20-Z2,23,1760.75
53-4031.00,Railroad Conductors and Yardmasters,Transportation and Material Moving,-0.1064213759775276,-0.04641036027805677,3.552827395244607,0.1161009509267229,0.2532795367191608,20,Z1,20-Z1,20,1476.54
53-4041.00,Subway and Streetcar Operators,Transportation and Material Moving,-0.015888148200916868,-0.07685593267611676,4.508534199412651,0.07848100178240648,0.17120989633624373,25,Z1,25-Z1,10,962.06
53-5011.00,Sailors and Marine Oilers,Transportation and Material Moving,-0.18180415501587846,-0.06382310745489822,3.4792062945578324,0.19268144650234761,0.42034339180644537,19,Z2,19-Z2,28,2071.12
53-5021.00,"Captains, Mates, and Pilots of Water Vessels",Transportation and Material Moving,-0.0755891446599742,-0.038357064856600585,3.611175682118566,0.08476428030037163,0.18491715591857133,20,Z1,20-Z1,29,2448.88
53-5022.00,Motorboat Operators,Transportation and Material Moving,-0.0987437991575505,-0.0891114066005628,3.8757600618142063,0.1330081977112595,0.29016346918140823,22,Z1,22-Z1,16,1210.78
53-5031.00,Ship Engineers,Transportation and Material Moving,-0.17511151534956615,0.03175491031668771,2.9622010326215085,0.1779674608945192,0.3882441589552406,16,Z2,16-Z2,17,1499.64
53-6011.00,Bridge and Lock Tenders,Transportation and Material Moving,-0.12395504318521283,-0.04271502433518634,3.473449545991771,0.13110845142477864,0.28601908573335616,19,Z1,19-Z1,18,1337.89
53-6021.00,Parking Attendants,Transportation and Material Moving,-0.053154470739290235,-0.18132355296471234,4.427231062486712,0.18895403837791058,0.4122118804330674,25,Z2,25-Z2,15,995.72
53-6031.00,Automotive and Watercraft Service Attendants,Transportation and Material Moving,-0.127247893981617,-0.10493422749096556,3.831180906475144,0.1649339826169324,0.35981102973763474,21,Z2,21-Z2,14,921.16
53-6041.00,Traffic Technicians,Transportation and Material Moving,-0.036572140953083795,0.07540471146790806,2.022381276710691,0.08380568003095432,0.18282592556947522,11,Z1,11-Z1,23,1232.71
53-6051.01,Aviation Inspectors,Transportation and Material Moving,-0.07862109391374687,0.16859946807059314,2.0071377539982422,0.18602972085632222,0.40583234795572276,11,Z2,11-Z2,13,1025.72
53-6051.07,"Transportation Vehicle, Equipment and Systems Inspectors, Except Aviation",Transportation and Material Moving,-0.09373034187339939,0.1793231004679049,2.0524305132178737,0.20234166982884824,0.4414176110028408,11,Z2,11-Z2,14,763.47
53-6061.00,Passenger Attendants,Transportation and Material Moving,-0.00508318373280712,-0.13453756123315466,4.67462430737559,0.1346335550278099,0.29370926053671603,26,Z1,26-Z1,12,716.77
53-7011.00,Conveyor Operators and Tenders,Transportation and Material Moving,-0.24462647534218673,-0.04633450543322192,3.328784324886426,0.24897590010296733,0.5431523181245627,19,Z2,19-Z2,20,1131.05
53-7021.00,Crane and Tower Operators,Transportation and Material Moving,-0.23773211194564345,-0.056600092224581885,3.375324721881089,0.24437701915271642,0.5331196489068808,19,Z2,19-Z2,11,836.94
53-7031.00,Dredge Operators,Transportation and Material Moving,-0.28231093482465686,-0.05637341773189465,3.33868585111408,0.28788439719503095,0.6280329848138174,19,Z2,19-Z2,6,549.41
53-7041.00,Hoist and Winch Operators,Transportation and Material Moving,-0.2972307641638035,-0.11186667093007832,3.5015577730062994,0.31758507400439495,0.6928263702467162,20,Z3,20-Z3,13,898.23
53-7051.00,Industrial Truck and Tractor Operators,Transportation and Material Moving,-0.272160519304558,-0.11867515355850891,3.552784037097783,0.29690931332691867,0.6477212522962819,20,Z2,20-Z2,9,626.01
53-7061.00,Cleaners of Vehicles and Equipment,Transportation and Material Moving,-0.23586494863585683,-0.077582745487945,3.4593737928669506,0.24829691176581845,0.5416710739995311,19,Z2,19-Z2,20,1486.51
53-7062.00,"Laborers and Freight, Stock, and Material Movers, Hand",Transportation and Material Moving,-0.2161654769468125,-0.13117356973232588,3.6870118933583638,0.25285177242796675,0.551607710944541,21,Z2,21-Z2,13,692.89
53-7062.04,Recycling and Reclamation Workers,Transportation and Material Moving,-0.22003031009275204,-0.07932669069897065,3.487613981090314,0.23389326885732042,0.5102488679468422,19,Z2,19-Z2,14,768.99
53-7063.00,Machine Feeders and Offbearers,Transportation and Material Moving,-0.28089341356472924,-0.03651316271335538,3.270857221253824,0.28325663423012354,0.6179373081596475,18,Z2,18-Z2,13,946.1800000000001
53-7064.00,"Packers and Packagers, Hand",Transportation and Material Moving,-0.23868197186339965,-0.08159167016714307,3.4709819153857175,0.2522425109557558,0.5502785791657683,19,Z2,19-Z2,12,869.78
53-7065.00,Stockers and Order Fillers,Transportation and Material Moving,-0.10255225731199452,-0.15348610416409617,4.123357828759468,0.1845940130428322,0.40270028566887434,23,Z2,23-Z2,30,2445.0299999999997
53-7071.00,Gas Compressor and Gas Pumping Station Operators,Transportation and Material Moving,-0.18862161755898574,0.008063537337952035,3.0988688626466376,0.18879389620686582,0.4118625229595268,17,Z2,17-Z2,13,1193.46
53-7072.00,"Pump Operators, Except Wellhead Pumpers",Transportation and Material Moving,-0.21038546242348238,0.012923179547811255,3.0802435362215013,0.21078199963177,0.45983057666054844,17,Z2,17-Z2,14,1072.22
53-7073.00,Wellhead Pumpers,Transportation and Material Moving,-0.21681855329871946,0.009354236953583823,3.098476234334417,0.21702024514669926,0.47343959468623975,17,Z2,17-Z2,14,984.14
53-7081.00,Refuse and Recyclable Material Collectors,Transportation and Material Moving,-0.14610260127548277,-0.08271800873486956,3.656760964669125,0.16789353492176123,0.36626742850680827,20,Z2,20-Z2,14,1154.41
53-7121.00,"Tank Car, Truck, and Ship Loaders",Transportation and Material Moving,-0.22803268169437854,-0.035307988430942204,3.295210168395493,0.23074999017934825,0.50339166168814,18,Z2,18-Z2,19,1275.96
