source,destination,w,n_obs
11-1011,11-1021,105769.3457,28
11-1011,11-2011,10472.2955,3
11-1011,11-3021,31971.899,9
11-1011,11-3031,72734.9671,25
11-1011,11-3051,10689.4259,3
11-1011,11-3061,10246.574,2
11-1011,11-3071,12435.319599999999,3
11-1011,11-3121,5585.940200000001,3
11-1011,11-9013,14444.0656,6
11-1011,11-9021,32804.8603,12
11-1011,11-9041,10796.7395,2
11-1011,11-9051,10406.687,6
11-1011,11-9111,29131.9019,11
11-1011,11-9141,49639.2631,15
11-1011,11-9151,45963.558300000004,19
11-1011,13-1011,3647.6606,1
11-1011,13-1023,5433.5534,1
11-1011,13-1041,14413.3349,4
11-1011,13-1111,62488.0158,20
11-1011,13-1121,5249.0129,1
11-1011,13-1131,9880.243,3
11-1011,13-1161,57452.6866,16
11-1011,13-1199,34969.1499,11
11-1011,13-2011,46341.4526,15
11-1011,13-2031,3609.178,1
11-1011,13-2051,23400.6997,5
11-1011,13-2052,22683.279300000002,8
11-1011,15-1211,11520.9502,4
11-1011,15-1212,9493.9824,2
11-1011,15-1251,3004.6443,1
11-1011,15-1253,41410.6909,10
11-1011,15-2011,594.0166,1
11-1011,15-2031,16974.263,5
11-1011,17-2011,263.8676,1
11-1011,17-2051,22552.511300000002,6
11-1011,17-2061,5540.5784,1
11-1011,17-2121,3445.6833,1
11-1011,17-2199,25876.8615,6
11-1011,19-2021,4941.0223,1
11-1011,19-2099,16220.5176,5
11-1011,19-3011,917.098,1
11-1011,21-1093,6897.2303,1
11-1011,21-2011,4741.276,1
11-1011,21-2099,4597.4115,1
11-1011,23-1011,20873.956899999997,8
11-1011,23-2011,10469.0915,3
11-1011,27-2012,10817.3971,4
11-1011,27-3031,20370.5011,7
11-1011,27-3041,17682.6001,4
11-1011,27-3043,11727.7383,3
11-1011,29-1041,3718.4248,1
11-1011,29-1051,4577.0089,1
11-1011,29-1129,13050.4623,3
11-1011,29-1131,4377.002,1
11-1011,29-1141,19348.2107,6
11-1011,29-1171,2928.2058,1
11-1011,29-1292,3436.4556,1
11-1011,31-1122,11073.5237,3
11-1011,33-3051,3999.2362,1
11-1011,35-1011,3947.369,1
11-1011,35-1012,9457.115099999999,2
11-1011,35-2021,3281.3135,1
11-1011,35-3031,8296.6669,2
11-1011,35-9011,2000.3812,1
11-1011,35-9021,1724.6385,1
11-1011,37-1011,14932.2235,5
11-1011,37-1012,8033.7972,4
11-1011,39-2011,972.436,1
11-1011,39-2021,4378.6785,1
11-1011,39-4031,4133.1916,1
11-1011,39-5011,3463.5601,1
11-1011,39-5012,1063.3522,1
11-1011,39-9011,1270.539,1
11-1011,41-1011,108724.1848,26
11-1011,41-1012,79994.4755,21
11-1011,41-2031,36875.7802,8
11-1011,41-3011,5946.834000000001,2
11-1011,41-3021,18680.514499999997,4
11-1011,41-3031,16293.9875,6
11-1011,41-3091,20186.9588,5
11-1011,41-9099,16864.0231,3
11-1011,43-1011,14029.5412,6
11-1011,43-3031,20348.2185,5
11-1011,43-3051,2687.3439,1
11-1011,43-3099,16673.8787,4
11-1011,43-4051,22714.5014,7
11-1011,43-4081,4563.5128,1
11-1011,43-4131,7726.4556999999995,2
11-1011,43-4151,1950.7044,1
11-1011,43-4161,3918.1466,1
11-1011,43-4171,17957.505100000002,6
11-1011,43-4181,4280.8501,1
11-1011,43-4199,9857.464,2
11-1011,43-5051,3859.3714,1
11-1011,43-5061,5483.5506,1
11-1011,43-5071,4509.6838,1
11-1011,43-9021,4117.373100000001,2
11-1011,43-9061,16384.039,5
11-1011,43-9199,11119.031200000001,3
11-1011,47-1011,10797.611,2
11-1011,47-2031,23115.5349,7
11-1011,47-2061,31280.2124,9
11-1011,47-2073,2204.731,1
11-1011,47-2111,2072.1974,1
11-1011,49-1011,6185.6256,1
11-1011,49-2011,3837.8982,1
11-1011,49-2098,5146.0776,1
11-1011,49-3023,11913.5241,3
11-1011,49-3031,1540.9628,1
11-1011,49-9021,8275.0892,2
11-1011,49-9052,4835.4657,1
11-1011,49-9071,11586.1174,2
11-1011,51-1011,4078.8655,1
11-1011,51-3011,6982.4318,2
11-1011,51-4031,3767.537,1
11-1011,51-4041,2495.1356,1
11-1011,51-4199,7227.5532,2
11-1011,51-7021,4136.6221,1
11-1011,51-8021,4315.4385,1
11-1011,51-9061,677.6362,1
11-1011,51-9151,822.6726,1
11-1011,51-9195,5422.1879,1
11-1011,53-6031,4558.366,1
11-1011,53-7041,1581.7766,1
11-1011,53-7061,7154.6525,1
11-1011,53-7062,6685.542,2
11-1011,53-7065,29482.5371,6
11-1021,11-1011,104882.2934,31
11-1021,11-3021,39897.1579,10
11-1021,11-3031,86879.851,27
11-1021,11-3051,44515.2471,13
11-1021,11-3061,19065.3043,5
11-1021,11-3071,28029.2183,9
11-1021,11-3121,17310.1887,5
11-1021,11-9013,8582.9332,4
11-1021,11-9021,70780.4506,21
11-1021,11-9041,5622.7359,2
11-1021,11-9051,220316.6969,61
11-1021,11-9081,33430.3073,10
11-1021,11-9111,28315.920299999998,6
11-1021,11-9121,7282.6438,1
11-1021,11-9141,37252.7803,9
11-1021,11-9151,25445.7742,8
11-1021,11-9161,3361.072,1
11-1021,13-1011,11580.899,2
11-1021,13-1022,3095.5463,1
11-1021,13-1041,12287.29,4
11-1021,13-1081,11188.8312,2
11-1021,13-1111,56191.5328,13
11-1021,13-1121,3909.4208,1
11-1021,13-1141,2661.337,1
11-1021,13-1151,5138.3217,1
11-1021,13-1161,15534.2385,5
11-1021,13-1199,17194.6517,8
11-1021,13-2011,25096.2938,8
11-1021,13-2052,13530.743999999999,4
11-1021,15-1212,5758.977000000001,2
11-1021,15-1244,2884.0074,1
11-1021,15-1251,5151.9437,1
11-1021,15-1253,16342.5822,5
11-1021,15-2031,6302.1159,1
11-1021,17-2051,14699.8139,4
11-1021,17-2199,6529.4567,2
11-1021,19-3011,8209.9527,2
11-1021,19-3051,3301.3742,1
11-1021,21-2011,3416.2331000000004,2
11-1021,21-2021,10831.175500000001,2
11-1021,23-1011,15984.1248,5
11-1021,27-2011,4730.8792,1
11-1021,27-2012,14435.6834,3
11-1021,27-3031,447.3483,1
11-1021,27-3043,6509.302900000001,2
11-1021,27-4021,5531.2801,1
11-1021,29-1031,4169.0118,1
11-1021,29-1141,29366.4479,9
11-1021,29-2061,13907.2044,3
11-1021,31-1122,14548.343700000001,3
11-1021,31-9092,4796.7889,1
11-1021,31-9095,8376.1797,2
11-1021,31-9097,5501.3106,1
11-1021,33-1012,1141.0544,1
11-1021,33-3021,5101.9481,1
11-1021,33-3051,12946.1483,3
11-1021,33-9091,408.0231,1
11-1021,35-1012,16398.3493,6
11-1021,35-2021,4841.9783,1
11-1021,35-3011,8338.5695,2
11-1021,35-3031,19858.5486,7
11-1021,37-1011,6370.5381,2
11-1021,37-1012,18523.3051,5
11-1021,37-2012,3516.4617,1
11-1021,37-2021,953.5655,1
11-1021,39-2021,4742.9126,2
11-1021,41-1011,184903.2268,53
11-1021,41-1012,94753.5235,27
11-1021,41-2022,3562.6728,1
11-1021,41-2031,55586.5515,16
11-1021,41-3011,2024.6851,1
11-1021,41-3021,7804.9902,2
11-1021,41-3041,5195.1976,1
11-1021,41-3091,19115.3138,5
11-1021,41-9031,2580.9561,1
11-1021,41-9041,7594.2831,1
11-1021,41-9099,8448.5975,2
11-1021,43-1011,26607.687700000002,9
11-1021,43-2021,2188.224,1
11-1021,43-3011,1357.6809,1
11-1021,43-3021,852.9737,1
11-1021,43-3031,8599.679399999999,4
11-1021,43-3061,3765.915,1
11-1021,43-3071,575.7392,1
11-1021,43-3099,1482.1175,1
11-1021,43-4041,766.7834,1
11-1021,43-4051,28770.044,13
11-1021,43-4061,2057.0168,1
11-1021,43-4081,4699.7784,1
11-1021,43-4121,2611.3382,1
11-1021,43-4131,4313.0325,1
11-1021,43-4151,5188.023,1
11-1021,43-4171,7656.2646,2
11-1021,43-4199,3290.5868,1
11-1021,43-5021,598.5886,1
11-1021,43-9021,8423.711500000001,2
11-1021,43-9061,21301.2747,7
11-1021,43-9199,18310.7449,4
11-1021,45-1011,7998.474399999999,2
11-1021,47-1011,35716.792799999996,13
11-1021,47-2031,8332.966199999999,2
11-1021,47-2061,10261.9497,5
11-1021,47-2073,1985.3206,1
11-1021,47-2111,11766.0139,4
11-1021,49-1011,9921.4737,4
11-1021,49-2011,6845.404399999999,2
11-1021,49-3011,3807.9258,1
11-1021,49-3023,2065.785,1
11-1021,49-9021,8892.2828,2
11-1021,49-9031,490.9052,1
11-1021,49-9051,1878.6268,1
11-1021,49-9052,9193.073,2
11-1021,49-9071,12306.3546,4
11-1021,51-1011,40410.2822,12
11-1021,51-3011,1538.493,1
11-1021,51-3092,4539.607,2
11-1021,51-4111,3661.7677,1
11-1021,51-5112,8617.8069,2
11-1021,51-6093,3579.7128,1
11-1021,51-7011,1970.5958,1
11-1021,51-8031,3605.008,1
11-1021,51-9061,9192.2307,2
11-1021,53-3099,4366.1357,1
11-1021,53-6021,5015.2776,1
11-1021,53-7041,5058.853,1
11-1021,53-7062,23776.478,7
11-1021,53-7064,4076.5736,1
11-1021,53-7065,9028.1762,2
11-1021,53-7081,378.4069,1
11-2011,11-1011,2920.8504,1
11-2011,13-1121,358.5826,1
11-2011,13-1161,7367.6887,4
11-2011,13-2011,11515.8408,1
11-2011,15-1211,5392.9249,1
11-2011,15-1254,3779.1163,1
11-2011,27-2012,14753.2834,3
11-2011,27-3031,3207.9413,2
11-2011,35-3031,3345.4123,1
11-2011,41-3011,11394.104599999999,2
11-2011,43-3021,2711.8293,1
11-2011,43-3031,10515.7056,2
11-2011,43-4051,3518.9792,1
11-2011,43-5061,4471.9995,1
11-2011,43-9022,3664.2788,1
11-2011,43-9041,795.7923,1
11-2011,51-9198,3743.9668,1
11-2011,53-7062,6655.8873,1
11-3021,11-1011,68343.1438,17
11-3021,11-1021,28542.9922,7
11-3021,11-2011,4753.3955,1
11-3021,11-3031,54027.5513,14
11-3021,11-3051,18466.8924,4
11-3021,11-3061,554.7988,1
11-3021,11-3071,5856.0909,1
11-3021,11-3121,3669.6154,1
11-3021,11-9013,705.5928,1
11-3021,11-9021,5922.0214,2
11-3021,11-9041,24448.2956,8
11-3021,11-9051,6299.3066,2
11-3021,11-9111,9564.3557,3
11-3021,11-9121,4100.1069,1
11-3021,11-9141,4801.5911,1
11-3021,11-9151,373.5636,1
11-3021,13-1023,2935.9679,1
11-3021,13-1041,5403.8946,2
11-3021,13-1051,4300.7991,1
11-3021,13-1111,30689.746,7
11-3021,13-1151,3446.1756,1
11-3021,13-1161,21029.963799999998,6
11-3021,13-1199,7319.646200000001,3
11-3021,13-2011,11734.3233,3
11-3021,13-2051,3277.8997,1
11-3021,13-2053,451.6391,1
11-3021,13-2082,4586.7189,1
11-3021,13-2099,646.3419,1
11-3021,15-1211,26984.715900000003,6
11-3021,15-1212,17340.1463,6
11-3021,15-1241,15498.653,4
11-3021,15-1242,26458.7051,8
11-3021,15-1244,16631.429799999998,5
11-3021,15-1251,22653.8855,4
11-3021,15-1253,188304.4549,48
11-3021,15-1254,16487.0456,4
11-3021,15-2031,380.3719,1
11-3021,17-2051,4684.5541,1
11-3021,17-2081,5730.9812,1
11-3021,17-2121,3665.9712,1
11-3021,17-2141,5343.3467,1
11-3021,19-2021,3193.2431,1
11-3021,19-2099,10592.798900000002,3
11-3021,19-4031,3036.6024,1
11-3021,21-1092,2708.0661,1
11-3021,23-1011,7999.4379,2
11-3021,23-2011,4876.7085,1
11-3021,27-2012,6244.2356,2
11-3021,27-3043,1888.2062,1
11-3021,29-1129,5538.8304,3
11-3021,29-1141,16780.799,4
11-3021,31-9097,3907.0109,1
11-3021,35-3041,4195.093,1
11-3021,35-9011,6560.9042,1
11-3021,37-1012,1713.8061,1
11-3021,37-2012,4842.8487,1
11-3021,39-9011,632.0752,1
11-3021,41-1011,27822.9834,8
11-3021,41-1012,27575.1313,8
11-3021,41-2031,6340.293900000001,2
11-3021,41-3011,1819.3523,1
11-3021,41-3091,12699.8185,3
11-3021,41-9099,5056.1979,2
11-3021,43-1011,12845.1787,5
11-3021,43-3031,4286.1726,1
11-3021,43-4051,20712.6484,6
11-3021,43-4111,12162.8995,2
11-3021,43-4171,3669.0311,1
11-3021,43-5061,5660.4684,1
11-3021,43-5071,1391.6615,2
11-3021,43-9061,9933.707699999999,2
11-3021,43-9199,10259.9208,2
11-3021,47-1011,4857.1421,2
11-3021,47-2061,5051.329,1
11-3021,49-2011,7526.6185000000005,3
11-3021,49-2098,5512.2492,1
11-3021,49-9021,10518.6961,1
11-3021,49-9071,5384.0182,1
11-3021,51-4111,1138.0935,1
11-3021,51-9061,3607.5724,1
11-3021,51-9151,3253.2006,1
11-3021,53-7051,2910.3316,1
11-3021,53-7062,3699.4906,1
11-3021,53-7064,9311.9406,2
11-3021,53-7065,10018.081900000001,3
11-3031,11-1011,137034.1882,41
11-3031,11-1021,62375.7092,18
11-3031,11-3021,37508.5566,10
11-3031,11-3061,3047.608,1
11-3031,11-3071,5725.8628,1
11-3031,11-3111,5218.5797,1
11-3031,11-3121,23323.272,7
11-3031,11-3131,5847.5783,1
11-3031,11-9013,17337.079899999997,5
11-3031,11-9021,8710.483199999999,2
11-3031,11-9051,17531.3378,4
11-3031,11-9081,612.292,1
11-3031,11-9111,34249.620500000005,10
11-3031,11-9141,8991.1608,3
11-3031,11-9151,30510.773400000002,10
11-3031,13-1023,9474.6548,2
11-3031,13-1111,41975.1425,11
11-3031,13-1131,2499.9853,2
11-3031,13-1141,1181.832,1
11-3031,13-1161,6336.077,1
11-3031,13-1199,16770.7222,4
11-3031,13-2011,252514.3803,65
11-3031,13-2031,19122.293700000002,4
11-3031,13-2041,9905.716400000001,2
11-3031,13-2051,98395.8312,24
11-3031,13-2052,143484.1063,34
11-3031,13-2053,7926.3961,1
11-3031,13-2061,6193.6074,1
11-3031,13-2081,641.5637,1
11-3031,13-2082,5463.9349,2
11-3031,13-2099,41111.6264,10
11-3031,15-1211,28508.3142,7
11-3031,15-1212,4250.9153,2
11-3031,15-1242,5312.1041,1
11-3031,15-1244,7688.2707,2
11-3031,15-1251,8702.5259,2
11-3031,15-1253,34337.7874,7
11-3031,15-1254,9922.3763,2
11-3031,15-2011,2654.3467,1
11-3031,15-2031,6688.024899999999,2
11-3031,17-2141,1838.4458,1
11-3031,17-2199,15849.0116,3
11-3031,17-3031,949.9364,1
11-3031,19-3051,3903.6489,2
11-3031,21-1093,5305.366999999999,3
11-3031,23-1011,4231.3414,1
11-3031,23-2011,3612.8222,1
11-3031,27-2012,3455.1103,1
11-3031,27-3041,2666.5031,1
11-3031,27-3042,10591.434700000002,2
11-3031,27-3043,6236.4822,1
11-3031,27-4021,3510.9143,1
11-3031,29-1051,6738.982300000001,2
11-3031,29-1141,43668.1274,12
11-3031,29-1292,4256.8324,1
11-3031,29-2061,13457.9696,4
11-3031,31-1122,26115.7953,7
11-3031,31-9092,4966.3935,1
11-3031,33-2011,7537.902,2
11-3031,33-9021,1604.4256,1
11-3031,33-9093,4117.9378,1
11-3031,35-1012,1977.4713,1
11-3031,35-3011,680.4566,1
11-3031,35-3041,2488.1524,1
11-3031,35-9021,1346.0698,1
11-3031,37-1011,2522.8912,1
11-3031,37-1012,4829.3369,1
11-3031,37-2012,4837.3278,1
11-3031,39-9011,15671.7369,3
11-3031,41-1011,35671.2665,9
11-3031,41-1012,84924.4865,22
11-3031,41-2021,4708.4238,1
11-3031,41-2031,35529.4435,9
11-3031,41-3011,2406.95,1
11-3031,41-3021,14661.680100000001,6
11-3031,41-3031,64025.6475,16
11-3031,41-3091,14554.1087,3
11-3031,41-9099,4799.4787,1
11-3031,43-1011,58422.605,23
11-3031,43-3011,7255.5885,2
11-3031,43-3021,25343.035600000003,10
11-3031,43-3031,72215.4363,24
11-3031,43-3051,27812.5538,9
11-3031,43-3071,18638.941,9
11-3031,43-3099,69575.0924,14
11-3031,43-4041,7837.5981,3
11-3031,43-4051,95848.1896,25
11-3031,43-4131,4829.8453,1
11-3031,43-4161,397.167,1
11-3031,43-4171,8086.4061,2
11-3031,43-5021,4300.0438,1
11-3031,43-5061,5701.1214,1
11-3031,43-5071,4917.8435,1
11-3031,43-9021,11834.6917,3
11-3031,43-9022,6682.3813,2
11-3031,43-9041,3040.4028,1
11-3031,43-9061,31732.6593,10
11-3031,43-9199,17671.1864,5
11-3031,47-2031,3720.6652,1
11-3031,47-2061,2711.3883,2
11-3031,47-2141,4730.7101,1
11-3031,47-4051,4153.863,1
11-3031,49-3023,4075.2135,1
11-3031,49-3031,5399.7053,1
11-3031,49-9021,4694.2964,1
11-3031,49-9051,887.5035,1
11-3031,49-9052,4659.3228,1
11-3031,49-9071,10910.0651,3
11-3031,51-1011,9405.740099999999,3
11-3031,51-5112,5714.9297,1
11-3031,51-6011,4294.2136,1
11-3031,51-9061,9282.3462,2
11-3031,51-9198,563.7866,1
11-3031,53-2031,908.8635,1
11-3031,53-5011,3441.3778,1
11-3031,53-7061,3821.1123,1
11-3031,53-7062,12342.1912,3
11-3031,53-7065,4349.9794999999995,2
11-3051,11-1011,8200.5864,2
11-3051,11-1021,53540.7555,13
11-3051,11-3021,6585.0612,2
11-3051,11-3031,3126.2731,1
11-3051,11-9013,1764.1444,1
11-3051,11-9021,6501.8216,2
11-3051,11-9111,4060.4712,1
11-3051,11-9151,3815.7212,1
11-3051,13-1081,1707.6594,1
11-3051,13-1111,8498.0435,2
11-3051,13-1199,8388.4174,2
11-3051,13-2011,3540.7889,1
11-3051,15-1211,2623.3662,1
11-3051,17-2199,998.3258,1
11-3051,19-2099,5608.588,2
11-3051,27-3031,1645.9633,1
11-3051,29-1141,16134.7222,4
11-3051,31-1122,2278.2138999999997,2
11-3051,31-9092,4225.9416,1
11-3051,33-9021,2592.059,1
11-3051,35-9011,3839.7268,1
11-3051,41-1011,26436.2852,8
11-3051,41-1012,3308.9438,1
11-3051,41-3091,4294.0941,1
11-3051,43-1011,3955.1251,1
11-3051,43-3099,4014.2248,1
11-3051,43-4051,5444.016500000001,2
11-3051,43-4061,1780.1382,1
11-3051,43-4171,1063.6292,1
11-3051,43-4199,6344.3669,1
11-3051,43-5061,4558.6524,1
11-3051,43-5111,4735.357,1
11-3051,43-9061,3786.6994999999997,2
11-3051,47-1011,8335.639500000001,2
11-3051,47-2031,4244.8998,1
11-3051,47-2061,3989.858,1
11-3051,47-2111,3341.8246,1
11-3051,47-4011,4913.078,1
11-3051,49-1011,17696.9617,4
11-3051,49-3023,4066.6603999999998,2
11-3051,49-9021,5505.3018,1
11-3051,49-9071,4901.0889,1
11-3051,51-1011,44201.2438,11
11-3051,51-4111,4043.7134,1
11-3051,51-5112,1445.2881,1
11-3051,51-6093,4935.0911,1
11-3051,51-7011,1052.1259,1
11-3051,51-9061,18325.3862,6
11-3051,51-9111,2247.1202,1
11-3051,53-7061,4708.7368,1
11-3051,53-7062,21002.857500000002,4
11-3051,53-7064,4505.1459,1
11-3051,53-7065,4892.6727,1
11-3061,11-1011,5597.5424,2
11-3061,11-1021,387.8032,1
11-3061,11-3021,8075.641799999999,2
11-3061,11-3031,2119.461,1
11-3061,11-3071,7853.2586,3
11-3061,11-9013,3679.4841,1
11-3061,11-9141,9060.531500000001,2
11-3061,11-9151,4980.5601,1
11-3061,13-1021,1504.2715,1
11-3061,13-1022,1948.3991999999998,2
11-3061,13-1023,44573.0515,18
11-3061,13-1111,5515.3961,2
11-3061,13-1161,3582.2997,1
11-3061,13-1199,3376.6398,1
11-3061,13-2011,6771.9249,3
11-3061,15-1211,6894.4137,1
11-3061,15-1253,15380.5586,3
11-3061,17-2051,3143.2494,1
11-3061,17-2141,5001.6007,1
11-3061,17-2199,4524.8685,1
11-3061,21-1093,603.7023,1
11-3061,23-1011,6900.6006,2
11-3061,23-2011,13975.1469,3
11-3061,27-3043,10979.4543,3
11-3061,29-1141,10488.3329,4
11-3061,29-2081,4889.1716,1
11-3061,35-9021,4069.8021,1
11-3061,37-1012,2978.0116,1
11-3061,37-2012,1923.163,1
11-3061,41-1011,9091.4143,2
11-3061,41-1012,560.7002,1
11-3061,41-9099,4850.7866,1
11-3061,43-3051,5780.8081,1
11-3061,43-3061,24215.0098,5
11-3061,43-4051,3709.3135,1
11-3061,43-4151,2330.3396,1
11-3061,43-4171,5759.2487,2
11-3061,43-5021,4563.3582,1
11-3061,43-5051,4084.9242,1
11-3061,43-5052,4512.8738,1
11-3061,43-5061,1051.0088,1
11-3061,43-5071,2468.9924,1
11-3061,43-9021,4263.3934,1
11-3061,43-9041,3153.749,1
11-3061,43-9061,1505.6603,1
11-3061,47-1011,5206.1941,1
11-3061,49-1011,4330.2763,1
11-3061,49-3011,4940.9533,1
11-3061,51-4041,3895.3313,1
11-3061,53-3099,5207.1886,1
11-3061,53-7062,4858.3307,2
11-3061,53-7065,1748.9351,1
11-3071,11-1011,13797.6072,3
11-3071,11-1021,43451.406,10
11-3071,11-3031,3581.7772,1
11-3071,11-3051,2560.1917,1
11-3071,11-3061,2035.8475,1
11-3071,11-3121,5671.3978,1
11-3071,11-9013,2448.2033,1
11-3071,11-9021,20033.2162,5
11-3071,11-9051,6649.2649,2
11-3071,11-9081,4851.1373,1
11-3071,11-9111,9570.6572,3
11-3071,11-9141,6255.0194,2
11-3071,11-9151,4884.4084,1
11-3071,13-1022,4617.8866,1
11-3071,13-1023,4166.4735,1
11-3071,13-1041,2278.8201,1
11-3071,13-1081,35349.5425,9
11-3071,13-1111,3416.3194,2
11-3071,13-1151,2047.9158,1
11-3071,13-2011,4996.7227,1
11-3071,13-2052,10439.7651,2
11-3071,15-1211,6234.4908,2
11-3071,15-1251,3598.6921,1
11-3071,15-1253,6586.5134,1
11-3071,17-2051,7183.5462,1
11-3071,23-1011,3772.8506,1
11-3071,29-1051,7216.0996,2
11-3071,29-1071,3684.7186,1
11-3071,31-1122,8673.9071,2
11-3071,33-3021,3976.2316,1
11-3071,33-3051,4255.2864,1
11-3071,35-1011,4377.3907,1
11-3071,37-1011,4164.5013,1
11-3071,37-2012,10475.9815,3
11-3071,41-1011,35606.7744,11
11-3071,41-1012,29649.91,7
11-3071,41-2031,3855.9142,1
11-3071,41-3031,3740.9183,1
11-3071,41-9099,2503.1948,1
11-3071,43-1011,39459.0574,10
11-3071,43-3011,2660.6086,1
11-3071,43-4051,3555.9372000000003,2
11-3071,43-4151,5914.5292,2
11-3071,43-4171,2227.0196,1
11-3071,43-4181,3538.6484,1
11-3071,43-5021,4103.5973,2
11-3071,43-5041,2279.8756,1
11-3071,43-5061,9982.9157,2
11-3071,43-5071,17035.630100000002,4
11-3071,43-9061,1396.2835,1
11-3071,43-9071,1348.3757,1
11-3071,43-9199,897.8543,1
11-3071,45-1011,500.7378,1
11-3071,47-2031,10987.822,3
11-3071,47-2061,13390.117699999999,4
11-3071,47-2111,6754.6221000000005,2
11-3071,47-4051,3955.693,1
11-3071,49-9021,4102.2988,1
11-3071,49-9071,3934.2039,1
11-3071,51-1011,15774.2757,3
11-3071,51-4041,1116.4432,1
11-3071,51-6011,2698.2188,1
11-3071,53-7051,22465.0616,5
11-3071,53-7062,48032.3768,12
11-3071,53-7064,5392.8312000000005,2
11-3071,53-7065,12055.609199999999,2
11-3071,53-7199,4313.0598,1
11-3111,11-1011,5079.3139,1
11-3111,11-3121,6272.1471,1
11-3111,13-1141,5729.8322,3
11-3111,13-2051,5718.9431,1
11-3111,13-2052,3805.5251,1
11-3111,35-3031,2505.8807,1
11-3111,37-2021,9979.7976,2
11-3111,43-3021,3543.9917,1
11-3111,43-9061,4267.1003,1
11-3121,11-1011,17881.3656,4
11-3121,11-1021,12313.5799,4
11-3121,11-3031,13905.3128,3
11-3121,11-3051,10279.7167,3
11-3121,11-3071,5513.8714,1
11-3121,11-3111,5840.912899999999,3
11-3121,11-9013,4874.8069,1
11-3121,11-9051,3497.8471,2
11-3121,11-9081,3468.7291,1
11-3121,11-9111,9052.9852,3
11-3121,11-9151,3594.1803,2
11-3121,13-1041,3874.7956,1
11-3121,13-1141,1122.1525,1
11-3121,13-1199,387.4334,1
11-3121,15-1211,1129.4746,1
11-3121,15-1253,3498.8849,1
11-3121,15-2031,4030.3758,1
11-3121,17-2051,4633.355,1
11-3121,19-2099,466.7028,1
11-3121,21-1093,4196.2923,2
11-3121,23-1011,7040.3123,2
11-3121,29-1129,2860.5045,1
11-3121,29-1141,14190.703000000001,4
11-3121,31-1122,14422.436,3
11-3121,33-3051,9152.9572,2
11-3121,37-1011,6917.3436,1
11-3121,37-2012,7693.8307,2
11-3121,41-1011,5576.452,2
11-3121,41-1012,8125.3496000000005,2
11-3121,41-3091,5208.9298,2
11-3121,43-1011,14606.3051,4
11-3121,43-3011,7700.2591,1
11-3121,43-3031,5680.7846,2
11-3121,43-3051,4875.9655,1
11-3121,43-3071,4689.6778,1
11-3121,43-3099,2871.2985,1
11-3121,43-4051,1367.2288,1
11-3121,43-4161,37093.7391,10
11-3121,43-4171,1249.3719,1
11-3121,43-4199,6968.4668,1
11-3121,43-5021,4669.4536,1
11-3121,43-9061,16506.175300000003,4
11-3121,43-9199,10856.0089,3
11-3121,47-2031,1430.6556,1
11-3121,51-1011,10439.7279,1
11-3121,51-3011,1061.1406,1
11-3121,51-9061,829.0964,1
11-3121,53-7021,5248.1546,1
11-3121,53-7062,9134.973,3
11-3121,53-7065,9075.9661,2
11-3131,11-1011,4418.9087,2
11-3131,11-3061,6391.1536,2
11-3131,11-3121,7785.9866,2
11-3131,11-9051,4863.4876,2
11-3131,11-9151,4482.5763,1
11-3131,13-1023,4709.2809,1
11-3131,13-1151,22894.7012,5
11-3131,15-1211,4552.972,1
11-3131,15-1242,7781.0059,1
11-3131,19-2099,5005.687,1
11-3131,29-1127,2473.3191,1
11-3131,29-1141,7644.091,2
11-3131,41-2031,1227.6179,1
11-3131,43-1011,536.0482,1
11-3131,43-9061,8417.6443,2
11-3131,43-9199,5180.3407,2
11-3131,47-2061,5655.2844,1
11-3131,49-3011,7235.8141,1
11-3131,49-3023,2161.066,1
11-3131,53-3011,4806.5545,1
11-9013,11-1011,19141.6185,7
11-9013,11-1021,8214.6819,3
11-9013,11-3031,14333.4997,4
11-9013,11-3071,2915.4146,2
11-9013,11-3121,4536.0956,1
11-9013,11-9021,6401.4786,3
11-9013,11-9051,14286.6587,4
11-9013,11-9081,391.4571,1
11-9013,11-9141,8645.1393,5
11-9013,11-9151,6315.8687,1
11-9013,13-1081,287.1188,1
11-9013,13-1111,5312.216,2
11-9013,13-1131,1044.3853,1
11-9013,13-1151,3966.1779,1
11-9013,13-1161,2420.9133,1
11-9013,13-1199,10952.9797,3
11-9013,13-2011,14613.865399999999,5
11-9013,13-2081,3935.0948,1
11-9013,15-1211,5488.115,1
11-9013,15-1253,4951.1387,1
11-9013,17-2051,3672.4611,1
11-9013,17-2171,484.2625,1
11-9013,17-2199,5441.5198,2
11-9013,21-2021,4177.8123,1
11-9013,21-2099,3821.7846,1
11-9013,23-1011,2966.3444999999997,2
11-9013,23-2011,1801.6186,1
11-9013,25-4031,4565.1762,1
11-9013,27-3043,285.6359,1
11-9013,29-1071,4852.8523,1
11-9013,29-1122,3453.8721,1
11-9013,29-1141,12590.534,5
11-9013,29-2061,4995.7678,1
11-9013,31-1122,8169.5737,3
11-9013,31-9092,4546.8586,1
11-9013,33-1021,1801.2765,1
11-9013,33-3051,5541.902,1
11-9013,35-1012,5729.4227,2
11-9013,35-2021,784.2394,1
11-9013,35-3031,6023.5141,1
11-9013,35-3041,2201.6487,1
11-9013,35-9021,3481.0703,1
11-9013,37-1011,4971.9575,1
11-9013,37-2012,3218.833,1
11-9013,39-2011,16343.2825,4
11-9013,39-2021,18007.6324,10
11-9013,39-5011,3261.5191,1
11-9013,41-1011,35825.022,12
11-9013,41-1012,20097.937599999997,9
11-9013,41-2031,24480.046,11
11-9013,41-3011,5043.1853,1
11-9013,41-3021,1689.1483,1
11-9013,41-3031,3929.6421,1
11-9013,41-3091,6959.7643,2
11-9013,41-9099,6050.5623,1
11-9013,43-1011,3612.5022999999997,2
11-9013,43-3021,3772.9081,1
11-9013,43-3031,17649.5658,14
11-9013,43-3099,4614.6428,1
11-9013,43-4051,1291.3921,2
11-9013,43-4071,5693.4351,2
11-9013,43-4081,5555.3785,1
11-9013,43-4131,442.5167,1
11-9013,43-4161,4068.6423,1
11-9013,43-4171,4987.871499999999,2
11-9013,43-4199,2145.8128,1
11-9013,43-5021,3617.974,1
11-9013,43-5052,2741.3214,1
11-9013,43-5071,1037.7039,1
11-9013,43-9021,3749.0666,1
11-9013,43-9061,5982.5947,3
11-9013,43-9199,4090.5082,2
11-9013,45-1011,20282.8343,7
11-9013,45-2041,10774.930400000001,2
11-9013,45-4011,437.9668,1
11-9013,47-1011,10133.5697,3
11-9013,47-2061,8224.7532,5
11-9013,47-2073,15895.5926,5
11-9013,47-2111,1557.4044,1
11-9013,47-2211,9674.444,2
11-9013,47-4051,4868.686,1
11-9013,49-2011,7607.2503,3
11-9013,49-3023,7138.175499999999,2
11-9013,49-9071,11099.9697,4
11-9013,51-1011,3441.3076,1
11-9013,51-4199,415.9908,1
11-9013,51-7021,2706.0459,1
11-9013,51-7041,3254.4953,1
11-9013,51-8021,382.3555,1
11-9013,51-9061,4324.3425,2
11-9013,51-9111,1092.1134,1
11-9013,51-9191,6613.1382,1
11-9013,53-6031,2973.011,1
11-9013,53-7041,4732.7248,2
11-9013,53-7051,8342.9697,2
11-9013,53-7062,9797.2029,6
11-9013,53-7063,499.1038,1
11-9013,53-7064,9518.7474,3
11-9013,53-7065,13660.983,3
11-9013,53-7199,3189.7133,1
11-9021,11-1011,43937.5941,15
11-9021,11-1021,56094.6475,15
11-9021,11-3021,8073.313,3
11-9021,11-3031,13273.0343,3
11-9021,11-3071,1929.6254,1
11-9021,11-3131,9282.5859,2
11-9021,11-9013,6413.8271,3
11-9021,11-9041,3756.6222,2
11-9021,11-9051,12376.078300000001,4
11-9021,11-9141,27915.522100000002,6
11-9021,11-9151,656.6935,1
11-9021,13-1041,4811.8703,1
11-9021,13-1051,44443.2594,10
11-9021,13-1081,6879.6361,2
11-9021,13-1111,28008.454599999997,7
11-9021,13-1199,6215.3374,2
11-9021,13-2011,9244.770499999999,2
11-9021,15-1211,4764.7514,1
11-9021,15-1212,1165.0618,1
11-9021,15-1242,4717.8977,1
11-9021,15-1253,2054.2225,2
11-9021,15-1254,5404.1277,1
11-9021,17-2011,3522.5548,1
11-9021,17-2051,17151.3046,8
11-9021,17-2141,10568.4608,2
11-9021,17-2171,5868.7239,2
11-9021,17-2199,9790.4104,2
11-9021,19-2099,4018.8417,1
11-9021,19-3051,10181.057,2
11-9021,21-1093,1561.2257,1
11-9021,21-2011,6021.3493,1
11-9021,23-1011,4738.5005,1
11-9021,27-3031,6415.5353,1
11-9021,27-3042,4933.0141,1
11-9021,29-1127,335.4271,1
11-9021,29-1141,13209.9788,2
11-9021,31-9011,6618.63,1
11-9021,31-9091,4131.3146,1
11-9021,33-1011,846.6449,1
11-9021,33-3051,9598.8741,2
11-9021,33-9093,609.402,1
11-9021,35-1011,7603.9741,1
11-9021,35-1012,1777.4405,1
11-9021,35-3011,2451.5278,1
11-9021,35-3031,9748.601200000001,2
11-9021,35-9011,4762.3994,1
11-9021,37-1011,5031.285,1
11-9021,37-1012,16797.2852,3
11-9021,37-2012,4291.1464,1
11-9021,39-2021,3780.1988,1
11-9021,39-5011,6403.8263,1
11-9021,39-5012,3931.6643,1
11-9021,39-9011,1408.8986,2
11-9021,41-1011,40155.426999999996,9
11-9021,41-1012,30988.5671,7
11-9021,41-2031,53743.9337,14
11-9021,41-3021,6150.241,1
11-9021,41-3091,6887.8505000000005,2
11-9021,41-9031,4745.7248,1
11-9021,41-9099,5497.4425,1
11-9021,43-1011,20679.6802,6
11-9021,43-3011,3569.9906,1
11-9021,43-3031,2483.6142,1
11-9021,43-4031,6501.2964,1
11-9021,43-4051,14568.3079,6
11-9021,43-4071,5124.8274,1
11-9021,43-4131,2009.6926,1
11-9021,43-4151,4175.5287,1
11-9021,43-4161,3316.4423,1
11-9021,43-4171,15282.6361,3
11-9021,43-5021,19898.5769,4
11-9021,43-5111,893.0189,1
11-9021,43-9021,2688.4705,1
11-9021,43-9061,7566.251,2
11-9021,43-9199,12858.846300000001,4
11-9021,47-1011,295821.4721,87
11-9021,47-2031,174850.8344,52
11-9021,47-2061,326641.3709,91
11-9021,47-2073,14029.709900000002,4
11-9021,47-2111,15514.5815,7
11-9021,47-2141,40548.2242,11
11-9021,47-2181,10198.9681,3
11-9021,47-2211,9166.6613,3
11-9021,47-4011,7886.9798,3
11-9021,47-4051,5277.1062,1
11-9021,47-5023,4148.2316,1
11-9021,49-1011,11271.4946,4
11-9021,49-3023,14226.1354,3
11-9021,49-3031,1940.0731,1
11-9021,49-9021,23107.7157,6
11-9021,49-9052,3632.544,1
11-9021,49-9071,26073.578,8
11-9021,51-1011,11566.3527,3
11-9021,51-4041,1408.2546,1
11-9021,51-4199,8337.6975,2
11-9021,51-6021,4610.6606,1
11-9021,51-7011,7460.7795,1
11-9021,51-9061,23401.3615,5
11-9021,53-3099,5557.6611,1
11-9021,53-6051,4879.7718,1
11-9021,53-7051,9077.3526,3
11-9021,53-7062,27673.1748,9
11-9021,53-7064,5310.1094,1
11-9021,53-7065,4379.947999999999,2
11-9041,11-1011,6444.4925,2
11-9041,11-1021,13676.3966,3
11-9041,11-3021,29691.8083,8
11-9041,11-3031,7839.6879,2
11-9041,11-9021,7252.2353,2
11-9041,11-9141,6171.2554,2
11-9041,13-1111,3630.3658,2
11-9041,13-2011,3408.1164,1
11-9041,15-1212,4109.2598,1
11-9041,15-1242,2176.886,1
11-9041,15-1253,4994.8752,1
11-9041,17-2011,33070.7337,8
11-9041,17-2041,1767.3759,1
11-9041,17-2051,12624.6698,4
11-9041,17-2061,4102.226,1
11-9041,17-2081,3865.4439,1
11-9041,17-2121,5020.5279,1
11-9041,17-2141,44564.8068,11
11-9041,17-2199,46326.001000000004,12
11-9041,23-1011,4214.1829,1
11-9041,27-3043,431.6755,1
11-9041,29-1141,5253.4081,1
11-9041,37-1011,4690.9963,1
11-9041,41-1011,5342.337100000001,2
11-9041,41-9031,948.1218,1
11-9041,41-9091,4404.1484,1
11-9041,43-1011,4447.4175,1
11-9041,47-1011,4408.9164,1
11-9041,47-2061,4173.1795,1
11-9041,49-1011,4887.1735,1
11-9041,51-8021,2923.8721,1
11-9051,11-1011,12665.7678,5
11-9051,11-1021,120427.797,35
11-9051,11-3021,9560.4448,4
11-9051,11-3031,5706.1435,2
11-9051,11-3051,9362.7023,2
11-9051,11-3071,4469.2364,1
11-9051,11-3121,3932.2588,1
11-9051,11-9013,8938.447100000001,2
11-9051,11-9021,10146.4197,2
11-9051,11-9081,10396.8907,2
11-9051,11-9111,5328.4849,1
11-9051,11-9141,2389.5035,1
11-9051,11-9151,7471.9286,3
11-9051,13-1023,1191.6899,1
11-9051,13-1121,3689.9314,1
11-9051,13-1161,24951.458300000002,4
11-9051,13-1199,11376.751499999998,4
11-9051,13-2011,5512.0169,1
11-9051,15-1244,4656.3404,1
11-9051,15-1251,6013.159,2
11-9051,15-1253,12760.3558,3
11-9051,17-2199,3973.7053,2
11-9051,21-1092,10624.4367,2
11-9051,23-1011,689.8938,1
11-9051,23-2011,4364.9468,1
11-9051,27-3031,4465.3894,1
11-9051,29-1123,1050.5669,1
11-9051,29-1129,2919.2627,1
11-9051,29-1141,1911.585,1
11-9051,29-1171,817.2285,1
11-9051,29-2061,13998.365,4
11-9051,31-1122,7834.6834,1
11-9051,31-9092,3941.1178,1
11-9051,33-1012,2883.5649,1
11-9051,33-2011,6038.3088,1
11-9051,33-3051,3512.4295,2
11-9051,33-9091,4454.4391,1
11-9051,35-1011,61009.4019,17
11-9051,35-1012,184548.5117,53
11-9051,35-2021,40430.7206,13
11-9051,35-3011,41657.3345,14
11-9051,35-3031,96785.7558,27
11-9051,35-3041,6760.156,2
11-9051,35-9011,11541.719099999998,4
11-9051,35-9031,8982.235,3
11-9051,37-2012,11789.625,4
11-9051,39-2021,363.9093,1
11-9051,39-5012,17363.188000000002,4
11-9051,39-9011,22455.9984,5
11-9051,41-1011,115244.3043,33
11-9051,41-1012,12079.512499999999,5
11-9051,41-2031,46459.4876,11
11-9051,41-3021,899.3817,1
11-9051,41-3041,4571.0675,1
11-9051,41-3091,5076.8397,1
11-9051,41-9099,9800.787900000001,3
11-9051,43-1011,4873.5581,1
11-9051,43-3021,8283.6276,1
11-9051,43-3031,7276.4361,2
11-9051,43-3051,4591.1511,1
11-9051,43-3071,4316.9355,1
11-9051,43-4051,52913.1214,14
11-9051,43-4151,1489.7516,1
11-9051,43-4161,487.9715,1
11-9051,43-4171,5362.6348,3
11-9051,43-4181,572.2601,1
11-9051,43-5021,21539.908,5
11-9051,43-5071,4583.2427,1
11-9051,43-9041,8859.5401,4
11-9051,43-9061,8251.3901,2
11-9051,43-9071,4323.2654,1
11-9051,43-9199,5529.2189,2
11-9051,47-2031,5139.8981,1
11-9051,47-2061,15379.043399999999,5
11-9051,47-2073,5430.9324,1
11-9051,47-2111,2696.6901,1
11-9051,47-2181,5030.4516,1
11-9051,47-4051,2564.1206,1
11-9051,49-1011,7536.780000000001,2
11-9051,49-2011,6489.6941,1
11-9051,49-3023,9207.480599999999,2
11-9051,49-9021,4914.943,2
11-9051,49-9051,2735.0479,1
11-9051,51-1011,2436.7111,1
11-9051,51-3011,12523.2225,4
11-9051,51-3092,1029.6352,1
11-9051,51-3093,3552.1055,1
11-9051,51-4041,2798.4378,1
11-9051,51-6011,3880.4663,1
11-9051,51-9061,2187.2876,1
11-9051,51-9111,1672.4373,1
11-9051,53-6021,5299.7177,1
11-9051,53-6031,6295.2446,1
11-9051,53-6051,4605.7401,1
11-9051,53-7051,8146.9686,1
11-9051,53-7061,4122.3711,1
11-9051,53-7062,31074.9201,9
11-9051,53-7064,8691.887200000001,2
11-9051,53-7065,53966.1963,12
11-9051,53-7081,4811.7935,1
11-9081,11-1011,913.8714,1
11-9081,11-1021,45830.8002,13
11-9081,11-3031,15363.3309,3
11-9081,11-3071,4698.6885,1
11-9081,11-9051,15209.712,4
11-9081,11-9111,7878.5235999999995,2
11-9081,11-9141,11556.622599999999,2
11-9081,11-9151,4762.3278,1
11-9081,13-1121,1064.7478,2
11-9081,13-2011,5238.6972,1
11-9081,13-2061,3318.8463,1
11-9081,15-1253,9073.4161,2
11-9081,27-4021,4154.1556,1
11-9081,31-1122,6806.6145,3
11-9081,31-9095,5298.6353,1
11-9081,35-1011,3795.9856,1
11-9081,35-1012,8892.195,2
11-9081,35-2021,810.0216,1
11-9081,35-3011,3898.9862,1
11-9081,35-3031,4693.3612,1
11-9081,35-9031,7391.857599999999,2
11-9081,37-1011,11016.2063,2
11-9081,37-2012,951.7258,2
11-9081,39-5012,3706.2214,1
11-9081,41-1011,9641.1118,2
11-9081,41-2031,5249.8754,1
11-9081,41-3041,4796.4602,1
11-9081,41-3091,3913.6873,1
11-9081,41-9099,6585.2562,1
11-9081,43-1011,2640.5721999999996,2
11-9081,43-3031,9005.0002,4
11-9081,43-4051,843.3101,1
11-9081,43-4081,9855.527100000001,3
11-9081,43-4171,5951.7519,1
11-9081,43-4181,4589.5321,1
11-9081,43-5021,6025.3274,1
11-9081,43-9021,6991.9051,1
11-9081,43-9061,1873.6812,1
11-9081,49-3011,5567.3769,1
11-9081,49-3023,1278.0513,1
11-9081,51-1011,5932.2706,1
11-9081,51-8021,6328.2453,1
11-9081,53-7061,3850.3387,1
11-9111,11-1011,28585.1555,9
11-9111,11-1021,43344.5426,14
11-9111,11-2011,1925.781,1
11-9111,11-3021,14247.7886,4
11-9111,11-3031,38439.3414,10
11-9111,11-3051,14246.3449,4
11-9111,11-3061,9444.8526,3
11-9111,11-3071,13517.247299999999,3
11-9111,11-3121,7315.919,4
11-9111,11-3131,3263.1541,1
11-9111,11-9021,15215.092400000001,3
11-9111,11-9041,2072.3958,1
11-9111,11-9051,15667.4439,4
11-9111,11-9081,16432.9239,5
11-9111,11-9121,853.8358,1
11-9111,11-9141,5125.7944,2
11-9111,11-9151,26110.9941,7
11-9111,11-9161,3717.1598,1
11-9111,13-1041,4122.7023,1
11-9111,13-1111,29299.2905,7
11-9111,13-1121,2321.6206,2
11-9111,13-1141,4701.8766,1
11-9111,13-1151,5051.6512999999995,2
11-9111,13-1161,3170.7128,1
11-9111,13-1199,8282.1048,4
11-9111,13-2011,36098.5303,8
11-9111,13-2051,1015.726,1
11-9111,13-2053,2133.3339,1
11-9111,15-1211,4597.8498,1
11-9111,15-1253,28531.261899999998,7
11-9111,15-2011,962.3851,1
11-9111,15-2031,5863.1719,1
11-9111,17-2199,1634.1288,1
11-9111,19-2099,9341.2031,2
11-9111,21-1092,3240.634,1
11-9111,21-1093,17969.7088,5
11-9111,21-2011,810.1318,1
11-9111,23-1011,11856.8748,4
11-9111,23-2011,3679.9609,1
11-9111,27-2012,1298.8678,1
11-9111,29-1011,8927.5665,2
11-9111,29-1031,4600.56,1
11-9111,29-1051,18759.124799999998,4
11-9111,29-1123,13916.2199,5
11-9111,29-1124,4742.0399,1
11-9111,29-1126,4261.451,1
11-9111,29-1127,2257.469,1
11-9111,29-1129,27236.4239,8
11-9111,29-1141,162859.3564,57
11-9111,29-1171,11287.6432,4
11-9111,29-1292,8588.3063,2
11-9111,29-2061,15131.1144,4
11-9111,31-1122,14112.131300000001,10
11-9111,31-9091,7546.204,3
11-9111,31-9092,23175.6199,7
11-9111,31-9094,3988.5507,1
11-9111,33-9093,4780.0241,1
11-9111,35-1011,1009.0687,1
11-9111,35-1012,3985.554,1
11-9111,35-2021,632.9615,1
11-9111,35-3031,7544.6249,2
11-9111,35-9011,8553.4394,1
11-9111,35-9031,5459.5218,2
11-9111,37-1011,5916.6713,1
11-9111,37-1012,4336.9714,1
11-9111,37-2012,5492.4703,1
11-9111,39-2021,7031.995999999999,2
11-9111,39-5012,2344.2897,1
11-9111,39-9011,8452.088,2
11-9111,41-1011,26704.9101,7
11-9111,41-1012,9803.3703,4
11-9111,41-2031,8801.6443,2
11-9111,41-3021,7121.5358,3
11-9111,41-3091,13162.674299999999,3
11-9111,43-1011,61254.183600000004,22
11-9111,43-3021,8382.7615,3
11-9111,43-3031,12257.681400000001,4
11-9111,43-3099,3241.2398,1
11-9111,43-4051,27570.6466,6
11-9111,43-4071,5205.8635,1
11-9111,43-4111,3246.9607,1
11-9111,43-4161,5145.4494,1
11-9111,43-4171,40270.9445,10
11-9111,43-5052,3284.8733,1
11-9111,43-9021,4151.7649,1
11-9111,43-9061,59175.4556,18
11-9111,43-9199,29934.5633,12
11-9111,45-2041,4030.509,1
11-9111,47-2061,8690.5206,3
11-9111,47-2181,3272.3995,1
11-9111,49-1011,3788.1752,1
11-9111,51-1011,8389.2087,2
11-9111,51-9061,1836.3557,2
11-9111,53-3011,3451.671,1
11-9111,53-7051,4464.7767,1
11-9111,53-7062,1535.0867,1
11-9111,53-7064,9494.9625,2
11-9111,53-7065,8302.5227,2
11-9121,11-1011,512.5845,1
11-9121,11-1021,466.7598,1
11-9121,11-3021,2616.9432,1
11-9121,11-9013,707.5885,1
11-9121,11-9021,2923.8166,1
11-9121,11-9111,5656.4613,1
11-9121,13-1111,4793.9946,1
11-9121,13-2031,486.8081,1
11-9121,19-2099,15584.605599999999,4
11-9121,31-9092,2539.0324,1
11-9121,43-1011,4676.4125,1
11-9121,43-4051,3159.5935,1
11-9121,43-4171,9185.206,2
11-9121,43-9061,449.0184,1
11-9121,43-9199,7295.667600000001,2
11-9141,11-1011,43582.4243,13
11-9141,11-1021,56932.7183,15
11-9141,11-3021,4067.12,1
11-9141,11-3031,30760.9916,10
11-9141,11-3051,541.9015,1
11-9141,11-3061,9215.6816,2
11-9141,11-9013,4786.7856,2
11-9141,11-9021,22611.0334,7
11-9141,11-9041,5081.893,1
11-9141,11-9051,13161.5681,4
11-9141,11-9081,629.7976,1
11-9141,11-9111,13317.6645,4
11-9141,11-9151,16638.9194,3
11-9141,13-1023,4751.5153,1
11-9141,13-1041,7649.2624,1
11-9141,13-1051,3900.4829,1
11-9141,13-1111,38014.6941,10
11-9141,13-1121,2342.1897,2
11-9141,13-1151,5034.325199999999,2
11-9141,13-1161,5214.6427,1
11-9141,13-1199,11764.4947,4
11-9141,13-2011,18248.098599999998,5
11-9141,13-2051,25751.597999999998,7
11-9141,13-2052,441.0847,1
11-9141,13-2082,8104.5646,2
11-9141,13-2099,5270.8811,1
11-9141,15-1211,10040.1678,2
11-9141,15-1244,7722.8768,2
11-9141,15-1253,8668.218,3
11-9141,17-2011,6553.2133,1
11-9141,17-2051,4050.0406,1
11-9141,17-2081,3000.1373,1
11-9141,17-2199,4212.3833,1
11-9141,19-2099,18827.4909,4
11-9141,21-1093,13737.9081,4
11-9141,21-2011,1432.75,1
11-9141,23-1011,9214.9182,3
11-9141,23-2011,7900.5653,1
11-9141,27-2012,3692.6367,1
11-9141,27-3041,4388.724,1
11-9141,27-3043,718.5181,1
11-9141,27-4021,4580.2551,1
11-9141,29-1127,4784.1698,1
11-9141,29-1129,703.0063,1
11-9141,29-1141,13911.0484,4
11-9141,29-1292,1040.8453,1
11-9141,29-2061,5195.7674,1
11-9141,29-2081,5211.0335000000005,2
11-9141,31-1122,12302.420900000001,5
11-9141,31-9011,4655.7366,1
11-9141,31-9092,4980.331,1
11-9141,33-2011,2414.4993,1
11-9141,33-3051,10949.120200000001,2
11-9141,35-2021,6921.8724999999995,2
11-9141,35-3031,8230.3546,2
11-9141,35-9011,1072.0571,1
11-9141,35-9031,485.2789,1
11-9141,37-1011,5972.1501,2
11-9141,37-1012,5202.7294,1
11-9141,37-2012,1875.7924,1
11-9141,39-2011,2240.4149,1
11-9141,39-2021,8054.3422,2
11-9141,39-5011,4931.331,1
11-9141,39-9011,6080.8055,1
11-9141,41-1011,23608.174,8
11-9141,41-1012,25698.311,9
11-9141,41-2021,2335.926,1
11-9141,41-2031,20461.3886,6
11-9141,41-3031,2197.1423,1
11-9141,41-3091,4786.7069,1
11-9141,41-9041,5656.6113,1
11-9141,43-1011,16806.2876,5
11-9141,43-3021,1536.8205,1
11-9141,43-3031,28129.945499999998,10
11-9141,43-4051,13064.7375,6
11-9141,43-4061,7053.9657,1
11-9141,43-4071,2265.6261,1
11-9141,43-4111,2089.0922,2
11-9141,43-4171,5965.9281,1
11-9141,43-4181,7591.6384,1
11-9141,43-5021,3464.5758,1
11-9141,43-5053,5897.7046,1
11-9141,43-5071,4146.2124,1
11-9141,43-9061,44830.8851,14
11-9141,43-9199,11562.3133,4
11-9141,47-1011,19325.4304,4
11-9141,47-2031,6622.8235,4
11-9141,47-2061,17228.7607,5
11-9141,47-2111,4649.1628,1
11-9141,47-2141,1036.1865,1
11-9141,47-2181,3555.4491,1
11-9141,47-4011,9121.5516,1
11-9141,49-1011,12038.2308,4
11-9141,49-2011,5215.8772,1
11-9141,49-9051,1105.2159,1
11-9141,49-9071,44903.8885,10
11-9141,51-3011,5249.287,1
11-9141,51-3092,4380.5398,1
11-9141,51-5113,4146.6042,1
11-9141,51-9061,1204.8043,1
11-9141,51-9151,3586.3344,1
11-9141,53-7061,502.1005,1
11-9141,53-7062,22768.266799999998,6
11-9141,53-7065,7154.877,1
11-9151,11-1011,41977.4356,13
11-9151,11-1021,13791.8413,3
11-9151,11-3021,1028.1774,2
11-9151,11-3031,10528.9818,3
11-9151,11-3121,5212.8481,3
11-9151,11-3131,434.9216,1
11-9151,11-9013,2279.1556,3
11-9151,11-9021,978.5795,1
11-9151,11-9051,6934.3493,4
11-9151,11-9081,7913.3355,2
11-9151,11-9111,47062.297699999996,15
11-9151,11-9141,25288.1113,6
11-9151,13-1011,3718.137,1
11-9151,13-1111,18720.1068,5
11-9151,13-1121,3665.5686,1
11-9151,13-1131,17775.8621,5
11-9151,13-1151,7479.9399,2
11-9151,13-1161,2206.6635,1
11-9151,13-1199,15692.4087,6
11-9151,13-2011,4453.541,2
11-9151,13-2052,10727.3204,3
11-9151,13-2053,2682.5994,1
11-9151,13-2099,555.2315,1
11-9151,15-1211,4394.3628,1
11-9151,15-1251,5018.1826,2
11-9151,15-2031,5195.9944000000005,3
11-9151,17-2199,835.8791,1
11-9151,21-1093,34294.3655,12
11-9151,21-2011,4640.7341,2
11-9151,21-2021,7645.593800000001,2
11-9151,23-1011,12590.854800000001,3
11-9151,23-2011,405.0703,1
11-9151,25-4022,321.7659,1
11-9151,29-1122,4301.5637,1
11-9151,29-1123,7156.4514,2
11-9151,29-1141,9079.4883,5
11-9151,31-1122,31711.4885,10
11-9151,31-9091,822.4557,1
11-9151,35-1012,4650.0697,1
11-9151,35-3011,4885.8278,1
11-9151,35-3031,7221.9791000000005,2
11-9151,35-9011,4500.9619,1
11-9151,35-9031,5290.4013,1
11-9151,39-5012,4549.9118,1
11-9151,39-9011,5771.3940999999995,2
11-9151,41-1011,25439.3249,5
11-9151,41-1012,10075.677599999999,2
11-9151,41-2031,5901.5964,2
11-9151,41-3021,2632.022,1
11-9151,41-3041,4490.6175,1
11-9151,41-9099,5202.8729,2
11-9151,43-1011,20718.5501,5
11-9151,43-3011,9638.5143,2
11-9151,43-3031,7610.5337,2
11-9151,43-4051,9668.2746,3
11-9151,43-4061,1805.4348,1
11-9151,43-4121,1545.6584,1
11-9151,43-4199,434.9803,1
11-9151,43-5021,4844.1405,1
11-9151,43-5052,4925.018,1
11-9151,43-9022,5521.7385,1
11-9151,43-9061,19540.7913,7
11-9151,43-9199,36439.5397,11
11-9151,47-2031,4665.3075,1
11-9151,47-2141,3798.0932,1
11-9151,49-1011,7332.43,2
11-9151,49-3011,711.0753,1
11-9151,49-9021,6990.8295,1
11-9151,51-1011,4384.1417,1
11-9151,51-5111,4445.8239,1
11-9161,13-1081,3330.9551,1
11-9161,33-3051,3079.8321,1
11-9161,41-9099,3649.9092,1
11-9161,43-1011,4540.3785,1
11-9161,43-5061,764.6531,1
13-1011,11-1011,2862.0284,1
13-1011,11-1021,4356.1788,1
13-1011,11-9021,5905.7429,1
13-1011,11-9051,8747.8956,2
13-1011,11-9111,3191.8688,1
13-1011,11-9141,4167.0707,1
13-1011,11-9151,3932.9076,1
13-1011,13-1022,4351.564,1
13-1011,13-1081,6722.6782,1
13-1011,13-1111,4588.971299999999,2
13-1011,13-1121,10510.4663,3
13-1011,13-2011,617.6878,1
13-1011,23-1012,2205.6072,1
13-1011,35-3041,5681.7798,1
13-1011,35-9031,3446.8554,1
13-1011,41-3031,16833.036,4
13-1011,41-3041,7467.5484,1
13-1011,43-1011,4156.6068,1
13-1011,43-3031,3454.6177,1
13-1011,43-4181,2203.1514,1
13-1011,53-7064,1477.9317,1
13-1021,11-3061,1402.0984,1
13-1021,11-9013,5002.8401,1
13-1021,13-1023,8119.6589,2
13-1021,41-1012,968.0933,1
13-1021,43-3021,2111.6729,1
13-1021,47-2031,2474.2818,1
13-1021,53-7021,3060.5713,1
13-1021,53-7062,2942.4438,3
13-1022,11-1011,8628.1174,2
13-1022,11-1021,17573.6366,4
13-1022,11-3051,11243.354599999999,2
13-1022,11-3061,10299.3379,3
13-1022,13-1023,28759.1986,9
13-1022,13-1081,1056.42,1
13-1022,13-1111,1047.9089,1
13-1022,13-1131,621.9929,1
13-1022,13-1161,5308.5801,1
13-1022,13-2011,3586.0087,1
13-1022,13-2052,4882.4509,1
13-1022,15-1211,4667.6879,1
13-1022,15-1253,7120.3747,2
13-1022,25-4022,6415.2166,1
13-1022,27-2011,4008.47,1
13-1022,29-1141,5376.5387,1
13-1022,35-1011,2279.9084,1
13-1022,35-3011,3123.9495,1
13-1022,37-1012,2471.3488,1
13-1022,39-2021,4602.538,1
13-1022,39-9011,1837.782,1
13-1022,41-1011,53327.9905,14
13-1022,41-1012,2467.0364,1
13-1022,41-2031,84347.9221,19
13-1022,41-3011,2083.148,1
13-1022,41-3021,4701.2611,1
13-1022,41-3031,4927.1992,1
13-1022,41-3091,8864.7295,2
13-1022,43-1011,1044.2966,1
13-1022,43-3021,1970.5525,1
13-1022,43-3031,4373.7689,1
13-1022,43-4051,3267.5548,1
13-1022,43-4111,9337.0085,2
13-1022,43-4151,8688.9167,2
13-1022,43-4171,4422.1153,1
13-1022,43-4199,1656.5569,1
13-1022,43-5021,7575.1494,2
13-1022,43-5071,8474.941299999999,2
13-1022,43-9022,1150.7466,1
13-1022,43-9061,4542.0021,1
13-1022,45-1011,379.4365,1
13-1022,47-2061,8835.499899999999,4
13-1022,51-1011,4035.8075,1
13-1022,51-5113,3969.116,1
13-1022,53-7062,12830.6944,2
13-1022,53-7064,4594.5767,1
13-1022,53-7065,21068.9963,8
13-1023,11-1011,6951.1627,2
13-1023,11-3031,4732.7585,1
13-1023,11-3061,55967.865900000004,15
13-1023,11-3071,3567.6628,1
13-1023,11-9021,9882.713600000001,2
13-1023,11-9051,1956.3808,1
13-1023,11-9111,2127.4536,1
13-1023,11-9141,7217.0965,3
13-1023,13-1022,42981.9382,12
13-1023,13-1041,10951.7887,2
13-1023,13-1081,3465.9296,3
13-1023,13-1111,3886.9576,3
13-1023,13-1151,4648.5141,1
13-1023,13-1199,8739.7474,2
13-1023,13-2011,11558.0599,3
13-1023,13-2031,5052.095,1
13-1023,15-1211,11964.7763,3
13-1023,17-2011,3661.9421,1
13-1023,17-2131,1315.2,1
13-1023,17-2141,5035.8259,1
13-1023,25-4031,434.9271,1
13-1023,27-3043,904.3496,1
13-1023,29-1051,4733.3894,1
13-1023,29-1141,3475.9934999999996,2
13-1023,29-1292,3170.9775,1
13-1023,31-1122,8181.2627,1
13-1023,35-3011,6449.2779,1
13-1023,35-3031,4898.4025,1
13-1023,37-2012,6525.0307,1
13-1023,41-1011,8458.5962,2
13-1023,41-1012,2879.1339,1
13-1023,41-2021,5439.3138,1
13-1023,41-2031,13107.0445,6
13-1023,41-3031,4927.2097,1
13-1023,41-3091,5836.974200000001,2
13-1023,41-9099,6832.9492,2
13-1023,43-1011,14745.8733,4
13-1023,43-3011,3489.1511,1
13-1023,43-3021,5208.7328,1
13-1023,43-3031,6366.6829,2
13-1023,43-3061,47526.878899999996,13
13-1023,43-4031,5135.3927,1
13-1023,43-4051,13756.917300000001,2
13-1023,43-4171,4103.4184,1
13-1023,43-5021,3830.1353,1
13-1023,43-5071,20772.199800000002,5
13-1023,43-9021,2124.0734,1
13-1023,43-9061,11793.7239,3
13-1023,43-9199,7966.644899999999,2
13-1023,47-2061,5634.207399999999,2
13-1023,47-2111,2304.3147,1
13-1023,49-3023,2762.276,1
13-1023,51-1011,4005.6441,3
13-1023,51-9111,3752.86,1
13-1023,53-7062,12954.2227,3
13-1023,53-7065,8948.4091,3
13-1041,11-1011,5265.132,2
13-1041,11-1021,4573.2376,2
13-1041,11-3021,10163.1371,3
13-1041,11-3031,2688.6555,1
13-1041,11-3121,686.3971,1
13-1041,11-9013,3034.5509,3
13-1041,11-9021,479.8072,1
13-1041,11-9111,5624.0489,2
13-1041,11-9141,5478.3626,1
13-1041,11-9151,15892.304,3
13-1041,13-1111,20840.5281,5
13-1041,13-1199,5574.9401,1
13-1041,13-2011,28578.6664,7
13-1041,13-2051,5666.905000000001,2
13-1041,13-2061,4652.0399,1
13-1041,13-2099,2582.9527,1
13-1041,15-1211,1261.1859,1
13-1041,15-1244,4218.8348,1
13-1041,15-1251,3489.2197,1
13-1041,15-1253,13052.1715,3
13-1041,15-2031,4772.8915,1
13-1041,17-2011,5922.4652,1
13-1041,17-2031,1389.1685,1
13-1041,17-2081,2971.0059,2
13-1041,17-2141,5403.1781,1
13-1041,17-2199,456.544,1
13-1041,19-2099,11478.2881,3
13-1041,21-1092,1429.6848,1
13-1041,21-1093,5419.7923,1
13-1041,23-1011,33980.635,7
13-1041,23-2011,5056.5023,1
13-1041,27-3041,4222.1199,1
13-1041,27-3042,4509.6049,1
13-1041,27-3043,4485.3416,2
13-1041,29-1127,1122.799,2
13-1041,29-1131,909.81,1
13-1041,29-1141,8628.4592,4
13-1041,31-9092,9615.1296,3
13-1041,33-1012,1847.7498,1
13-1041,33-3021,509.7658,1
13-1041,33-3041,818.5343,1
13-1041,33-3051,1666.4211,1
13-1041,35-3031,4566.9641,1
13-1041,41-1012,8840.4787,2
13-1041,41-2031,4212.0808,1
13-1041,41-3091,4784.2696,1
13-1041,43-1011,22582.6074,8
13-1041,43-3021,4862.9037,1
13-1041,43-3031,1223.1582,1
13-1041,43-4031,12670.7342,4
13-1041,43-4051,13691.487799999999,6
13-1041,43-4071,5328.4262,1
13-1041,43-4161,9988.4083,2
13-1041,43-4171,6399.0525,1
13-1041,43-4199,5467.3772,1
13-1041,43-5111,4218.3933,1
13-1041,43-9021,921.4945,1
13-1041,43-9061,26771.0271,5
13-1041,43-9199,11664.6877,4
13-1041,45-2011,4706.6838,1
13-1041,47-1011,5959.3059,1
13-1041,47-2031,1963.3335,1
13-1041,47-2061,5064.5287,1
13-1041,47-2111,2871.2201,1
13-1041,47-4011,7531.083200000001,3
13-1041,49-3011,6190.6714,1
13-1041,49-9021,4179.1109,1
13-1041,51-1011,3674.4897,1
13-1041,51-9061,18237.7726,7
13-1041,53-6051,12213.4273,3
13-1051,11-9021,23068.1,6
13-1051,13-1161,4543.6664,1
13-1051,13-2081,2588.1575,1
13-1051,15-1253,4116.8351,1
13-1051,15-1254,4910.2821,1
13-1051,17-2051,6123.155,2
13-1051,33-9091,929.569,1
13-1051,41-1012,1570.0331,1
13-1051,41-2031,5720.9072,1
13-1051,41-3091,3962.5567,1
13-1051,41-9099,7346.6714,2
13-1051,43-1011,5181.096299999999,2
13-1051,43-3021,575.0476,1
13-1051,43-4051,3761.3899,1
13-1051,43-4171,648.3297,1
13-1051,43-5111,4348.2867,1
13-1051,43-9199,7688.8479,1
13-1051,47-1011,5044.7654,1
13-1051,47-2031,4335.1077,1
13-1051,47-2061,9113.6106,2
13-1051,47-2141,4583.6236,1
13-1051,47-4031,2101.3151,1
13-1051,49-3021,747.7152,1
13-1051,49-3023,5762.3019,1
13-1051,49-9071,5184.5921,1
13-1051,51-5112,494.0334,1
13-1051,51-9061,5201.778200000001,2
13-1051,53-7062,4613.822,1
13-1081,11-1021,17119.699,5
13-1081,11-3021,4259.0039,1
13-1081,11-3051,1612.191,1
13-1081,11-3071,14751.4646,5
13-1081,11-3121,6555.4107,1
13-1081,11-9013,4621.0894,3
13-1081,11-9081,1109.9137,1
13-1081,13-1011,2444.6729,1
13-1081,13-1023,7461.4216,2
13-1081,13-1111,15991.795900000001,3
13-1081,13-1161,5818.8575,1
13-1081,13-1199,5989.2422,1
13-1081,13-2011,542.3275,1
13-1081,13-2052,3903.9424,1
13-1081,15-1211,5360.821400000001,3
13-1081,15-1242,1070.8084,1
13-1081,21-2011,5982.4494,1
13-1081,25-4022,3015.261,1
13-1081,31-9092,4182.3454,1
13-1081,33-2011,4780.2768,1
13-1081,33-3041,3418.5621,1
13-1081,35-2021,4008.5517,1
13-1081,41-1011,7093.6109,2
13-1081,41-1012,10782.3629,2
13-1081,41-2021,3665.0094,1
13-1081,41-2031,4548.0383,1
13-1081,41-3011,8750.7052,1
13-1081,41-3021,7227.910900000001,2
13-1081,43-1011,7188.8318,2
13-1081,43-4051,29820.605799999998,9
13-1081,43-4171,7695.1318,3
13-1081,43-5021,4873.9216,1
13-1081,43-5061,15728.025699999998,5
13-1081,43-5071,31774.3776,8
13-1081,43-9061,6778.612499999999,2
13-1081,43-9199,20316.8573,6
13-1081,45-2041,4902.725,1
13-1081,47-2031,7260.9288,1
13-1081,47-2061,7062.2362,2
13-1081,49-1011,1713.1131,1
13-1081,49-3031,1078.515,1
13-1081,49-9071,5058.3428,1
13-1081,51-1011,10581.986499999999,3
13-1081,53-7051,4518.9133,1
13-1081,53-7062,23460.302,4
13-1081,53-7065,30010.8584,9
13-1111,11-1011,48674.3559,17
13-1111,11-1021,22409.273800000003,7
13-1111,11-2011,394.8943,1
13-1111,11-3021,40482.159,10
13-1111,11-3031,39698.263399999996,13
13-1111,11-3051,12815.4761,3
13-1111,11-3061,398.3893,1
13-1111,11-3071,1132.423,1
13-1111,11-3121,13360.7593,4
13-1111,11-9013,20580.0497,6
13-1111,11-9021,8679.6873,3
13-1111,11-9051,1879.5901,1
13-1111,11-9081,4809.7332,1
13-1111,11-9111,45212.9248,11
13-1111,11-9121,2694.9713,1
13-1111,11-9141,14488.4301,6
13-1111,11-9151,8525.2844,5
13-1111,13-1023,11716.5041,5
13-1111,13-1041,15005.6555,5
13-1111,13-1081,15681.0409,2
13-1111,13-1121,11485.1961,3
13-1111,13-1131,4013.471,2
13-1111,13-1141,6422.5514,2
13-1111,13-1151,2598.3502,2
13-1111,13-1161,58063.4904,14
13-1111,13-1199,47064.0981,12
13-1111,13-2011,27315.1922,9
13-1111,13-2051,16570.920700000002,3
13-1111,13-2052,64772.0862,18
13-1111,13-2081,3362.1258,1
13-1111,13-2082,10651.1324,2
13-1111,15-1211,90154.5705,23
13-1111,15-1212,13187.3562,3
13-1111,15-1221,6285.464,2
13-1111,15-1241,9084.1185,2
13-1111,15-1242,10626.853299999999,2
13-1111,15-1244,4825.0654,1
13-1111,15-1251,15683.4409,5
13-1111,15-1253,55480.4432,14
13-1111,15-1254,7785.2491,1
13-1111,15-2031,33234.8743,11
13-1111,17-2011,5110.3429,1
13-1111,17-2041,6458.242,1
13-1111,17-2051,19031.8224,5
13-1111,17-2081,8882.0221,2
13-1111,17-2121,4868.0881,1
13-1111,17-2141,4542.0245,1
13-1111,17-2199,52539.7094,10
13-1111,17-3031,916.9853,1
13-1111,19-2099,25859.2809,8
13-1111,19-3051,4837.2678,1
13-1111,19-4021,337.2507,1
13-1111,21-1093,8733.5517,4
13-1111,21-2099,4752.3705,1
13-1111,23-1011,15957.1872,6
13-1111,23-1012,460.522,1
13-1111,23-2011,5281.3701,1
13-1111,27-2011,4959.3805,1
13-1111,27-2012,4129.7287,1
13-1111,27-3031,7798.1140000000005,3
13-1111,27-3041,994.1836,1
13-1111,27-3042,3548.8768,1
13-1111,27-3043,3892.6656000000003,2
13-1111,29-1031,3358.1670999999997,2
13-1111,29-1051,10909.727200000001,2
13-1111,29-1071,4578.1506,1
13-1111,29-1122,4553.63,1
13-1111,29-1123,2633.6892,1
13-1111,29-1141,10821.947199999999,2
13-1111,29-1171,4679.3527,1
13-1111,31-1122,20033.052900000002,4
13-1111,31-9092,3890.4206,1
13-1111,33-1012,426.2822,1
13-1111,33-9021,4509.6946,2
13-1111,33-9091,2120.2357,1
13-1111,35-1012,5799.2245,1
13-1111,35-2021,1601.9411,1
13-1111,35-3011,2553.3969,1
13-1111,35-3031,5653.0095,1
13-1111,37-1011,3161.0719,2
13-1111,37-2012,4555.2183,2
13-1111,39-2021,3955.137,1
13-1111,39-5012,5017.4812999999995,2
13-1111,41-1011,46340.2036,13
13-1111,41-1012,27334.3853,7
13-1111,41-2031,79776.399,22
13-1111,41-3011,12791.2108,3
13-1111,41-3021,21532.7264,5
13-1111,41-3091,38925.3872,9
13-1111,41-9031,8215.882399999999,2
13-1111,41-9091,8689.4177,2
13-1111,41-9099,1330.6437,2
13-1111,43-1011,17953.097999999998,4
13-1111,43-3021,3504.9582,1
13-1111,43-3031,39889.9489,10
13-1111,43-3071,494.5197,1
13-1111,43-3099,8011.7099,3
13-1111,43-4051,35710.3052,9
13-1111,43-4081,4555.6487,1
13-1111,43-4111,1105.3273,1
13-1111,43-4151,4537.7336,1
13-1111,43-4161,4526.8448,1
13-1111,43-4199,12809.5558,3
13-1111,43-5021,17336.0838,3
13-1111,43-5061,4873.8924,1
13-1111,43-5111,7244.4438,2
13-1111,43-9021,8727.5592,2
13-1111,43-9051,3467.5862,1
13-1111,43-9061,11031.54,4
13-1111,43-9199,16794.6,5
13-1111,47-1011,9108.8438,3
13-1111,47-2061,10025.9362,2
13-1111,47-2141,6005.2523,1
13-1111,47-2181,5311.9137,1
13-1111,49-2011,268.8112,1
13-1111,49-3021,3503.4141,1
13-1111,49-3023,2797.2756,1
13-1111,49-3031,1703.5799,2
13-1111,49-9021,6475.013,1
13-1111,49-9051,3813.9132,1
13-1111,49-9052,589.6008,1
13-1111,49-9071,1666.5577,1
13-1111,51-3091,6411.2548,1
13-1111,51-3099,447.2246,1
13-1111,51-7042,4117.1745,1
13-1111,51-8031,856.1774,1
13-1111,51-9061,12153.6224,3
13-1111,53-6021,4924.8588,1
13-1111,53-7051,6749.9726,1
13-1111,53-7062,10985.1665,4
13-1111,53-7065,3435.5408,1
13-1121,11-1011,10048.600699999999,3
13-1121,11-1021,4092.1213,1
13-1121,11-2011,1236.8301,1
13-1121,11-3021,8902.3481,2
13-1121,11-3031,3962.2095,1
13-1121,11-9051,906.9038,1
13-1121,11-9081,3403.701,1
13-1121,11-9111,398.3864,1
13-1121,11-9151,3663.7865,1
13-1121,13-1161,11775.8943,3
13-1121,13-1199,7577.970499999999,3
13-1121,15-1211,468.4594,1
13-1121,15-1253,8307.3183,1
13-1121,15-2031,460.208,1
13-1121,21-1093,11219.3143,2
13-1121,27-3031,2527.0152,1
13-1121,27-4021,4342.6126,1
13-1121,29-1141,5439.5523,1
13-1121,31-9097,3417.0112,1
13-1121,35-1012,4668.8049,1
13-1121,39-4031,3886.4251,1
13-1121,39-9011,3089.8602,1
13-1121,41-1011,12796.0081,4
13-1121,41-9091,3709.555,1
13-1121,43-4051,12302.427899999999,3
13-1121,43-4151,2913.5571,1
13-1121,43-4171,3028.714,2
13-1121,43-9061,3094.3262999999997,2
13-1121,43-9071,5307.5783,1
13-1121,43-9199,19810.4793,6
13-1121,47-2061,3486.5277,1
13-1121,47-2111,6255.3588,1
13-1121,49-3023,6920.512,1
13-1121,51-9198,647.0985,1
13-1121,53-7062,20378.307099999998,6
13-1131,11-1011,2803.3099,1
13-1131,11-3031,1660.7994,1
13-1131,11-9151,21675.120199999998,6
13-1131,13-1022,708.7932,1
13-1131,13-1041,5089.0745,2
13-1131,13-1151,4189.3984,1
13-1131,13-1161,4717.4957,1
13-1131,13-1199,1567.7235,2
13-1131,13-2052,3427.2286,1
13-1131,15-1253,8362.5632,2
13-1131,19-2099,3789.1883,1
13-1131,21-1093,4613.4168,1
13-1131,21-2021,3678.8372,1
13-1131,23-1011,395.2994,1
13-1131,27-2012,4193.316,1
13-1131,27-3031,1557.4023,1
13-1131,27-3043,6190.3781,1
13-1131,29-1141,4169.884,1
13-1131,31-1122,2713.0984,1
13-1131,35-3031,2970.7815,1
13-1131,35-3041,5058.8425,1
13-1131,41-2031,5646.561699999999,2
13-1131,41-3031,4736.4791,1
13-1131,43-4171,1877.1027,1
13-1131,43-5021,4638.1007,1
13-1131,51-3091,453.134,1
13-1141,11-1021,2724.8658,1
13-1141,11-3031,1134.8349,1
13-1141,11-3111,5156.0296,1
13-1141,13-1041,3777.4406,1
13-1141,13-1111,1984.0559,1
13-1141,13-1199,959.0088000000001,2
13-1141,13-2011,4147.0483,1
13-1141,13-2052,2083.7755,1
13-1141,17-2051,824.5696,1
13-1141,23-1011,8137.5953,2
13-1141,29-1141,978.8181,1
13-1141,35-3031,1912.1869,1
13-1141,41-1011,1621.0593,1
13-1141,41-3021,8784.3298,2
13-1141,43-3031,5025.3027,1
13-1141,43-4051,6488.1258,1
13-1141,43-4061,7249.197,1
13-1141,43-4111,509.8216,1
13-1141,43-4171,3172.074,1
13-1141,43-5061,4063.9185,1
13-1141,43-9061,2998.4227,1
13-1151,11-1021,4862.3471,2
13-1151,11-3131,10189.1663,3
13-1151,13-1041,5305.2965,1
13-1151,13-1111,18534.9577,3
13-1151,13-1199,9303.7076,2
13-1151,13-2011,8357.0497,2
13-1151,15-1253,16118.389599999999,3
13-1151,15-1254,4309.493,1
13-1151,19-2099,947.6213,1
13-1151,21-1093,1068.7532,1
13-1151,23-1011,2884.7009,1
13-1151,31-9097,1388.6484,1
13-1151,35-3031,964.883,1
13-1151,41-1011,14352.3074,4
13-1151,41-1012,7258.2817,2
13-1151,41-2031,9890.066200000001,2
13-1151,41-3021,4758.1254,1
13-1151,43-1011,1982.6843999999999,2
13-1151,43-4051,10348.4779,3
13-1151,43-4161,5263.4646,1
13-1151,43-5021,3740.5942,1
13-1151,43-5052,1631.2668,1
13-1151,43-5071,8906.0654,2
13-1151,43-9041,1131.7014,1
13-1151,43-9061,9452.2888,2
13-1151,45-2041,4527.7217,1
13-1151,47-2111,11791.4065,2
13-1151,49-9071,1388.0395,1
13-1151,51-9194,872.9039,1
13-1151,53-7062,1830.7694,1
13-1151,53-7065,4061.856,1
13-1161,11-1011,28181.8315,8
13-1161,11-1021,6354.1776,2
13-1161,11-2011,9564.369200000001,2
13-1161,11-3021,5694.8502,2
13-1161,11-3031,15918.7399,4
13-1161,11-3121,5268.3496,2
13-1161,11-9013,499.5288,1
13-1161,11-9021,3701.0766,1
13-1161,11-9041,5087.3248,1
13-1161,11-9051,5894.9849,1
13-1161,11-9111,10904.2171,2
13-1161,11-9141,8965.0007,2
13-1161,11-9151,2970.5443,1
13-1161,13-1111,57849.963,16
13-1161,13-1121,12650.5654,3
13-1161,13-1199,19147.2732,7
13-1161,13-2011,18104.3,4
13-1161,13-2051,8846.0522,1
13-1161,13-2052,4763.2539,3
13-1161,13-2099,1972.3226,1
13-1161,15-1211,8701.4275,2
13-1161,15-1212,6038.8648,1
13-1161,15-1251,8536.818,1
13-1161,15-1253,20753.4911,6
13-1161,15-1254,14353.247,4
13-1161,17-2141,4856.0708,1
13-1161,17-2199,4409.2113,1
13-1161,19-2099,18578.498,4
13-1161,19-3051,4590.2158,1
13-1161,21-1093,2720.7963,2
13-1161,27-2012,8798.035600000001,3
13-1161,27-3031,7601.9679,4
13-1161,27-3043,20481.4503,5
13-1161,27-4021,12942.160899999999,3
13-1161,29-1126,2931.1381,1
13-1161,29-1129,2249.5723,1
13-1161,29-1141,3365.3786,1
13-1161,29-1171,4177.7188,1
13-1161,31-1122,4080.071,1
13-1161,31-9092,2654.8147,1
13-1161,31-9096,6365.9647,1
13-1161,33-3051,2844.8693,1
13-1161,33-9021,5438.9161,1
13-1161,35-2021,4353.0269,1
13-1161,35-3031,11424.5932,3
13-1161,37-1011,5120.8175,1
13-1161,39-5012,483.1981,1
13-1161,39-9011,12648.817200000001,2
13-1161,41-1011,21865.6748,7
13-1161,41-1012,6443.2953,1
13-1161,41-2031,37220.6876,9
13-1161,41-3011,30056.852899999998,8
13-1161,41-3021,4770.4356,1
13-1161,41-3031,1567.409,1
13-1161,41-3091,24022.5112,7
13-1161,41-9091,7320.4688,1
13-1161,41-9099,8967.6715,2
13-1161,43-1011,11463.3759,3
13-1161,43-3021,8563.9066,1
13-1161,43-3031,7620.1565,3
13-1161,43-3071,772.2099,1
13-1161,43-4051,33947.3906,9
13-1161,43-4071,3337.1716,1
13-1161,43-4121,3478.4549,1
13-1161,43-4151,7568.921200000001,2
13-1161,43-4199,7826.7843,2
13-1161,43-5021,7085.3281,1
13-1161,43-9041,5867.1666,1
13-1161,43-9061,8816.3148,2
13-1161,43-9199,380.4325,1
13-1161,45-2041,3174.329,1
13-1161,47-2031,6850.7106,1
13-1161,47-2061,10691.104800000001,2
13-1161,51-6021,3191.3893,1
13-1161,51-9151,4713.1365,1
13-1161,53-6021,9420.1093,1
13-1161,53-7062,4457.8873,1
13-1161,53-7064,937.9868,1
13-1199,11-1011,14768.3467,5
13-1199,11-1021,28786.2053,10
13-1199,11-2011,1533.7492,1
13-1199,11-3021,20301.3162,5
13-1199,11-3031,4122.3187,1
13-1199,11-3051,6140.3902,2
13-1199,11-3061,13213.191899999998,4
13-1199,11-3071,5120.551,1
13-1199,11-3121,4730.972400000001,2
13-1199,11-9013,1399.0954,1
13-1199,11-9021,13928.4036,3
13-1199,11-9121,7881.5548,2
13-1199,11-9141,20690.6189,3
13-1199,11-9151,24933.226000000002,7
13-1199,13-1011,2275.4036,1
13-1199,13-1022,3843.905,1
13-1199,13-1023,13996.470000000001,5
13-1199,13-1041,21068.903599999998,7
13-1199,13-1051,7463.5861,2
13-1199,13-1081,5089.9382,1
13-1199,13-1111,57745.793300000005,14
13-1199,13-1121,2217.1901,1
13-1199,13-1131,2482.829,1
13-1199,13-1151,8263.2462,2
13-1199,13-1161,15826.0214,6
13-1199,13-2011,14948.0262,5
13-1199,13-2082,469.7888,1
13-1199,13-2099,3622.1709,1
13-1199,15-1211,15588.972099999999,4
13-1199,15-1212,7391.3265,2
13-1199,15-1241,16485.4943,3
13-1199,15-1244,790.3538,1
13-1199,15-1251,4905.2563,1
13-1199,15-1253,30181.971700000002,7
13-1199,15-1254,4707.7763,1
13-1199,15-2031,652.434,1
13-1199,17-2041,3562.7414,1
13-1199,17-2051,1594.7683,1
13-1199,17-2131,1463.91,1
13-1199,17-2141,5569.4462,1
13-1199,17-2199,14927.948900000001,3
13-1199,19-2099,9981.3418,3
13-1199,21-1093,876.2109,2
13-1199,21-2021,4845.7643,1
13-1199,23-2011,18055.197799999998,4
13-1199,25-4022,5944.0254,1
13-1199,27-3031,4134.4495,1
13-1199,27-3043,2482.0598,3
13-1199,29-1031,5351.153,1
13-1199,29-1051,909.7267,1
13-1199,29-1123,4247.1664,1
13-1199,29-1129,4760.1552,1
13-1199,29-1141,12233.2596,5
13-1199,29-2061,637.6607,1
13-1199,31-1122,3997.3912,2
13-1199,31-9011,637.3586,1
13-1199,31-9091,3178.7895,1
13-1199,31-9097,1367.1897,1
13-1199,33-2011,6788.4629,1
13-1199,33-3051,5115.159,1
13-1199,33-9021,6360.9156,1
13-1199,35-3011,3806.7144,1
13-1199,35-3031,377.4835,1
13-1199,35-3041,5131.0322,1
13-1199,35-9011,3263.2942,1
13-1199,35-9021,3786.0722,1
13-1199,37-2012,3249.2123,1
13-1199,39-5011,8509.7958,1
13-1199,41-1011,25169.6803,8
13-1199,41-1012,17252.269,7
13-1199,41-2022,3535.6094,1
13-1199,41-2031,51456.8942,14
13-1199,41-3021,3736.6978,1
13-1199,41-3031,13643.434799999999,3
13-1199,41-3041,445.0037,1
13-1199,41-3091,21385.1274,5
13-1199,41-9099,8747.6496,3
13-1199,43-1011,32541.1155,9
13-1199,43-3021,4009.6561,1
13-1199,43-3031,15921.5646,5
13-1199,43-3051,1829.6271,1
13-1199,43-3061,14119.0213,1
13-1199,43-3099,8387.1038,3
13-1199,43-4031,549.651,1
13-1199,43-4051,49444.7972,13
13-1199,43-4061,7038.4151,2
13-1199,43-4071,6134.0735,2
13-1199,43-4081,2963.8173,1
13-1199,43-4111,1112.0636,1
13-1199,43-4121,4982.4453,1
13-1199,43-4151,5503.368799999999,2
13-1199,43-4161,4409.4741,1
13-1199,43-4171,33479.8864,11
13-1199,43-4181,8600.212,1
13-1199,43-4199,10553.5678,4
13-1199,43-5011,4698.8294,1
13-1199,43-5021,2811.6863,1
13-1199,43-5061,13461.6595,3
13-1199,43-5071,6177.6762,2
13-1199,43-5111,5986.9952,1
13-1199,43-9021,8263.5731,2
13-1199,43-9041,4188.8246,2
13-1199,43-9061,41798.246999999996,10
13-1199,43-9111,411.3466,1
13-1199,43-9199,22585.6743,8
13-1199,47-1011,1592.9752,1
13-1199,47-2031,4726.0997,2
13-1199,47-2061,14342.790500000001,3
13-1199,47-2073,1454.8184,1
13-1199,47-2111,3266.1301,3
13-1199,49-3031,2855.0143,1
13-1199,49-9021,5451.2748,1
13-1199,49-9052,4040.5367,1
13-1199,49-9071,10701.125100000001,3
13-1199,51-1011,11794.7963,2
13-1199,51-4199,3713.6915,1
13-1199,51-8021,4677.0688,1
13-1199,51-9061,39874.643599999996,11
13-1199,51-9071,1570.828,1
13-1199,51-9151,6290.6426,1
13-1199,53-6031,712.7194,1
13-1199,53-7062,18910.032,5
13-1199,53-7065,6091.654,3
13-2011,11-1011,47571.8099,14
13-2011,11-1021,55551.8937,12
13-2011,11-3021,9364.4011,2
13-2011,11-3031,336995.3892,98
13-2011,11-3051,10271.7966,4
13-2011,11-3061,1556.5101,1
13-2011,11-3121,1589.4561,1
13-2011,11-9013,12247.068599999999,4
13-2011,11-9021,17384.5932,5
13-2011,11-9041,11255.0907,3
13-2011,11-9051,18744.4803,3
13-2011,11-9081,4930.2256,1
13-2011,11-9111,35762.3913,9
13-2011,11-9141,39638.8289,8
13-2011,11-9151,10114.0896,2
13-2011,13-1023,6000.4761,2
13-2011,13-1041,11452.873599999999,3
13-2011,13-1111,45569.6042,13
13-2011,13-1141,10347.701500000001,3
13-2011,13-1151,7948.8541000000005,2
13-2011,13-1161,21076.909099999997,7
13-2011,13-1199,25283.8403,7
13-2011,13-2031,8790.6739,3
13-2011,13-2041,897.216,1
13-2011,13-2051,40877.2792,11
13-2011,13-2052,42172.1541,11
13-2011,13-2053,766.1661,1
13-2011,13-2081,28445.3102,7
13-2011,13-2082,65995.4767,20
13-2011,13-2099,40415.2269,9
13-2011,15-1211,24314.661500000002,4
13-2011,15-1212,4848.5685,1
13-2011,15-1251,27665.2197,6
13-2011,15-1253,27819.9259,7
13-2011,15-2031,14475.9693,5
13-2011,17-2051,1901.0736,1
13-2011,17-2171,3972.5151,1
13-2011,17-2199,32368.1247,6
13-2011,19-2099,6328.5851999999995,2
13-2011,19-4031,6572.8334,1
13-2011,21-1093,10172.3326,2
13-2011,21-2011,14319.8004,2
13-2011,23-1011,19285.832,5
13-2011,23-2011,10251.080600000001,3
13-2011,27-3031,8247.9295,2
13-2011,27-3041,6775.7036,2
13-2011,27-3043,7061.3597,2
13-2011,29-1051,2588.9573,1
13-2011,29-1071,8116.848,2
13-2011,29-1123,12137.1153,1
13-2011,29-1129,6200.4396,1
13-2011,29-1141,42088.0729,11
13-2011,29-1171,6638.5939,1
13-2011,31-1122,8835.4428,2
13-2011,31-9091,3709.9785,1
13-2011,31-9092,6039.7603,1
13-2011,33-9021,988.4212,1
13-2011,33-9093,5444.6465,1
13-2011,35-2021,5495.4047,1
13-2011,35-3031,5965.1312,2
13-2011,35-3041,4505.8404,1
13-2011,35-9021,4962.4208,1
13-2011,37-1012,4492.8557,1
13-2011,37-2012,7380.6286,2
13-2011,39-2021,4854.7913,1
13-2011,39-9011,3870.3953,1
13-2011,41-1011,33811.5109,9
13-2011,41-1012,50928.0712,13
13-2011,41-2031,50770.731100000005,13
13-2011,41-3011,8309.6174,1
13-2011,41-3021,4396.3567,3
13-2011,41-3031,5344.4506,1
13-2011,41-3041,643.7484,1
13-2011,41-3091,15571.525099999999,3
13-2011,41-9041,1388.2306,1
13-2011,41-9091,2302.923,1
13-2011,41-9099,4355.1513,1
13-2011,43-1011,61904.3607,16
13-2011,43-3011,5622.2653,1
13-2011,43-3021,30562.9725,10
13-2011,43-3031,449839.3373,136
13-2011,43-3051,30413.3485,9
13-2011,43-3099,66104.2631,15
13-2011,43-4051,57859.0172,16
13-2011,43-4071,6528.9798,2
13-2011,43-4081,5735.8685,1
13-2011,43-4111,5556.4959,1
13-2011,43-4161,6748.7984,2
13-2011,43-4171,4200.1862,1
13-2011,43-4181,13074.1146,3
13-2011,43-4199,6857.7293,5
13-2011,43-5011,5729.1636,1
13-2011,43-5021,10695.2873,2
13-2011,43-5061,3491.3082,1
13-2011,43-5071,1329.6442,1
13-2011,43-9021,8383.4175,2
13-2011,43-9022,3653.6223,1
13-2011,43-9051,1362.2853,1
13-2011,43-9061,36435.3618,10
13-2011,43-9199,30130.643600000003,8
13-2011,47-1011,1009.7736,1
13-2011,47-2031,4243.0579,1
13-2011,47-2061,12289.0802,3
13-2011,47-2073,1383.2736,1
13-2011,47-2111,4621.027,1
13-2011,47-4061,5613.9559,1
13-2011,49-9071,10011.7225,3
13-2011,51-1011,3376.0119000000004,2
13-2011,51-3011,2955.687,1
13-2011,51-3099,5283.4772,1
13-2011,51-5113,2709.8787,1
13-2011,51-6031,3422.6984,2
13-2011,51-9061,13436.3645,3
13-2011,51-9111,1068.9703,1
13-2011,53-2031,6233.5459,1
13-2011,53-6051,5684.8264,1
13-2011,53-7061,2078.0993,1
13-2011,53-7062,32849.657699999996,6
13-2011,53-7065,4316.5531,2
13-2031,11-3031,1981.8539999999998,2
13-2031,11-3061,11189.4804,2
13-2031,13-1111,5427.411400000001,2
13-2031,13-2011,12923.3286,4
13-2031,13-2051,2672.3278,2
13-2031,15-1253,480.4411,1
13-2031,15-2031,4822.6128,1
13-2031,23-1011,4655.2211,1
13-2031,31-9097,3245.5388,1
13-2031,41-1012,4904.5999,1
13-2031,43-3031,4998.6398,2
13-2031,43-4171,11897.2354,2
13-2041,11-3031,4624.6595,2
13-2041,11-3051,4534.9489,1
13-2041,13-2099,934.4481,1
13-2041,15-1211,4426.1319,1
13-2041,29-1122,3519.9449,1
13-2041,29-1129,654.8441,1
13-2041,41-1012,3897.6283,1
13-2041,43-3031,3986.328,1
13-2041,43-4041,886.0546,1
13-2041,43-9041,3808.6465,1
13-2041,43-9061,3552.4845,1
13-2041,43-9199,961.7541,1
13-2041,51-6011,6760.2617,1
13-2051,11-1011,24260.5281,6
13-2051,11-1021,12423.1479,2
13-2051,11-3031,103512.1718,23
13-2051,11-3121,5393.7834,1
13-2051,11-9051,7518.8087,1
13-2051,11-9141,1695.0475000000001,2
13-2051,13-1041,2109.0044,1
13-2051,13-1111,15370.7647,4
13-2051,13-1199,11801.7258,3
13-2051,13-2011,71675.5515,17
13-2051,13-2031,14520.913,4
13-2051,13-2041,2379.8092,1
13-2051,13-2052,103476.5372,25
13-2051,13-2061,1879.4961,1
13-2051,13-2081,4086.6015,1
13-2051,13-2099,36842.9874,8
13-2051,15-1211,58178.171500000004,15
13-2051,15-1212,5129.7656,1
13-2051,15-1244,4733.6181,1
13-2051,15-1251,3990.0155,1
13-2051,15-1253,4456.7036,1
13-2051,17-2051,2049.3876,1
13-2051,17-2061,6155.8116,1
13-2051,17-2081,5485.0072,1
13-2051,19-2099,2723.181,1
13-2051,21-2011,5131.7411,1
13-2051,23-1011,5219.7708,1
13-2051,27-3042,4570.8346,1
13-2051,29-1051,3903.6242,1
13-2051,39-5012,4999.6938,1
13-2051,41-1011,16212.2977,4
13-2051,41-1012,21440.3972,4
13-2051,41-2021,3530.8551,1
13-2051,41-2031,3573.3933,1
13-2051,41-3031,30539.931800000002,9
13-2051,43-1011,4225.0201,2
13-2051,43-3021,15859.7709,3
13-2051,43-3031,16376.0507,4
13-2051,43-3051,616.1693,1
13-2051,43-3099,32831.0509,7
13-2051,43-4041,4732.8636,1
13-2051,43-4051,4558.8289,1
13-2051,43-4131,4284.4285,1
13-2051,43-4151,4231.3822,1
13-2051,43-4161,3316.4423,1
13-2051,43-4171,809.4666,1
13-2051,43-9021,597.7271,1
13-2051,43-9022,5513.4315,1
13-2051,43-9061,13657.2295,3
13-2051,45-1011,5207.4545,1
13-2051,47-1011,6171.5678,2
13-2051,47-2111,5886.3697,1
13-2051,51-1011,1927.0065,1
13-2051,51-4041,2792.3778,1
13-2051,51-5112,4886.3975,1
13-2051,53-2031,3826.8759,1
13-2051,53-7065,5207.4545,1
13-2052,11-1011,23787.1133,8
13-2052,11-1021,9031.7886,2
13-2052,11-3031,110305.7144,25
13-2052,11-3051,920.8311,1
13-2052,11-3071,8452.9357,2
13-2052,11-3121,3908.5445,1
13-2052,11-9013,2803.4192,1
13-2052,11-9021,10100.9126,4
13-2052,11-9111,9154.7797,2
13-2052,11-9141,3978.1127,1
13-2052,13-1041,18047.132700000002,3
13-2052,13-1111,67018.8985,18
13-2052,13-1131,7224.6941,2
13-2052,13-1161,11828.634399999999,3
13-2052,13-2011,19194.7307,4
13-2052,13-2051,114495.7868,25
13-2052,13-2082,2505.5745,1
13-2052,15-1211,4645.5022,1
13-2052,15-1242,4639.7763,1
13-2052,15-1253,3664.4473,1
13-2052,17-2141,8292.3612,2
13-2052,17-2199,7396.8527,1
13-2052,21-1093,11635.1965,3
13-2052,23-1011,9239.056100000002,3
13-2052,23-2011,8144.460499999999,2
13-2052,27-4021,2739.3345,1
13-2052,29-1051,2544.9263,1
13-2052,29-1071,4471.5525,2
13-2052,29-1141,4427.4697,1
13-2052,29-1171,2942.5478,1
13-2052,31-1122,6485.8731,1
13-2052,31-9091,4440.3161,1
13-2052,33-2011,2037.0806,1
13-2052,33-9021,4941.3507,1
13-2052,41-1011,14370.933700000001,3
13-2052,41-1012,28719.802,7
13-2052,41-2031,5817.4123,2
13-2052,41-3021,14475.747899999998,7
13-2052,41-3031,60546.9253,15
13-2052,41-3041,471.0715,1
13-2052,41-3091,10660.410100000001,3
13-2052,43-1011,3218.1733,1
13-2052,43-3031,20820.282,7
13-2052,43-3061,1693.1446,1
13-2052,43-3099,28799.2017,7
13-2052,43-4051,24180.3782,7
13-2052,43-4111,2530.4096,1
13-2052,43-4131,5860.4482,2
13-2052,43-4171,3645.6526,1
13-2052,43-4199,11214.3361,3
13-2052,43-9021,5301.7111,1
13-2052,43-9041,10688.3418,3
13-2052,43-9061,15005.0341,4
13-2052,43-9199,1520.8657,1
13-2052,47-2111,469.5238,1
13-2052,49-2011,848.4688,1
13-2052,49-3023,4781.8513,1
13-2052,51-8021,466.0527,1
13-2052,53-7051,3915.9271,1
13-2052,53-7062,10241.2748,2
13-2053,11-1021,4534.2712,1
13-2053,11-3021,5396.9324,1
13-2053,13-1199,3405.5424,2
13-2053,13-2011,5310.9923,1
13-2053,21-2011,6214.6308,1
13-2053,23-2011,4149.0601,1
13-2053,25-4022,2120.3414,1
13-2053,29-1141,3775.1726,1
13-2053,29-2061,7710.468,1
13-2053,31-1122,4526.3236,1
13-2053,31-9097,931.9163,1
13-2053,35-1012,2727.9301,1
13-2053,41-1012,17352.6895,4
13-2053,41-3021,18229.4703,3
13-2053,41-3091,4451.9758,1
13-2053,43-1011,3096.3769,1
13-2053,43-5021,5208.748,1
13-2053,43-5052,5180.6395,1
13-2053,43-9021,1833.3766,2
13-2053,43-9041,17803.7074,4
13-2053,43-9061,4911.6075,2
13-2053,43-9199,15171.099,2
13-2053,47-1011,6324.8454,1
13-2053,53-7061,715.2061,1
13-2061,11-3031,7372.9106,1
13-2061,11-9051,4710.8473,1
13-2061,11-9141,2645.9692,1
13-2061,13-1161,5558.4138,1
13-2061,13-2011,5068.4612,1
13-2061,13-2099,3430.4279,1
13-2061,29-1051,1393.4524,1
13-2061,33-9021,3696.8875,1
13-2061,37-1011,5118.7721,1
13-2061,43-3031,2927.7545,1
13-2061,43-4041,5493.374,1
13-2081,11-1011,2090.1244,1
13-2081,11-3061,4096.4571,1
13-2081,13-1041,838.1612,1
13-2081,13-1081,1024.6018,1
13-2081,13-1111,4685.647,1
13-2081,13-2011,11385.7471,3
13-2081,13-2082,1113.5143,1
13-2081,15-1241,1578.7092,1
13-2081,31-1122,804.9698,1
13-2081,33-3021,4545.8819,1
13-2081,33-3051,6514.926,1
13-2081,37-1011,2252.6604,1
13-2081,43-1011,4619.7219,1
13-2081,43-3031,1164.0843,1
13-2081,43-4051,10411.559,1
13-2081,43-4111,2352.6728,1
13-2081,43-4131,1834.8023,1
13-2081,43-4171,2863.1779,1
13-2081,43-5052,4502.8302,1
13-2081,43-9041,3517.1322,1
13-2081,43-9061,21347.5455,5
13-2081,53-7062,3755.9506,1
13-2082,11-3031,13071.9516,3
13-2082,11-9021,551.3642,1
13-2082,13-2011,62844.3424,21
13-2082,19-2099,7075.4702,1
13-2082,21-1093,9192.8502,2
13-2082,23-2011,3568.3277,1
13-2082,27-3043,5734.9858,1
13-2082,29-1131,1019.9692,1
13-2082,29-1141,11203.6397,2
13-2082,41-3011,3587.6192,1
13-2082,41-3021,9219.264,2
13-2082,43-1011,3671.4647,1
13-2082,43-3031,32984.0947,14
13-2082,43-4051,821.1219,1
13-2082,43-4171,10330.3566,2
13-2082,43-4199,4881.9514,1
13-2082,43-9061,6517.8445,2
13-2082,43-9111,1574.9789,1
13-2082,47-2031,489.1621,1
13-2082,53-7062,3615.5863,1
13-2099,11-1011,8152.173199999999,2
13-2099,11-1021,19148.920400000003,5
13-2099,11-3031,63396.2565,19
13-2099,11-3071,2632.8646,1
13-2099,11-3121,8151.1705,2
13-2099,11-9111,1857.7907,1
13-2099,13-1041,11121.0295,2
13-2099,13-1111,8175.8035,2
13-2099,13-1161,4505.6249,1
13-2099,13-1199,6072.544,1
13-2099,13-2011,17649.1746,4
13-2099,13-2031,343.8995,1
13-2099,13-2041,1079.8292,1
13-2099,13-2051,31069.9334,7
13-2099,13-2052,9216.313,3
13-2099,13-2061,2859.4271,1
13-2099,13-2081,5903.2658,1
13-2099,13-2082,2008.9694,1
13-2099,15-1211,4007.976,1
13-2099,15-1244,6972.0662,1
13-2099,15-1253,759.6244,1
13-2099,17-2011,4785.557,1
13-2099,17-2199,4087.3692,1
13-2099,23-1011,6543.6268,2
13-2099,31-1122,1596.9081,1
13-2099,33-3021,2557.6451,1
13-2099,33-3051,5568.3631000000005,2
13-2099,33-9021,9114.7913,3
13-2099,35-3031,5651.5608,1
13-2099,35-9011,5353.9008,1
13-2099,39-5012,3374.887,1
13-2099,41-1011,5533.3274,3
13-2099,41-1012,465.1788,1
13-2099,41-2021,5680.9267,1
13-2099,41-2031,9311.3589,3
13-2099,41-3021,3764.8107,1
13-2099,41-3031,7666.0292,2
13-2099,41-3091,11775.2726,2
13-2099,43-3021,5345.4924,1
13-2099,43-3031,15371.4441,4
13-2099,43-3051,2034.7105999999999,2
13-2099,43-3071,736.5032,1
13-2099,43-3099,18389.7878,5
13-2099,43-4041,478.6717,1
13-2099,43-4051,10655.4807,2
13-2099,43-4071,6200.4825,1
13-2099,43-4081,1443.8019,1
13-2099,43-4171,10585.172,3
13-2099,43-9061,3718.2444,1
13-2099,43-9199,5129.2305,2
13-2099,47-2111,1720.0656,1
13-2099,49-9071,6654.949,1
15-1211,11-1011,6345.3709,4
15-1211,11-3021,23062.338799999998,7
15-1211,11-3031,28025.354,5
15-1211,11-3051,4131.0251,1
15-1211,11-3071,6064.5724,2
15-1211,11-3111,647.5151,1
15-1211,11-3131,4256.2869,1
15-1211,11-9021,4570.8994,1
15-1211,11-9141,5539.4938,1
15-1211,11-9151,447.7802,1
15-1211,13-1022,10186.7143,2
15-1211,13-1111,90509.4432,27
15-1211,13-1151,3250.0434,2
15-1211,13-1161,8156.0036,2
15-1211,13-1199,25235.4747,6
15-1211,13-2011,31710.662,9
15-1211,13-2031,4706.4202,1
15-1211,13-2041,4249.5679,3
15-1211,13-2051,34325.921200000004,9
15-1211,13-2052,5483.2628,1
15-1211,13-2082,4459.0025,1
15-1211,13-2099,16152.7072,3
15-1211,15-1212,28391.5802,8
15-1211,15-1221,984.2589,1
15-1211,15-1241,15701.363299999999,5
15-1211,15-1242,9973.9042,2
15-1211,15-1244,7878.0618,3
15-1211,15-1251,10917.5628,4
15-1211,15-1253,147229.5862,32
15-1211,15-2031,72469.7131,17
15-1211,17-2011,4389.5762,1
15-1211,17-2041,6588.1188,1
15-1211,17-2061,22495.548600000002,4
15-1211,17-2081,4525.5497,1
15-1211,17-2141,992.5883,1
15-1211,17-2171,6115.2668,1
15-1211,17-2199,17482.6692,4
15-1211,19-2099,14192.368,4
15-1211,21-2011,6211.0966,1
15-1211,23-1011,4520.1283,2
15-1211,23-2011,4441.154,1
15-1211,27-3042,3445.8372,1
15-1211,27-3043,4962.214,1
15-1211,29-1051,5140.8122,1
15-1211,29-1071,1850.5096,1
15-1211,29-1123,2170.9137,1
15-1211,29-1141,6486.7011,3
15-1211,33-3021,5798.9195,2
15-1211,33-3051,7016.7135,2
15-1211,33-9021,5735.216399999999,2
15-1211,35-3031,15343.697400000001,2
15-1211,37-2012,4729.9094,1
15-1211,41-1011,9013.6302,2
15-1211,41-2031,22479.2226,5
15-1211,41-3011,4231.814,1
15-1211,41-3021,8773.6359,2
15-1211,41-3031,11578.438600000001,2
15-1211,41-3091,9647.787199999999,2
15-1211,41-9099,11690.2171,3
15-1211,43-1011,11852.5918,3
15-1211,43-3031,3837.2492,1
15-1211,43-3099,7142.7671,1
15-1211,43-4051,14783.607199999999,4
15-1211,43-4071,3704.3175,1
15-1211,43-4141,12937.0726,2
15-1211,43-4161,941.7507,1
15-1211,43-4171,7286.1919,2
15-1211,43-5061,3776.0871,1
15-1211,43-9021,10587.3394,3
15-1211,43-9061,14785.3963,3
15-1211,43-9199,4533.1201,1
15-1211,47-1011,6239.797,1
15-1211,47-2031,5105.3663,1
15-1211,47-2061,6922.2677,2
15-1211,47-2073,5139.3787,1
15-1211,47-2111,1447.6173,1
15-1211,47-2141,3261.8311,1
15-1211,47-4041,9004.7888,2
15-1211,49-2011,1259.9601,1
15-1211,49-9052,409.0688,1
15-1211,49-9071,718.3128,1
15-1211,49-9091,1805.5887,1
15-1211,51-1011,2440.018,1
15-1211,51-9061,5368.2403,1
15-1211,53-7062,8506.9427,2
15-1211,53-7064,5632.6409,1
15-1212,11-1011,3728.9138,1
15-1212,11-3021,30277.194199999998,6
15-1212,11-3031,4692.1264,2
15-1212,11-3051,2967.1822,1
15-1212,11-9013,3214.9579,1
15-1212,11-9111,8255.4797,1
15-1212,13-1041,6200.5502,1
15-1212,13-1111,9915.2494,3
15-1212,13-1161,5390.7817,1
15-1212,13-2011,14460.8118,3
15-1212,13-2051,8199.491300000002,2
15-1212,15-1211,44083.0964,10
15-1212,15-1241,5062.7602,1
15-1212,15-1242,13782.703099999999,2
15-1212,15-1244,5446.6004,2
15-1212,15-1251,3973.6908,1
15-1212,15-1253,98852.5036,22
15-1212,15-1254,4573.9252,1
15-1212,15-2031,3761.2902,1
15-1212,17-2011,2162.9881,1
15-1212,17-2061,11174.8467,2
15-1212,17-2199,20861.826100000002,5
15-1212,23-1011,5853.1679,1
15-1212,29-1071,1937.7179,1
15-1212,33-2011,2331.2886,1
15-1212,33-3021,4798.0585,1
15-1212,33-9021,15894.190200000001,3
15-1212,41-1011,5119.8801,1
15-1212,41-3091,9230.270700000001,2
15-1212,41-9099,5173.5743,1
15-1212,43-3031,3465.3909,1
15-1212,43-4051,12679.7271,3
15-1212,43-5021,7603.0462,2
15-1212,43-5052,3915.7895,1
15-1212,43-5061,3666.7722,1
15-1212,47-1011,1196.8328,1
15-1212,49-2011,636.7266,1
15-1212,49-9094,1257.5975,1
15-1212,51-5112,4390.3975,1
15-1212,51-8021,4425.8594,1
15-1212,53-7062,3821.28,1
15-1221,11-1011,5737.3047,1
15-1221,11-9111,3043.2543,1
15-1221,13-1199,5646.1788,1
15-1221,13-2052,3332.8062,1
15-1221,15-1211,4630.279,1
15-1221,15-1242,5227.3167,1
15-1221,15-1251,6151.9714,2
15-1221,15-1253,5981.8496,2
15-1221,19-2099,8048.6938,2
15-1221,29-1141,4729.5512,1
15-1221,43-4051,910.2629,1
15-1221,43-9061,6434.6094,1
15-1241,11-1011,4497.9576,1
15-1241,11-1021,3256.4785,1
15-1241,11-3021,7202.5361,2
15-1241,11-3031,10059.6379,2
15-1241,13-1041,763.8107,1
15-1241,13-2011,4846.1536,1
15-1241,15-1244,8420.0653,2
15-1241,15-1253,31187.7394,9
15-1241,15-2031,4501.2122,2
15-1241,17-2011,5848.8431,1
15-1241,17-2051,11766.4763,3
15-1241,17-2061,5796.9031,1
15-1241,17-2141,15996.214600000001,2
15-1241,17-2199,1682.5331,1
15-1241,29-1129,3248.0608,1
15-1241,29-1141,4512.511399999999,2
15-1241,41-1011,3891.6733,1
15-1241,41-1012,4507.4775,1
15-1241,43-4051,6310.915,1
15-1241,47-1011,3685.8709,1
15-1241,47-2011,3824.8276,1
15-1241,47-2031,11992.7279,2
15-1241,49-9052,5538.8145,1
15-1241,51-3092,2072.9546,1
15-1241,51-9111,974.8706,1
15-1241,53-6031,4538.6942,1
15-1242,11-1011,3872.1279,1
15-1242,11-1021,4692.4913,1
15-1242,11-3021,16943.4159,7
15-1242,11-3051,1258.4298,1
15-1242,15-1211,10981.676800000001,3
15-1242,15-1241,421.8632,1
15-1242,15-1251,15696.2762,3
15-1242,15-1253,26198.8144,6
15-1242,17-2141,3539.6141,1
15-1242,17-2199,3961.5244,1
15-1242,19-2099,2317.5976,1
15-1242,25-4022,4686.5281,1
15-1242,41-1011,10274.6504,2
15-1242,41-2031,1715.6089,1
15-1242,41-9099,4253.0528,1
15-1242,43-1011,807.2476,1
15-1242,43-4051,7666.8879,2
15-1242,43-4071,845.8813,1
15-1242,43-4171,4179.2678,1
15-1242,43-4199,797.4372,1
15-1242,43-5061,2949.7221,1
15-1242,43-9199,3401.3283,1
15-1242,47-2061,4010.7035,1
15-1242,53-7051,4480.4452,1
15-1242,53-7065,2629.9282,1
15-1244,11-3021,22135.808,7
15-1244,11-3031,7473.3994,1
15-1244,11-9021,4630.9995,1
15-1244,11-9051,2258.0669,1
15-1244,11-9081,4517.8411,2
15-1244,11-9111,3059.2403,1
15-1244,13-1041,1852.3028,1
15-1244,13-1111,2761.1409,1
15-1244,13-1121,4635.6086,1
15-1244,13-1161,4755.7144,1
15-1244,13-2051,5525.4841,1
15-1244,13-2053,2264.8677,1
15-1244,15-1211,8803.1037,2
15-1244,15-1212,1511.9547,2
15-1244,15-1241,9202.2853,2
15-1244,15-1251,14875.2648,3
15-1244,15-1253,98457.821,28
15-1244,15-2031,8422.6478,2
15-1244,17-2051,4335.4655,1
15-1244,17-2061,7471.1556,1
15-1244,23-1011,3024.1174,1
15-1244,29-1141,4906.2384,1
15-1244,29-2061,3389.532,1
15-1244,31-9092,3522.8858,1
15-1244,33-3051,3480.186,1
15-1244,39-5012,2579.8103,1
15-1244,41-1012,438.1715,1
15-1244,41-3091,3855.5092,1
15-1244,43-1011,15454.3063,4
15-1244,43-3031,1647.3901,1
15-1244,43-4051,1756.9891,1
15-1244,43-4171,3871.5547,1
15-1244,43-4199,4968.0642,1
15-1244,43-9061,14432.5735,3
15-1244,43-9111,1389.3497,1
15-1244,47-2061,2963.3062,1
15-1244,49-2011,6196.1384,1
15-1244,49-9052,637.2783,1
15-1244,51-4199,2033.299,1
15-1244,51-9061,588.2116,1
15-1244,53-7063,4289.7831,1
15-1251,11-1011,10247.6689,2
15-1251,11-1021,6318.7023,1
15-1251,11-3021,42264.676699999996,10
15-1251,11-3031,25126.3626,6
15-1251,11-3051,3385.6704,1
15-1251,11-3061,2917.253,1
15-1251,11-9051,4561.8249,1
15-1251,11-9081,4946.9774,1
15-1251,11-9141,1799.6051,1
15-1251,11-9151,4997.6828,1
15-1251,13-1111,10047.8673,4
15-1251,13-1151,3648.5255,1
15-1251,13-1199,11408.2253,3
15-1251,13-2011,7802.9861,2
15-1251,13-2031,1100.8213,1
15-1251,13-2051,4501.1558,1
15-1251,13-2099,2084.2514,1
15-1251,15-1211,20452.8885,5
15-1251,15-1212,6021.4774,2
15-1251,15-1221,9474.6913,2
15-1251,15-1242,3177.4939,1
15-1251,15-1244,8898.78,2
15-1251,15-1253,134774.2587,36
15-1251,15-1254,13204.961,5
15-1251,15-2031,5911.4058,1
15-1251,17-2051,4283.4113,1
15-1251,17-2061,4654.9454,1
15-1251,17-2199,27091.5564,6
15-1251,21-1093,6512.7362,1
15-1251,25-4031,6710.0707,1
15-1251,29-1031,3757.5523,1
15-1251,29-1051,2018.728,1
15-1251,29-1129,5947.949,1
15-1251,29-1141,12992.7051,3
15-1251,31-1122,773.7056,1
15-1251,41-1011,9348.841400000001,2
15-1251,41-1012,5881.7351,2
15-1251,41-2031,6526.3213,2
15-1251,41-3021,8750.1168,2
15-1251,41-3091,4214.8894,1
15-1251,41-9099,3397.9792,1
15-1251,43-3031,2892.325,1
15-1251,43-4051,10421.194300000001,3
15-1251,43-4199,902.4124,1
15-1251,43-9021,13124.9872,4
15-1251,43-9051,5258.6355,1
15-1251,43-9061,1932.1291,1
15-1251,43-9199,6501.1873,2
15-1251,47-2061,4170.3292,1
15-1251,47-2111,336.1749,1
15-1251,47-2211,487.1991,1
15-1251,49-1011,689.5295,1
15-1251,49-3023,4176.7152,1
15-1251,51-4041,2689.1423,1
15-1251,51-4111,4121.5738,1
15-1251,51-6011,372.8202,1
15-1251,51-8021,4958.4357,1
15-1251,51-9151,1387.3516,1
15-1251,53-7065,4926.1965,1
15-1251,53-7199,2469.9307,1
15-1253,11-1011,67329.4082,17
15-1253,11-1021,18423.0321,4
15-1253,11-2011,4996.2976,1
15-1253,11-3021,198208.9356,51
15-1253,11-3031,30349.2533,7
15-1253,11-3051,5882.5652,1
15-1253,11-3071,17117.686999999998,4
15-1253,11-3121,9335.6091,2
15-1253,11-9013,10001.7245,4
15-1253,11-9021,9040.4619,2
15-1253,11-9041,5833.0201,1
15-1253,11-9051,11351.0646,4
15-1253,11-9081,5157.5442,2
15-1253,11-9111,16466.4544,5
15-1253,11-9141,11100.0929,4
15-1253,11-9151,5493.469700000001,2
15-1253,13-1023,13892.4272,3
15-1253,13-1041,13887.6319,3
15-1253,13-1081,4915.8562,1
15-1253,13-1111,73639.8093,19
15-1253,13-1151,5716.2587,1
15-1253,13-1161,17295.5184,5
15-1253,13-1199,28527.2707,8
15-1253,13-2011,27515.2109,9
15-1253,13-2051,7828.246999999999,2
15-1253,13-2052,11857.9588,3
15-1253,13-2061,1707.1629,1
15-1253,13-2099,6427.9643,3
15-1253,15-1211,117315.7093,31
15-1253,15-1212,53893.6245,19
15-1253,15-1221,11633.8269,3
15-1253,15-1241,19355.0873,6
15-1253,15-1242,62991.5825,16
15-1253,15-1244,75780.9979,23
15-1253,15-1251,110469.02100000001,31
15-1253,15-1254,13475.3968,3
15-1253,15-2011,4751.6444,1
15-1253,15-2031,17197.567499999997,6
15-1253,17-2031,2312.7426,1
15-1253,17-2051,14607.3259,3
15-1253,17-2061,33792.316399999996,6
15-1253,17-2081,4443.5895,1
15-1253,17-2131,554.6512,1
15-1253,17-2141,7866.7685,2
15-1253,17-2199,60160.056800000006,14
15-1253,19-2099,10930.21,2
15-1253,19-3051,3404.4923,1
15-1253,21-1093,3580.7201999999997,3
15-1253,23-1011,8869.7128,2
15-1253,23-2011,4231.3697,1
15-1253,27-3031,4840.210300000001,3
15-1253,27-3041,14505.0402,3
15-1253,27-3043,16208.0037,4
15-1253,27-4021,5019.833,1
15-1253,29-1071,5048.192,1
15-1253,29-1127,3604.4492,1
15-1253,29-1129,4104.6788,1
15-1253,29-1141,33160.3434,9
15-1253,29-2061,7217.4721,2
15-1253,29-2081,3859.2604,1
15-1253,31-1122,11456.9398,2
15-1253,31-9011,6822.393,1
15-1253,31-9091,427.5965,1
15-1253,33-2011,4225.8657,1
15-1253,33-3051,6408.5696,3
15-1253,33-9021,3903.1438,1
15-1253,35-3011,5309.3981,1
15-1253,35-3031,5678.3269,1
15-1253,35-3041,1311.4021,1
15-1253,37-1011,4646.1999000000005,2
15-1253,37-2012,5219.9745,2
15-1253,39-5012,5432.0679,1
15-1253,39-9011,4611.2842,1
15-1253,41-1011,29067.6525,6
15-1253,41-1012,12897.823,3
15-1253,41-2031,53190.4351,14
15-1253,41-3021,13219.2183,3
15-1253,41-3031,8879.3497,2
15-1253,41-3041,4207.2718,1
15-1253,41-3091,23046.132899999997,6
15-1253,41-9099,3256.9878,1
15-1253,43-1011,33467.319599999995,8
15-1253,43-3011,8568.8881,1
15-1253,43-3021,6460.6251,3
15-1253,43-3031,23014.3627,8
15-1253,43-3099,17796.8993,4
15-1253,43-4051,78834.9705,18
15-1253,43-4061,10811.4418,2
15-1253,43-4081,6367.7143,1
15-1253,43-4111,4159.1573,1
15-1253,43-4171,5135.056100000001,2
15-1253,43-4199,5666.0086,1
15-1253,43-5021,12908.2735,2
15-1253,43-5052,3740.7154,1
15-1253,43-5061,12766.3175,4
15-1253,43-5071,3810.8147,1
15-1253,43-9021,36025.0168,14
15-1253,43-9061,39348.2485,13
15-1253,43-9071,1565.7987,2
15-1253,43-9111,2347.9051,1
15-1253,47-1011,1963.7826,1
15-1253,47-2031,4683.99,2
15-1253,47-2061,29965.1064,7
15-1253,47-2073,3178.618,1
15-1253,47-2111,7236.6702000000005,2
15-1253,47-2141,6197.7719,1
15-1253,47-2181,6977.9709,1
15-1253,47-2211,4858.3764,1
15-1253,49-1011,18102.2425,4
15-1253,49-2011,113397.5949,26
15-1253,49-2098,8117.306,2
15-1253,49-3011,5820.4838,1
15-1253,49-9021,1689.2878,1
15-1253,49-9052,9690.4992,3
15-1253,49-9071,19684.617,5
15-1253,51-1011,2010.8597,1
15-1253,51-3011,488.0771,1
15-1253,51-4041,751.4069,1
15-1253,51-4199,4746.7482,1
15-1253,51-5112,7854.479300000001,2
15-1253,51-8021,931.4617,1
15-1253,51-9061,35983.0551,9
15-1253,51-9195,2462.9286,1
15-1253,53-2031,2564.3248,1
15-1253,53-7051,8385.9101,2
15-1253,53-7062,30567.5793,8
15-1253,53-7064,14081.0702,3
15-1253,53-7065,23331.837,6
15-1254,11-1011,5234.5369,1
15-1254,11-1021,11185.203,3
15-1254,11-3021,20017.1815,5
15-1254,11-3031,2430.2969,1
15-1254,11-9021,5654.9598,1
15-1254,11-9151,7059.4775,2
15-1254,13-1111,2297.7251,1
15-1254,13-1161,11130.6329,2
15-1254,13-1199,6600.736,2
15-1254,15-1244,2835.1277,1
15-1254,15-1251,28000.0052,8
15-1254,15-1253,39729.9603,11
15-1254,17-2061,7073.308,1
15-1254,17-2199,3247.0768,1
15-1254,27-3031,4490.5254,1
15-1254,27-3042,521.6035,1
15-1254,27-3043,4646.4164,1
15-1254,27-4021,3098.432,1
15-1254,29-1127,6673.7718,1
15-1254,41-1011,4422.846,1
15-1254,41-2031,12716.3711,3
15-1254,41-3091,4761.1764,1
15-1254,41-9099,5150.2134,1
15-1254,43-3031,1207.2175,1
15-1254,43-4051,9082.493999999999,2
15-1254,43-5021,2596.8766,1
15-1254,47-2061,1128.3596,1
15-1254,49-3023,3305.6685,1
15-1254,51-8021,4969.6989,1
15-2011,11-3031,3890.4292,1
15-2011,13-1111,5118.9442,2
15-2011,13-2061,699.6324,1
15-2011,41-1012,2856.0166,1
15-2011,43-3099,2864.0871,1
15-2011,53-7062,4613.7084,1
15-2031,11-1011,5722.588,1
15-2031,11-3021,970.6412,1
15-2031,11-3061,4568.1806,1
15-2031,11-3121,4837.4627,1
15-2031,11-9021,725.8391,1
15-2031,11-9111,5194.8577,1
15-2031,11-9121,505.9248,1
15-2031,11-9151,9523.6168,3
15-2031,13-1023,1522.2923,1
15-2031,13-1041,10537.4977,3
15-2031,13-1111,28829.3916,10
15-2031,13-1161,430.0885,1
15-2031,13-1199,10199.092,2
15-2031,13-2011,1501.4016,2
15-2031,13-2031,360.4559,1
15-2031,13-2052,525.5268,1
15-2031,15-1211,58458.7116,16
15-2031,15-1253,9448.0018,3
15-2031,17-2081,5365.8336,1
15-2031,19-2099,4192.6215,2
15-2031,19-3011,1384.9301,2
15-2031,21-1093,328.2532,1
15-2031,33-3021,8949.9838,3
15-2031,35-1011,524.2802,1
15-2031,41-1011,5152.0699,2
15-2031,43-3031,5762.9259,1
15-2031,43-4041,5150.9379,1
15-2031,43-4051,1283.8143,2
15-2031,43-4171,1543.2785,1
15-2031,43-5011,2430.7293,1
15-2031,43-9061,12830.100900000001,3
15-2031,47-1011,3427.8131,1
15-2031,47-2061,4077.0887,1
15-2031,47-2141,5475.8693,1
15-2031,49-9021,781.1119,1
15-2031,53-7062,3397.2321,1
17-2011,11-3021,2116.7331,1
17-2011,11-3031,6216.9601,1
17-2011,11-3051,3939.0246,1
17-2011,11-3061,3743.4769,1
17-2011,11-9021,4005.4772,1
17-2011,11-9041,17049.2391,6
17-2011,11-9051,2519.2436,1
17-2011,13-1041,4144.8885,1
17-2011,13-1111,1345.0842,1
17-2011,13-2011,1580.172,1
17-2011,13-2031,1752.2073,1
17-2011,15-1221,6004.2886,1
17-2011,15-1253,9246.045399999999,2
17-2011,15-2031,2335.0625,1
17-2011,17-2051,23785.324699999997,8
17-2011,17-2061,10513.5773,2
17-2011,17-2131,4105.0332,1
17-2011,17-2141,17546.0642,6
17-2011,17-2199,27774.1483,9
17-2011,19-2099,3809.9369,1
17-2011,21-2011,3651.8667,1
17-2011,23-1011,2323.3171,1
17-2011,29-1127,4396.9952,1
17-2011,31-1122,3941.5882,1
17-2011,33-9021,4668.3985,1
17-2011,41-9099,2633.3266,1
17-2011,43-5021,790.3655,1
17-2011,47-1011,5307.1827,1
17-2011,49-1011,4739.2073,1
17-2011,49-3011,3620.0422,1
17-2011,49-3023,1657.1039,1
17-2011,49-9071,2345.4821,1
17-2011,51-8021,549.134,1
17-2011,53-7062,4550.3435,1
17-2031,11-9111,5094.9354,1
17-2031,15-1212,910.8603,1
17-2031,15-1221,2146.8056,1
17-2031,15-1251,5904.0563,1
17-2031,17-2041,5501.5805,1
17-2031,17-2141,5483.1128,1
17-2031,17-2199,4624.5645,3
17-2031,19-2099,5432.1386999999995,2
17-2031,29-1141,5332.4345,1
17-2031,51-1011,1526.3212,1
17-2041,11-1011,2716.5354,1
17-2041,11-3021,8445.517100000001,2
17-2041,11-3061,11332.3073,2
17-2041,11-9013,5201.0535,1
17-2041,11-9041,10629.1305,2
17-2041,13-2052,5288.8823,1
17-2041,15-1241,2392.1784,1
17-2041,15-1253,5093.4754,1
17-2041,17-2031,6523.3359,2
17-2041,17-2051,3886.4191,2
17-2041,17-2141,2774.5681,1
17-2041,17-2199,28980.120199999998,7
17-2041,19-2099,8507.2207,2
17-2041,39-2021,3306.9187,1
17-2041,43-5061,6604.7399,1
17-2041,47-2061,4580.6396,1
17-2051,11-1011,22527.9793,6
17-2051,11-3071,580.4437,1
17-2051,11-9013,3409.0784,1
17-2051,11-9021,41905.4119,13
17-2051,11-9041,27285.0096,8
17-2051,11-9051,4842.7567,1
17-2051,11-9141,5315.5749,1
17-2051,13-1023,1004.3721,1
17-2051,13-1051,11606.1046,4
17-2051,13-1111,9926.8515,3
17-2051,13-1141,887.351,1
17-2051,13-1199,4290.612,3
17-2051,13-2011,12054.8554,4
17-2051,15-1211,6523.4471,1
17-2051,15-1242,3851.1615,1
17-2051,15-1251,5953.9268999999995,2
17-2051,15-1253,19814.017,5
17-2051,15-1254,2342.8036,1
17-2051,17-2011,38401.996,9
17-2051,17-2041,2573.1773,1
17-2051,17-2081,9992.2273,4
17-2051,17-2131,3847.789,1
17-2051,17-2141,57315.2852,13
17-2051,17-2171,2329.3348,1
17-2051,17-2199,157962.6905,45
17-2051,19-2099,5384.6605,2
17-2051,21-1093,9209.080699999999,2
17-2051,23-1011,5455.4123,2
17-2051,27-3041,4890.2956,1
17-2051,27-3043,4820.587,1
17-2051,29-1141,5268.9726,2
17-2051,33-1011,3674.98,1
17-2051,33-2011,3341.8342,1
17-2051,35-9031,1786.2565,1
17-2051,37-2012,4033.3309,1
17-2051,39-5011,5986.7174,1
17-2051,41-1011,17392.4662,3
17-2051,41-1012,4767.2169,1
17-2051,41-2031,8529.3491,3
17-2051,41-3031,4247.9237,1
17-2051,41-3091,3235.2845,1
17-2051,41-9099,3936.0905,1
17-2051,43-1011,14775.5765,3
17-2051,43-3061,6600.9103,1
17-2051,43-4051,5410.1339,1
17-2051,43-4181,2131.4406,1
17-2051,43-5061,5125.8345,1
17-2051,43-5071,1802.9684,1
17-2051,43-9061,9144.725999999999,2
17-2051,43-9071,3417.4228,1
17-2051,43-9199,7950.3533,2
17-2051,47-1011,737.4953,1
17-2051,47-2031,1128.4519,1
17-2051,47-2061,19697.8834,7
17-2051,47-2073,1269.3672,1
17-2051,47-4011,4543.06,1
17-2051,49-2011,5676.8464,1
17-2051,49-3011,1891.5157,1
17-2051,49-9021,3254.7598,1
17-2051,49-9031,2035.388,1
17-2051,49-9052,803.9791,1
17-2051,49-9071,9253.193800000001,3
17-2051,51-1011,2517.3654,1
17-2051,51-7041,4311.7121,1
17-2051,51-8021,11257.598,4
17-2051,51-8031,5400.3508,1
17-2051,51-9061,11017.7292,3
17-2051,53-3099,7918.3701,1
17-2051,53-7062,7102.76,2
17-2051,53-7065,6061.1041,1
17-2061,11-1011,3447.7536,1
17-2061,11-3051,5685.3842,1
17-2061,11-9021,498.6545,1
17-2061,13-1081,5673.8202,1
17-2061,13-2011,1692.8403,1
17-2061,15-1211,4051.1285,1
17-2061,15-1212,6790.3749,2
17-2061,15-1241,14973.7769,3
17-2061,15-1242,4374.9527,1
17-2061,15-1251,5557.2173999999995,2
17-2061,15-1253,22506.9739,4
17-2061,15-1254,6966.753,1
17-2061,17-2011,4505.796,1
17-2061,17-2051,2448.8271999999997,3
17-2061,17-2141,10038.4708,3
17-2061,17-2199,12849.517,4
17-2061,19-2099,3845.5187,1
17-2061,31-1122,4660.8341,1
17-2061,37-1012,3613.3063,1
17-2061,41-1011,3926.1621,1
17-2061,43-4051,19065.4849,3
17-2081,13-1041,6391.1254,2
17-2081,13-1111,1606.5992,2
17-2081,15-1253,4339.3531,1
17-2081,17-2011,8837.9218,2
17-2081,17-2051,3887.3483,1
17-2081,17-2199,8855.2469,4
17-2081,47-2061,4596.2476,1
17-2081,47-2073,4271.4113,1
17-2081,47-2111,4171.3679,1
17-2081,51-9061,1940.0423,2
17-2081,53-3011,2710.756,1
17-2081,53-7065,4845.523,1
17-2121,11-9111,3904.747,1
17-2121,13-1111,4778.6589,1
17-2121,15-1254,4666.5148,1
17-2121,17-2011,3553.5217,1
17-2121,17-2051,2801.9539,1
17-2121,17-2141,734.7857,1
17-2121,17-2199,5431.5358,2
17-2121,49-3023,4510.5883,1
17-2131,11-1021,5710.3259,1
17-2131,13-2051,4371.1962,1
17-2131,15-1251,2327.9283,1
17-2131,17-2011,13818.6296,3
17-2131,17-2051,2875.2832,1
17-2131,17-2141,13108.7873,4
17-2131,17-2199,16261.3197,4
17-2131,43-5071,8578.7177,1
17-2131,49-3023,4145.875,1
17-2131,49-9044,5192.2216,1
17-2141,11-1021,8203.5572,2
17-2141,11-3071,2060.6558,1
17-2141,11-9021,5178.2592,1
17-2141,11-9041,27378.4042,8
17-2141,11-9141,3908.7885,1
17-2141,13-1041,9418.334299999999,2
17-2141,13-1111,7983.4682999999995,2
17-2141,13-1199,4648.6945,1
17-2141,15-1211,12975.4804,2
17-2141,15-1251,9928.761,2
17-2141,15-1253,4932.6711,1
17-2141,17-2011,26701.2659,6
17-2141,17-2031,7017.9442,2
17-2141,17-2041,8969.3942,3
17-2141,17-2051,43895.6643,14
17-2141,17-2061,4638.8731,1
17-2141,17-2081,6166.3942,1
17-2141,17-2131,12048.8579,4
17-2141,17-2199,159283.4792,42
17-2141,29-1171,9928.8774,2
17-2141,33-3051,948.7549,1
17-2141,35-3031,5002.2237,1
17-2141,39-5012,4459.1561,1
17-2141,41-1011,5533.871,2
17-2141,41-2031,12487.2399,3
17-2141,41-9031,8598.7347,2
17-2141,41-9099,3036.6024,1
17-2141,43-3031,8750.323499999999,2
17-2141,43-5021,8915.6112,2
17-2141,43-5052,5087.262,1
17-2141,43-5061,859.535,1
17-2141,47-2061,6919.0859,2
17-2141,47-2111,4999.1066,1
17-2141,49-3011,9210.1957,2
17-2141,49-3023,13921.707,3
17-2141,49-3031,5366.6859,1
17-2141,49-9071,4630.9845,1
17-2141,51-4031,4326.1786,1
17-2141,51-4041,4257.6699,2
17-2141,51-5112,1157.1626,1
17-2141,51-8021,8874.821399999999,3
17-2141,51-9061,2133.9465,1
17-2141,53-7051,4647.215,1
17-2141,53-7062,11673.833200000001,3
17-2141,53-7064,751.9942,1
17-2171,11-9041,450.1329,1
17-2171,15-1253,4872.4666,1
17-2171,17-2041,469.7318,1
17-2171,17-2141,4999.2301,1
17-2171,17-2199,15719.7902,4
17-2171,19-2099,4930.9095,1
17-2171,41-1012,4774.5207,1
17-2171,41-2031,1658.4045,1
17-2171,41-9091,4895.3923,1
17-2171,43-4199,543.7255,1
17-2171,47-1011,3449.8411,3
17-2199,11-1011,7761.976000000001,3
17-2199,11-1021,10071.908899999999,2
17-2199,11-3021,21384.7297,6
17-2199,11-3031,7820.5389,2
17-2199,11-3051,10239.8825,3
17-2199,11-3061,6079.1607,1
17-2199,11-3071,1826.4776,1
17-2199,11-3131,2939.1617,1
17-2199,11-9021,5488.475,3
17-2199,11-9041,27000.4219,6
17-2199,11-9051,6701.6157,2
17-2199,11-9121,3258.8121,1
17-2199,11-9141,2663.3601,1
17-2199,11-9151,2450.1821,1
17-2199,13-1041,3935.9551,1
17-2199,13-1051,7208.667600000001,2
17-2199,13-1111,37447.2586,10
17-2199,13-1121,683.9092,1
17-2199,13-1161,4049.7268,1
17-2199,13-1199,17501.9639,5
17-2199,13-2011,8216.4861,3
17-2199,13-2052,4495.1213,1
17-2199,15-1211,22650.0223,4
17-2199,15-1212,5551.9962,1
17-2199,15-1241,25775.5881,5
17-2199,15-1244,9623.0818,2
17-2199,15-1251,7482.987,3
17-2199,15-1253,50526.0457,10
17-2199,15-2031,6936.0236,2
17-2199,17-2011,27982.6957,8
17-2199,17-2041,26185.780899999998,7
17-2199,17-2051,217999.2286,60
17-2199,17-2061,33901.3785,8
17-2199,17-2081,12789.4744,4
17-2199,17-2121,11355.8217,4
17-2199,17-2131,21876.5421,7
17-2199,17-2141,88756.08069999999,27
17-2199,17-2171,9282.402900000001,2
17-2199,17-3031,1982.4102,1
17-2199,19-2099,14262.481,4
17-2199,19-3051,8018.9415,2
17-2199,23-1011,4893.4545,1
17-2199,27-2012,5003.0135,3
17-2199,27-3031,5085.2802,1
17-2199,27-3042,392.3663,1
17-2199,29-1127,9534.3074,1
17-2199,29-1129,5698.2627999999995,2
17-2199,29-1141,11072.4764,5
17-2199,33-3021,1687.3569,1
17-2199,33-3051,1297.1418,1
17-2199,35-3031,2113.5168,2
17-2199,39-2011,4446.5628,1
17-2199,39-2021,2578.0967,1
17-2199,39-5012,1726.0347,1
17-2199,41-1011,14562.5132,3
17-2199,41-1012,17498.9522,6
17-2199,41-2031,14800.6499,3
17-2199,41-9031,9842.8746,2
17-2199,41-9099,7698.638,2
17-2199,43-1011,3628.0732,1
17-2199,43-3071,3472.1421,2
17-2199,43-3099,1979.2616,1
17-2199,43-4031,428.3843,1
17-2199,43-4051,25011.7272,6
17-2199,43-4061,5270.9972,1
17-2199,43-4171,4867.4027,1
17-2199,43-5021,1876.8593,1
17-2199,43-5041,1075.2983,1
17-2199,43-5071,4660.9186,1
17-2199,43-9021,10403.0405,2
17-2199,43-9061,10469.265,3
17-2199,47-1011,471.6647,1
17-2199,47-2031,4509.5038,1
17-2199,47-2061,11692.1474,3
17-2199,47-2111,11907.6956,2
17-2199,49-2011,4447.8503,1
17-2199,49-3023,4697.2363,1
17-2199,49-3031,1820.0604,1
17-2199,49-9052,560.0711,1
17-2199,49-9071,1404.2371,1
17-2199,51-3093,5196.6585,1
17-2199,51-4041,888.8579,1
17-2199,51-4199,5125.0246,1
17-2199,51-8021,10132.9514,3
17-2199,51-9061,3439.7529000000004,2
17-2199,53-5011,4747.9818000000005,2
17-2199,53-7064,4108.8013,1
17-2199,53-7065,4809.2955,1
17-3031,11-1021,3800.2485,1
17-3031,11-3051,4739.6285,1
17-3031,11-9013,3668.4837,1
17-3031,11-9111,4659.0259,1
17-3031,13-1161,2358.9324,1
17-3031,13-1199,2617.2363,1
17-3031,15-1253,5157.9229,1
17-3031,17-2081,4671.1969,1
17-3031,17-2121,1721.7775,1
17-3031,17-2199,4890.2956,1
17-3031,29-1051,3398.1241,1
17-3031,33-3051,11124.696899999999,2
17-3031,35-1012,282.4739,1
17-3031,35-3031,5496.2857,1
17-3031,41-1012,5172.6558,1
17-3031,43-4171,5673.8905,1
17-3031,43-9021,1364.4256,1
17-3031,47-1011,3956.3821,1
17-3031,47-2061,3607.6076,1
17-3031,49-3021,2058.182,1
17-3031,49-9051,5139.1,2
17-3031,51-4199,643.0985,1
17-3031,51-9061,5634.7823,1
17-3031,53-5011,4424.3482,1
17-3031,53-7062,379.8838,1
17-3031,53-7065,5035.5234,1
19-2021,11-9141,5749.9676,1
19-2021,27-2012,4167.9833,1
19-2021,43-3099,3000.9786,1
19-2099,11-1011,4332.4312,1
19-2099,11-3021,7166.3007,2
19-2099,11-3031,5669.4078,1
19-2099,11-9013,3483.9106,2
19-2099,11-9021,1369.9222,1
19-2099,11-9111,5052.7991,1
19-2099,11-9121,13845.0465,3
19-2099,11-9151,6308.255800000001,2
19-2099,13-1041,4574.2716,1
19-2099,13-1081,5256.6271,1
19-2099,13-1111,18054.9522,4
19-2099,13-1161,6866.8314,2
19-2099,13-1199,13730.845800000001,5
19-2099,13-2011,7856.349300000001,3
19-2099,15-1211,11404.6718,3
19-2099,15-1212,6771.9723,1
19-2099,15-1221,10385.6979,2
19-2099,15-1242,5540.6072,1
19-2099,15-1251,11913.8167,2
19-2099,15-1253,16655.8034,5
19-2099,15-2031,10563.928899999999,4
19-2099,17-2011,5569.7841,1
19-2099,17-2041,7316.3828,1
19-2099,17-2081,509.4754,1
19-2099,17-2121,3564.9899,1
19-2099,17-2141,4968.0560000000005,2
19-2099,17-2199,5805.9178,3
19-2099,19-3011,11981.2842,2
19-2099,19-4021,5998.8969,2
19-2099,23-1011,13951.794,6
19-2099,23-2011,4877.5412,1
19-2099,29-1051,6484.500099999999,2
19-2099,29-1071,4825.9498,1
19-2099,29-1141,3611.2942,1
19-2099,31-1122,4769.2433,1
19-2099,31-9092,11415.6413,2
19-2099,31-9094,422.7345,1
19-2099,35-2021,4003.8006,1
19-2099,41-1012,8222.8154,2
19-2099,41-2031,6718.7526,1
19-2099,41-3031,11975.7831,2
19-2099,41-3091,6315.5273,1
19-2099,41-9031,2268.7997,1
19-2099,43-3031,3122.3272,1
19-2099,43-3051,3847.7708,1
19-2099,43-4111,3492.211,1
19-2099,43-4131,5468.5588,1
19-2099,43-4199,3594.8925,1
19-2099,43-5021,8131.5923999999995,2
19-2099,43-5061,4098.0644,1
19-2099,43-9199,5626.2057,1
19-2099,47-2061,4986.2013,1
19-2099,49-3023,7356.2091,1
19-2099,49-3031,1128.5186,1
19-2099,51-1011,4379.5192,1
19-2099,51-9061,4119.7307,1
19-3011,11-9151,6242.9299,1
19-3011,13-1022,5657.7351,1
19-3011,13-1041,363.6336,1
19-3011,13-1111,419.2859,1
19-3011,15-1212,1380.3638,1
19-3011,19-2099,4317.8053,1
19-3011,53-7065,3489.4204,1
19-3051,11-9021,3922.4689,1
19-3051,11-9161,766.8177,1
19-3051,13-1041,905.2802,1
19-3051,17-2051,3593.1837,1
19-3051,17-2199,5057.4757,1
19-3051,27-3043,4334.9966,1
19-3051,29-1141,9925.5791,1
19-3051,43-5061,644.1111,1
19-3051,43-9199,4506.6412,1
19-4021,11-9013,6988.4624,2
19-4021,13-1041,864.2755,1
19-4021,15-1251,4648.1704,1
19-4021,33-3041,5384.1851,1
19-4021,39-9011,3947.9441,1
19-4021,43-9061,5022.1999,1
19-4021,43-9071,495.277,1
19-4021,49-9051,2155.3343,1
19-4021,51-9061,720.6831,1
19-4031,11-9021,1447.9859,1
19-4031,13-1199,6054.9064,1
19-4031,19-2099,5028.5484,2
19-4031,41-2031,4538.2536,1
19-4031,43-4051,1475.0698,1
19-4031,43-9051,2640.4484,1
19-4031,47-2061,5427.192,2
19-4031,49-9052,4333.5613,1
19-4031,51-1011,3622.2871,1
19-4031,51-2041,1469.6418,1
19-4031,51-3092,32602.2462,8
19-4031,51-9061,7236.7588,2
19-4031,53-7062,2617.2212,1
21-1092,11-1021,3524.0651,1
21-1092,11-3031,7447.529,1
21-1092,11-3071,4269.6876,1
21-1092,11-9151,1112.8348,1
21-1092,13-1023,4760.8516,1
21-1092,13-1041,2856.4103999999998,2
21-1092,13-1199,5748.4938,1
21-1092,29-1141,751.516,1
21-1092,33-1012,4540.495,1
21-1092,33-3021,3166.8081,1
21-1092,33-3051,677.4243,1
21-1092,39-9011,3730.8469,1
21-1092,43-1011,1650.2082,1
21-1092,43-4031,6550.0642,2
21-1092,43-4051,3761.5804,1
21-1092,43-4199,2732.6488,1
21-1092,49-2011,1750.7109,1
21-1093,11-1021,6980.0187,1
21-1093,11-3031,2119.6099,1
21-1093,11-3051,2748.4154,1
21-1093,11-3071,836.962,1
21-1093,11-3121,5587.0962,1
21-1093,11-9111,8356.2305,2
21-1093,11-9141,5775.3999,1
21-1093,11-9151,35330.3789,13
21-1093,13-1041,4590.1195,1
21-1093,13-1111,3127.1259,1
21-1093,13-1131,382.5849,1
21-1093,13-1161,4248.1836,1
21-1093,13-1199,17056.2682,6
21-1093,13-2011,4171.5008,2
21-1093,13-2081,7219.87,1
21-1093,13-2082,1199.9725,1
21-1093,13-2099,4851.0219,1
21-1093,15-1253,545.48,1
21-1093,21-1092,5280.7519,1
21-1093,21-2099,4626.1345,1
21-1093,23-1011,4456.5026,2
21-1093,27-3031,2570.7616,1
21-1093,27-3043,4361.5512,1
21-1093,29-1129,3502.4321,1
21-1093,29-1141,28226.3008,7
21-1093,29-2081,1610.8746,1
21-1093,31-1122,36157.0138,13
21-1093,31-9092,10232.3911,3
21-1093,31-9096,3563.7193,1
21-1093,33-3021,3984.9564,2
21-1093,33-9021,3696.5607,1
21-1093,35-1011,8663.4834,2
21-1093,35-1012,1282.6879,1
21-1093,35-2021,6722.018800000001,2
21-1093,35-3031,16565.179,4
21-1093,35-3041,2379.8396,1
21-1093,37-2012,6185.7297,2
21-1093,41-1011,5942.1569,1
21-1093,41-2031,6458.1445,2
21-1093,41-3031,4853.7034,1
21-1093,41-3091,4050.2041,1
21-1093,41-9099,1219.9622,1
21-1093,43-1011,16899.8129,3
21-1093,43-3071,796.4617,1
21-1093,43-3099,1981.5522,1
21-1093,43-4051,28750.3044,8
21-1093,43-4061,4881.9252,1
21-1093,43-4111,6061.8464,4
21-1093,43-4131,7536.3007,1
21-1093,43-4171,4240.0676,2
21-1093,43-4181,2716.908,2
21-1093,43-5061,3353.569,1
21-1093,43-9021,3780.7545,1
21-1093,43-9041,12364.1834,3
21-1093,43-9061,4875.7062000000005,2
21-1093,43-9199,19458.0102,5
21-1093,47-2031,3361.082,1
21-1093,47-2111,2877.4962,1
21-1093,47-2141,3451.8009,1
21-1093,47-2221,4612.6333,1
21-1093,47-4011,6110.6426,1
21-1093,49-9021,4589.9704,2
21-1093,49-9071,2991.4069,2
21-1093,51-9151,1543.4483,1
21-1093,53-6031,4050.719,1
21-1093,53-7051,747.5236,1
21-1093,53-7062,9255.4934,2
21-1093,53-7065,4198.0789,2
21-1093,53-7081,13423.7354,1
21-2011,11-1011,2654.526,1
21-2011,11-1021,4209.4383,1
21-2011,11-3111,2952.0446,1
21-2011,11-9021,3351.6185,2
21-2011,11-9141,1660.0945,1
21-2011,13-1011,2099.2523,1
21-2011,13-1121,975.4964,1
21-2011,13-2011,1904.4663,1
21-2011,13-2053,6383.673,1
21-2011,15-1211,5630.5668,1
21-2011,15-1241,498.9476,1
21-2011,17-2011,2889.8764,1
21-2011,17-2141,4514.4371,1
21-2011,17-2199,12759.0811,2
21-2011,21-1093,8005.242899999999,2
21-2011,21-2021,14779.260699999999,3
21-2011,21-2099,43786.5196,12
21-2011,23-1011,6826.2569,2
21-2011,23-2011,5136.0122,1
21-2011,29-1122,439.4882,1
21-2011,29-1129,3261.3894,1
21-2011,29-1141,8150.103999999999,2
21-2011,31-1122,2506.0479,3
21-2011,33-3051,7567.0173,1
21-2011,33-9091,453.426,1
21-2011,33-9093,2749.5225,1
21-2011,35-1012,3689.8644,1
21-2011,37-2012,4278.6051,1
21-2011,39-2021,5523.9988,1
21-2011,39-9011,3656.33,1
21-2011,41-1011,365.0132,1
21-2011,41-2031,4143.77,1
21-2011,43-4051,3914.6305,1
21-2011,43-4061,1408.2642,1
21-2011,43-4151,5218.011,1
21-2011,43-5021,2283.4326,1
21-2011,43-9061,7223.3253,3
21-2011,49-3023,6237.2737,2
21-2021,11-9151,13826.059799999999,3
21-2021,13-2011,3397.4856,1
21-2021,15-1253,4431.4921,1
21-2021,21-2011,14882.1267,3
21-2021,21-2099,6524.8492,2
21-2021,27-3031,2630.5229,1
21-2021,29-1171,2167.4063,1
21-2021,31-1122,643.2168,1
21-2021,35-2021,1091.6212,1
21-2021,35-9031,5003.8311,1
21-2021,41-1011,3678.1719,1
21-2021,43-3031,4857.6829,1
21-2021,43-9061,5852.6923,1
21-2099,11-3061,1338.6116,1
21-2099,11-9151,566.7547,1
21-2099,13-1141,5071.6296,1
21-2099,21-1093,2052.4035,1
21-2099,21-2011,32587.754100000002,9
21-2099,21-2021,17746.7778,6
21-2099,23-2011,1922.5696,1
21-2099,29-1141,4517.5018,1
21-2099,31-1122,4001.9898,1
21-2099,31-9011,5601.128,1
21-2099,31-9091,589.5415,1
21-2099,35-3031,910.9591,1
21-2099,39-5012,7544.0099,1
21-2099,41-1012,3880.1568,1
21-2099,43-1011,10935.8741,3
21-2099,43-3031,3552.5932,1
21-2099,43-9061,12831.1519,4
21-2099,51-4041,5125.1087,1
23-1011,11-1011,29874.369,7
23-1011,11-3021,5956.7329,1
23-1011,11-3031,9864.074,2
23-1011,11-3061,4124.6523,1
23-1011,11-3071,4029.7899,1
23-1011,11-9013,2869.4038,1
23-1011,11-9021,2439.0657,3
23-1011,11-9041,4111.2442,1
23-1011,11-9051,5084.0776,1
23-1011,11-9111,2048.0903,1
23-1011,11-9141,13448.900300000001,4
23-1011,11-9151,17056.0563,4
23-1011,13-1011,3895.6802,1
23-1011,13-1041,11747.5305,5
23-1011,13-1111,27477.269099999998,9
23-1011,13-1121,4506.993,1
23-1011,13-1141,3023.08,1
23-1011,13-1161,1980.3818,1
23-1011,13-1199,13484.8688,9
23-1011,13-2011,11531.3079,3
23-1011,13-2051,9237.7337,2
23-1011,13-2052,15554.139,3
23-1011,13-2099,2419.7298,2
23-1011,15-1211,3848.7442,1
23-1011,15-1244,4116.9746,1
23-1011,15-1253,7949.1736,3
23-1011,17-2011,632.7491,1
23-1011,17-2051,5520.2387,1
23-1011,17-2061,5261.3953,1
23-1011,17-2199,12078.780900000002,3
23-1011,19-2021,2439.7542,1
23-1011,19-2099,13688.563699999999,4
23-1011,21-1093,672.5105,1
23-1011,21-2011,2586.0072,1
23-1011,21-2021,2847.4762,1
23-1011,23-1012,16166.1998,3
23-1011,23-2011,38118.7437,14
23-1011,27-3043,335.6389,1
23-1011,29-1011,14788.741,2
23-1011,29-1051,8707.601999999999,2
23-1011,29-1122,5565.1295,1
23-1011,29-1129,3463.2307,1
23-1011,29-1141,14052.0965,3
23-1011,29-1151,3558.2806,1
23-1011,29-1171,7968.5558,2
23-1011,31-9092,529.1702,1
23-1011,33-3051,15288.0515,3
23-1011,35-9011,385.2327,1
23-1011,39-5011,366.6669,1
23-1011,41-1011,20240.8161,3
23-1011,41-2031,10732.5122,3
23-1011,41-3031,13947.6296,3
23-1011,41-3091,6086.7527,1
23-1011,41-9041,3589.4428,1
23-1011,41-9099,2522.3363,1
23-1011,43-1011,4006.7421999999997,3
23-1011,43-3011,5667.7158,1
23-1011,43-3031,4662.0705,1
23-1011,43-3099,9505.997,2
23-1011,43-4051,5520.7804,4
23-1011,43-4061,9852.0929,2
23-1011,43-9041,805.3929,1
23-1011,43-9061,6774.8532,2
23-1011,43-9199,439.7585,1
23-1011,45-1011,897.6829,1
23-1011,47-2031,5705.8757,1
23-1011,47-2061,5734.8547,1
23-1011,47-2111,4180.3053,1
23-1011,47-4051,4720.3365,1
23-1011,49-3023,2147.6955,1
23-1011,51-9111,3809.13,1
23-1011,53-7051,5210.9956,1
23-1011,53-7064,3288.1368,1
23-1012,11-2011,7179.6163,1
23-1012,23-1011,10888.2207,5
23-1012,23-2011,5321.8032,1
23-1012,43-4031,866.5345,1
23-1012,43-5111,2916.9034,1
23-1012,43-9061,5138.6263,1
23-1012,53-7064,2005.0726,1
23-2011,11-1021,4314.0615,1
23-2011,11-3021,6736.3081,1
23-2011,11-3031,18284.103,4
23-2011,11-3061,9820.294,2
23-2011,11-3121,4802.2782,1
23-2011,11-9013,781.3429,1
23-2011,11-9021,1845.3187,1
23-2011,11-9041,3258.9056,1
23-2011,11-9051,9568.763299999999,2
23-2011,11-9111,6931.8738,1
23-2011,11-9151,8090.8149,1
23-2011,13-1023,425.3782,1
23-2011,13-1111,4546.6424,1
23-2011,13-1161,11486.4344,2
23-2011,13-1199,8539.1425,3
23-2011,13-2011,10451.2196,3
23-2011,15-1212,4837.3754,1
23-2011,15-1244,2049.826,1
23-2011,15-1254,3112.9511,1
23-2011,15-2031,2582.9750000000004,2
23-2011,17-2171,4952.8647,1
23-2011,17-2199,3257.4252,1
23-2011,21-1093,2535.1497,1
23-2011,23-1011,54819.0621,18
23-2011,23-1012,16112.6422,3
23-2011,29-1127,604.5592,1
23-2011,29-1141,9939.466400000001,2
23-2011,29-1292,2046.4307,1
23-2011,31-1122,13653.3273,3
23-2011,33-3051,4692.2941,1
23-2011,35-3031,11095.2814,3
23-2011,37-2012,2421.5541,1
23-2011,39-2011,3750.7791,1
23-2011,39-9011,2395.0007,1
23-2011,41-1011,8511.5743,2
23-2011,41-2031,977.9238,1
23-2011,41-3091,4016.8911,1
23-2011,43-1011,28881.5766,8
23-2011,43-3011,4436.3263,1
23-2011,43-3031,29616.670299999998,6
23-2011,43-3099,1915.5501,1
23-2011,43-4051,7244.7937,2
23-2011,43-4071,9427.8683,1
23-2011,43-4151,4390.4306,1
23-2011,43-4171,17863.7101,5
23-2011,43-5041,4979.6105,1
23-2011,43-5071,3684.6239,1
23-2011,43-9041,8486.4092,2
23-2011,43-9061,58633.6351,16
23-2011,43-9199,1797.4716,1
23-2011,47-1011,1733.6558,1
23-2011,47-2031,4711.9114,1
23-2011,47-2181,4040.5333,1
23-2011,49-9071,4879.5721,1
23-2011,51-9111,2069.9198,1
23-2011,53-7062,13720.8935,3
25-4022,11-2011,4195.3548,1
25-4022,11-3021,3000.7492,1
25-4022,11-3121,5585.9021,1
25-4022,11-9141,494.1611,1
25-4022,11-9151,6517.8678,1
25-4022,13-1023,341.7203,1
25-4022,13-2011,11775.0386,2
25-4022,21-2099,1952.9989,1
25-4022,23-1011,4405.9631,1
25-4022,23-1012,426.2822,1
25-4022,25-4031,23120.6574,6
25-4022,27-3041,2265.4058,1
25-4022,29-1141,1327.9123,1
25-4022,31-1122,4633.5319,1
25-4022,41-1012,329.0529,1
25-4022,41-2021,1694.8668,1
25-4022,43-4051,2437.3074,1
25-4022,43-4071,3135.5993,1
25-4022,43-4111,393.3809,1
25-4022,43-4121,36072.897899999996,13
25-4022,43-9041,1589.7363,1
25-4022,43-9061,389.798,1
25-4022,43-9199,6376.901400000001,2
25-4031,11-3061,925.7411,1
25-4031,13-1111,778.7871,1
25-4031,25-4022,15781.7062,5
25-4031,27-3043,2717.0078000000003,2
25-4031,35-1012,3352.3872,1
25-4031,43-4121,26313.687,10
25-4031,43-5071,4371.6612,1
25-4031,43-9061,1192.3981,1
25-4031,43-9071,4980.1075,1
25-4031,47-1011,741.2864,1
27-2011,11-1011,5889.4771,2
27-2011,31-9096,6531.6227,1
27-2011,41-1012,5804.4577,1
27-2011,41-2031,15601.273799999999,3
27-2011,43-9199,4295.6424,1
27-2011,47-2031,2563.3154,1
27-2012,11-1011,12257.3624,3
27-2012,11-1021,6687.3507,2
27-2012,11-2011,8265.5977,2
27-2012,11-3021,3979.2477,1
27-2012,11-3051,13453.7844,3
27-2012,11-9111,2634.8014999999996,2
27-2012,11-9151,2053.5218,1
27-2012,13-1111,4203.7735,1
27-2012,13-1121,9766.048999999999,2
27-2012,13-1161,4176.7654,1
27-2012,13-1199,301.758,1
27-2012,13-2052,1007.7404,1
27-2012,15-1253,3994.3337,1
27-2012,15-1254,7616.5242,2
27-2012,27-2011,4980.416,1
27-2012,27-3031,6372.1686,1
27-2012,27-3041,1254.1051,1
27-2012,27-3043,17846.99,4
27-2012,27-4021,4514.8434,1
27-2012,29-1292,4321.8361,1
27-2012,41-1011,3812.7283,1
27-2012,41-1012,8918.4084,2
27-2012,41-2031,8633.668,3
27-2012,41-3011,3777.6915,1
27-2012,41-3021,4182.648,1
27-2012,41-9099,9392.4006,1
27-2012,43-1011,4587.9291,1
27-2012,43-3051,3389.7592,1
27-2012,43-4171,14785.0429,3
27-2012,43-5021,3903.7815,1
27-2012,43-9061,5457.547,1
27-2012,43-9199,1033.6188,1
27-2012,49-1011,7213.1023,1
27-2012,53-7062,5409.5661,2
27-2012,53-7064,1870.8604,1
27-3031,11-1011,16310.5462,4
27-3031,11-1021,390.6986,1
27-3031,11-9013,359.5545,1
27-3031,11-9111,11723.8894,4
27-3031,11-9151,9443.0895,5
27-3031,13-1011,2438.5663,1
27-3031,13-1111,14024.354199999998,3
27-3031,13-1131,2021.503,2
27-3031,13-1161,38180.8513,7
27-3031,13-1199,5437.1665,3
27-3031,13-2011,4288.1897,1
27-3031,13-2052,2990.4889,1
27-3031,15-1242,1468.6452,1
27-3031,15-1253,5736.9896,1
27-3031,15-1254,6617.0761,1
27-3031,15-2031,4629.4435,2
27-3031,21-1093,10229.1518,2
27-3031,23-1011,786.6072,2
27-3031,33-1012,1985.4848,1
27-3031,39-3031,5897.8763,1
27-3031,39-5012,744.6174,1
27-3031,41-2031,4685.6715,1
27-3031,41-3011,5195.4276,1
27-3031,41-3091,10447.5455,2
27-3031,43-1011,3535.7397,1
27-3031,43-4051,13052.4168,6
27-3031,43-9021,2908.8541,1
27-3031,43-9061,13537.983,3
27-3031,43-9199,6647.5985,1
27-3031,47-2061,5571.9376,2
27-3031,53-7064,4419.9278,1
27-3041,11-1011,4022.3333,1
27-3041,11-3031,2593.6724,1
27-3041,11-9141,4006.885,1
27-3041,11-9151,437.9578,1
27-3041,13-1041,4070.2688,1
27-3041,13-1161,702.9902,1
27-3041,15-1253,6270.4627,1
27-3041,21-2099,1488.3745,1
27-3041,27-2012,9565.5201,2
27-3041,27-3043,16937.415699999998,6
27-3041,31-9092,5024.7985,1
27-3041,35-3031,4994.4142,1
27-3041,41-2031,6736.9355,1
27-3041,41-3021,5248.4869,1
27-3041,43-4151,1901.1749,1
27-3041,43-5061,7221.3616,1
27-3041,43-9022,4587.9291,1
27-3041,43-9061,4108.0529,1
27-3041,43-9081,7458.2531,3
27-3041,43-9111,7844.0699,2
27-3041,43-9199,1053.8605,1
27-3041,51-1011,10882.5318,2
27-3041,51-9151,1180.5636,1
27-3042,11-1011,6638.1895,1
27-3042,11-1021,1072.9391,1
27-3042,11-3031,4202.8658,1
27-3042,13-1023,5795.0451,1
27-3042,13-1041,4840.894,1
27-3042,13-1111,3451.1816,1
27-3042,15-1211,3726.1582,1
27-3042,15-1251,5579.0475,1
27-3042,15-1254,3952.5717,1
27-3042,23-2011,8012.1919,2
27-3042,27-3043,18695.9875,5
27-3042,29-1129,4750.9728,1
27-3042,43-4071,1157.7931,1
27-3042,43-4131,1100.7479,1
27-3042,47-2111,2026.1197,1
27-3043,11-1011,3829.6376,2
27-3043,11-3061,1052.6769,1
27-3043,11-3121,744.3895,1
27-3043,11-9013,6678.029,2
27-3043,11-9041,405.7494,1
27-3043,11-9141,609.2313,1
27-3043,11-9151,15636.8553,5
27-3043,13-1111,15664.9123,5
27-3043,13-1131,3026.9512,1
27-3043,13-1151,4261.7431,1
27-3043,13-1161,14355.6675,4
27-3043,13-2011,2400.2377,1
27-3043,13-2052,399.4415,1
27-3043,15-1211,3210.842,1
27-3043,15-1251,4236.3827,1
27-3043,15-1253,4333.4242,1
27-3043,15-1254,8975.182799999999,2
27-3043,17-2199,431.387,1
27-3043,19-2099,6698.9208,1
27-3043,21-1093,4371.6613,1
27-3043,21-2021,1477.2348,1
27-3043,23-1011,5123.0972,1
27-3043,27-2012,13999.1724,3
27-3043,27-3031,2124.7771,1
27-3043,27-3041,23267.554,7
27-3043,27-3042,20424.0724,5
27-3043,29-1129,4917.4814,1
27-3043,29-1141,4606.9202,1
27-3043,33-3021,1423.4598,1
27-3043,35-1011,5601.3846,1
27-3043,35-3031,4753.3267,1
27-3043,37-2012,5757.596,1
27-3043,39-9011,7161.3185,2
27-3043,41-1011,8453.9991,3
27-3043,41-1012,3558.7855,1
27-3043,41-2031,5722.1929,1
27-3043,41-3011,4606.6137,2
27-3043,41-3021,423.1539,1
27-3043,43-1011,6695.042100000001,2
27-3043,43-3031,7831.0435,2
27-3043,43-3099,1772.0563,1
27-3043,43-4051,5135.9672,1
27-3043,43-4071,5100.3997,1
27-3043,43-4111,3718.3356,1
27-3043,43-4181,5759.1592,1
27-3043,43-5061,4127.705,1
27-3043,43-9061,8620.4233,2
27-3043,43-9199,16651.8121,3
27-3043,45-4011,825.2616,1
27-3043,47-2061,10203.839,2
27-3043,51-9061,1649.3742,1
27-3043,51-9111,2650.0607,2
27-3043,53-3099,2216.0549,1
27-3043,53-7051,4491.7271,1
27-3043,53-7065,4398.9893,1
27-4021,11-3031,1634.7076,1
27-4021,11-3051,5514.3114,1
27-4021,11-9021,8787.4716,2
27-4021,11-9111,5442.492,1
27-4021,11-9141,4876.5268,1
27-4021,13-1161,743.2524,1
27-4021,15-1253,4931.331,1
27-4021,21-2011,3768.9722,1
27-4021,27-2012,7338.8933,1
27-4021,27-3041,4141.3083,1
27-4021,29-1141,559.5689,1
27-4021,31-1122,2077.4008,1
27-4021,33-2011,6090.0641,1
27-4021,35-3011,14662.313,2
27-4021,37-2012,2067.3362,1
27-4021,39-5012,5564.0093,2
27-4021,39-9011,12741.6872,3
27-4021,41-1011,13534.5527,2
27-4021,41-2031,8352.9147,2
27-4021,41-3021,4422.7172,1
27-4021,41-3091,4569.7272,1
27-4021,43-1011,514.5081,1
27-4021,43-4161,4624.3644,1
27-4021,43-4171,5330.7059,1
27-4021,47-2031,9594.538400000001,2
27-4021,47-2061,5829.2227,1
27-4021,51-5111,2790.0735,1
27-4021,51-9151,3662.9093,1
27-4021,53-3011,4791.9973,1
27-4021,53-7062,5759.7056,2
29-1011,11-1011,3929.9766,1
29-1011,11-9111,12095.3379,3
29-1011,17-2199,5147.2843,1
29-1011,19-2099,5962.3353,1
29-1011,23-1011,7200.078,1
29-1011,29-1123,3072.3192,1
29-1011,29-1129,6183.9315,1
29-1011,39-5012,4508.0861,1
29-1011,43-1011,3046.7496,1
29-1011,43-3021,1788.2358,1
29-1011,43-4051,1198.2514,1
29-1011,43-9021,1308.993,1
29-1011,47-2031,603.5515,1
29-1031,11-9013,5220.7935,2
29-1031,11-9051,7176.019,2
29-1031,11-9111,14353.52,3
29-1031,13-1041,441.0154,1
29-1031,13-1111,2656.6243,2
29-1031,15-1242,370.6139,1
29-1031,27-4021,1081.5391,1
29-1031,29-1141,9778.6341,2
29-1031,31-1122,736.7755,1
29-1031,35-1011,804.6922,1
29-1031,35-1012,3076.9299,1
29-1031,35-2021,6755.7562,3
29-1031,35-3041,5009.3153,1
29-1031,35-9011,8579.3145,3
29-1031,41-1011,13900.1692,3
29-1031,41-2031,3423.1723,1
29-1031,41-3011,3739.3036,1
29-1031,41-9091,3590.286,1
29-1031,43-1011,5110.1516,1
29-1031,43-5071,4249.8619,1
29-1031,43-9061,3769.7277,1
29-1031,43-9199,4212.8952,1
29-1031,51-9061,2480.645,1
29-1031,53-7064,7379.2122,1
29-1041,11-1011,4392.4643,1
29-1041,13-1023,4976.9654,1
29-1041,13-1111,4256.3294,1
29-1041,17-2199,2223.5545,1
29-1041,23-1011,354.6281,1
29-1041,31-9092,6285.0778,2
29-1041,43-4051,2326.1111,1
29-1041,43-9061,5384.3711,1
29-1051,11-1011,8559.1955,2
29-1051,11-3031,5529.9789,1
29-1051,11-9021,327.5959,1
29-1051,11-9111,3301.3958,1
29-1051,13-1041,5073.5285,1
29-1051,13-1111,11292.0231,3
29-1051,13-1161,4778.1824,1
29-1051,13-2011,9393.4178,2
29-1051,15-1212,3679.4738,1
29-1051,17-2199,4497.8444,1
29-1051,23-1011,7796.075199999999,2
29-1051,29-1122,2727.0797,1
29-1051,29-1141,8251.9791,3
29-1051,29-1171,5079.4715,1
29-1051,29-1181,3546.8656,1
29-1051,31-9095,12925.660100000001,4
29-1051,33-3051,2843.7288,1
29-1051,35-1011,591.8928,1
29-1051,41-1011,20797.1414,8
29-1051,41-1012,9415.718,2
29-1051,41-9091,5054.7668,1
29-1051,43-4051,7333.4234,2
29-1051,43-4061,5425.1505,1
29-1051,43-4071,3197.6322,2
29-1051,43-4171,4576.2252,1
29-1051,43-9061,4093.9949,1
29-1051,43-9081,5445.2248,1
29-1051,43-9199,4845.3368,1
29-1051,47-2061,5106.2634,2
29-1051,47-2073,2324.4849,1
29-1071,11-1021,3768.6107,1
29-1071,11-3021,4060.4718,1
29-1071,11-9013,3252.7959,1
29-1071,11-9051,5436.6547,1
29-1071,11-9111,4409.2,2
29-1071,11-9141,4190.2336,1
29-1071,13-1081,2242.8634,1
29-1071,13-1199,4644.1468,1
29-1071,15-1211,1748.9045,1
29-1071,15-1251,3717.4464,1
29-1071,17-2031,3182.1802,1
29-1071,19-2099,12008.442200000001,3
29-1071,23-1011,5030.4265,1
29-1071,29-1123,5088.0389,1
29-1071,29-1125,5290.3377,1
29-1071,29-1129,5470.7263,2
29-1071,29-1141,36081.1136,11
29-1071,29-1151,4454.7556,1
29-1071,29-1171,9847.805,3
29-1071,31-1122,7111.912900000001,3
29-1071,31-9091,5053.5052,1
29-1071,31-9092,50388.458,14
29-1071,35-3031,1328.1459,1
29-1071,41-3031,2997.2483,1
29-1071,43-4111,1833.4409,1
29-1071,43-4171,914.0513,1
29-1071,43-9061,3983.0157000000004,2
29-1071,47-2141,4446.1142,1
29-1071,51-6031,2004.1382,1
29-1122,11-1021,4490.593,1
29-1122,11-3121,3971.8983,1
29-1122,11-9111,2159.7565,1
29-1122,13-1022,803.3011,1
29-1122,13-1161,7455.3849,1
29-1122,13-2041,3208.6949,1
29-1122,17-2141,1816.7095,1
29-1122,21-2011,574.1721,1
29-1122,27-3043,381.6754,1
29-1122,29-1051,2779.4838,1
29-1122,29-1123,12358.407,3
29-1122,29-1129,35257.1598,10
29-1122,29-1141,11878.9648,3
29-1122,41-1012,4483.0696,1
29-1122,41-2031,5506.4621,1
29-1122,43-4051,2571.7331999999997,2
29-1122,43-4111,4079.7674,1
29-1122,43-9199,5815.2771,1
29-1123,11-1021,2045.5463,1
29-1123,11-3031,2828.3695,1
29-1123,11-9013,558.8971,1
29-1123,11-9111,16155.078,5
29-1123,11-9121,3049.4976,1
29-1123,11-9151,4079.3527000000004,2
29-1123,13-1051,543.0846,1
29-1123,13-1111,4930.3889,1
29-1123,13-1161,1002.7662,1
29-1123,13-2011,731.9917,1
29-1123,13-2031,5284.0048,1
29-1123,17-3031,3715.5621,1
29-1123,29-1122,5420.161700000001,2
29-1123,29-1127,1670.7071,1
29-1123,29-1129,36467.062,11
29-1123,29-1141,23039.353900000002,5
29-1123,31-1122,5034.2508,2
29-1123,31-9092,2302.0522,1
29-1123,35-3011,1211.5191,1
29-1123,39-9011,1216.7013,1
29-1123,41-1012,1527.644,1
29-1123,41-3091,4202.1613,1
29-1123,43-1011,1168.2029,1
29-1123,43-3031,4323.1211,1
29-1123,43-4051,10053.177599999999,2
29-1123,43-4171,4210.0158,1
29-1123,49-3023,3233.7308,1
29-1123,49-9021,1139.9982,1
29-1123,49-9071,9521.7286,2
29-1124,11-9111,3936.2975,1
29-1125,29-1129,12749.1042,4
29-1125,29-1141,6779.9973,1
29-1125,43-4171,1218.1643,1
29-1125,43-9061,1905.0135,1
29-1125,43-9199,3228.2993,1
29-1126,11-3121,1571.7286,1
29-1126,11-9111,3821.4318,1
29-1126,29-1129,10409.6492,3
29-1126,29-1141,23922.1957,6
29-1126,29-2061,4171.4682,1
29-1126,41-2031,4780.1601,1
29-1126,43-4171,3390.6077,1
29-1126,43-5071,3592.8385,1
29-1126,43-9199,4363.3551,2
29-1127,11-3131,2335.7861,1
29-1127,11-9111,1147.0887,1
29-1127,13-1041,506.1403,1
29-1127,13-1081,4919.7907,1
29-1127,13-1111,7263.6071999999995,2
29-1127,13-1151,4724.2776,1
29-1127,13-2011,996.8431,1
29-1127,13-2052,4722.4473,1
29-1127,17-2199,7616.8851,1
29-1127,29-1123,2091.952,1
29-1127,29-1129,27181.0729,6
29-1127,29-1141,9467.6989,3
29-1127,39-9011,3725.9648,1
29-1127,43-1011,3062.6643999999997,2
29-1127,43-4051,6281.5639,1
29-1127,43-4171,4847.0713,1
29-1127,51-6031,447.1643,1
29-1127,51-6064,2553.5726,1
29-1127,53-7065,755.6962,1
29-1129,11-1011,459.3639,1
29-1129,11-1021,2093.8269,2
29-1129,11-3031,6068.5943,1
29-1129,11-3121,2989.882,1
29-1129,11-9013,764.2189,1
29-1129,11-9111,9486.5436,4
29-1129,11-9151,7425.5646,3
29-1129,13-1041,4572.9118,1
29-1129,13-1111,8014.456399999999,3
29-1129,13-1161,3685.6079,1
29-1129,13-2011,5763.3687,1
29-1129,15-1211,8029.8935,3
29-1129,17-2199,4454.018,1
29-1129,21-2011,3066.2311,1
29-1129,23-2011,8651.2935,3
29-1129,25-4022,1665.5523,1
29-1129,27-2011,6913.4016,1
29-1129,27-2012,833.7614,1
29-1129,29-1011,5504.6616,1
29-1129,29-1122,40506.3174,10
29-1129,29-1123,44741.6901,14
29-1129,29-1124,3530.5591,1
29-1129,29-1125,4917.4155,1
29-1129,29-1126,756.9537,1
29-1129,29-1127,11141.6821,2
29-1129,29-1141,44151.6034,7
29-1129,29-1292,724.0247,1
29-1129,29-2061,5531.9723,1
29-1129,31-1122,19107.7544,4
29-1129,31-9011,12647.7057,3
29-1129,31-9091,728.2077,1
29-1129,31-9092,4202.9096,1
29-1129,31-9094,3957.5284,1
29-1129,31-9097,4232.2667,1
29-1129,35-2021,577.8476,1
29-1129,39-5012,3295.3179,1
29-1129,39-9011,3737.7683,1
29-1129,41-1011,11296.2354,2
29-1129,41-2031,3566.4573,2
29-1129,41-9091,12596.7235,2
29-1129,41-9099,1152.8356,1
29-1129,43-4051,5226.7309000000005,2
29-1129,43-4111,6707.1673,1
29-1129,43-4171,4392.5629,2
29-1129,43-9021,5013.2158,1
29-1129,53-6021,3341.1139,1
29-1129,53-7065,7653.9027,2
29-1131,11-1011,4807.8685,1
29-1131,11-9111,1502.0613,1
29-1131,13-1111,771.9446,1
29-1131,19-2099,4891.2425,1
29-1131,31-9096,4103.6531,1
29-1131,43-4161,1432.8031,1
29-1141,11-1011,43509.8891,11
29-1141,11-1021,19463.4954,5
29-1141,11-2011,4058.072,1
29-1141,11-3021,13563.682700000001,5
29-1141,11-3031,28674.1227,8
29-1141,11-3051,8510.0604,2
29-1141,11-3061,9246.3864,2
29-1141,11-3071,4048.9577,1
29-1141,11-3121,27676.7212,6
29-1141,11-3131,3934.3654,1
29-1141,11-9013,14395.534599999999,5
29-1141,11-9021,3823.7603,1
29-1141,11-9041,10414.7861,2
29-1141,11-9051,3816.4429,2
29-1141,11-9081,3071.1525,1
29-1141,11-9111,246117.4447,65
29-1141,11-9121,1365.1709,1
29-1141,11-9141,10458.727299999999,4
29-1141,11-9151,19226.5943,6
29-1141,11-9161,659.8933,1
29-1141,13-1023,18727.6383,4
29-1141,13-1041,13950.1292,3
29-1141,13-1111,24693.773,6
29-1141,13-1121,7441.4203,2
29-1141,13-1151,10138.137200000001,2
29-1141,13-1161,14061.434799999999,5
29-1141,13-1199,22972.9127,6
29-1141,13-2011,44310.7471,10
29-1141,13-2041,4205.1881,1
29-1141,13-2051,4281.0841,1
29-1141,13-2052,6574.895200000001,2
29-1141,13-2082,4925.4247,1
29-1141,13-2099,2688.311,1
29-1141,15-1211,4409.136399999999,2
29-1141,15-1241,775.3986,1
29-1141,15-1242,750.3001,1
29-1141,15-1244,4813.7743,1
29-1141,15-1251,1674.7181,1
29-1141,15-1253,31633.6102,9
29-1141,15-2031,4036.4514,1
29-1141,17-2051,11404.621,5
29-1141,17-2081,1032.2619,1
29-1141,17-2141,2797.05,1
29-1141,17-2199,22752.7266,7
29-1141,17-3031,2776.1947,1
29-1141,19-2099,5059.7463,1
29-1141,21-1092,1220.7385,1
29-1141,21-1093,12710.7502,5
29-1141,21-2011,4489.6667,3
29-1141,21-2099,8280.8801,2
29-1141,23-1011,17816.8926,4
29-1141,23-2011,4549.517,1
29-1141,25-4031,3560.9563,1
29-1141,27-2011,1451.7194,1
29-1141,27-3043,5530.7997,1
29-1141,27-4021,6083.6425,1
29-1141,29-1011,4141.8587,1
29-1141,29-1031,9764.4406,2
29-1141,29-1051,11074.639899999998,2
29-1141,29-1071,25974.833300000002,6
29-1141,29-1122,2885.5285,1
29-1141,29-1123,2663.1056,1
29-1141,29-1125,369.8674,1
29-1141,29-1126,22938.7323,4
29-1141,29-1127,6748.8002,3
29-1141,29-1129,9074.5687,4
29-1141,29-1131,1691.3907,1
29-1141,29-1151,15520.7111,4
29-1141,29-1171,161004.3589,51
29-1141,29-1292,10094.4881,3
29-1141,29-2061,354142.105,100
29-1141,29-2081,4331.1906,1
29-1141,31-1122,140402.498,33
29-1141,31-9011,13655.6467,3
29-1141,31-9091,4902.9155,2
29-1141,31-9092,78529.3262,19
29-1141,31-9094,599.4639,1
29-1141,31-9095,6022.6301,1
29-1141,31-9097,3052.7756,1
29-1141,33-2011,5913.2349,1
29-1141,33-3021,2140.8104,1
29-1141,33-3051,3415.3451999999997,2
29-1141,33-9021,5816.5322,1
29-1141,35-1012,20933.847999999998,5
29-1141,35-2021,7812.5779,1
29-1141,35-3031,35738.9032,11
29-1141,35-3041,3356.3148,1
29-1141,35-9031,6139.3634,1
29-1141,37-1012,4361.6927,1
29-1141,37-2012,22227.2912,6
29-1141,39-5012,5021.4552,2
29-1141,39-9011,17993.5615,5
29-1141,41-1011,57541.2037,17
29-1141,41-1012,14200.173200000001,5
29-1141,41-2031,43555.724200000004,11
29-1141,41-3011,3506.8352,1
29-1141,41-3021,11933.5248,3
29-1141,41-3031,4566.6066,1
29-1141,41-3041,4135.7224,1
29-1141,41-3091,5908.5923,3
29-1141,41-9099,20994.7838,5
29-1141,43-1011,54675.6211,13
29-1141,43-3011,7318.5571,2
29-1141,43-3021,7984.0209,4
29-1141,43-3031,24788.2807,7
29-1141,43-3051,12829.8383,3
29-1141,43-3061,10279.1352,2
29-1141,43-3099,3798.8775,1
29-1141,43-4031,1855.6436,1
29-1141,43-4041,6654.0748,1
29-1141,43-4051,70816.9737,18
29-1141,43-4071,4124.9035,1
29-1141,43-4111,7342.7015,3
29-1141,43-4161,2441.6415,1
29-1141,43-4171,33762.4974,9
29-1141,43-4199,4694.8967,1
29-1141,43-5011,4634.9205,2
29-1141,43-5021,16820.5568,3
29-1141,43-5052,6522.3618,1
29-1141,43-9021,4124.2596,1
29-1141,43-9022,8776.6794,2
29-1141,43-9041,16189.5713,4
29-1141,43-9061,85764.5705,24
29-1141,43-9199,35576.7589,8
29-1141,47-2031,6703.0614000000005,2
29-1141,47-2061,14149.1925,4
29-1141,47-2111,14305.902900000001,3
29-1141,47-2141,1226.4787,1
29-1141,49-3021,4055.8222,1
29-1141,49-3023,5122.3872,1
29-1141,49-3031,3306.2497,1
29-1141,49-9021,11257.6821,2
29-1141,49-9071,3505.9721,1
29-1141,51-1011,4333.636,2
29-1141,51-2041,796.7283,1
29-1141,51-3011,16627.5524,4
29-1141,51-4031,4848.9104,1
29-1141,51-4199,9801.2598,2
29-1141,51-6031,6473.8502,1
29-1141,51-9051,4550.5556,1
29-1141,51-9061,8462.8848,2
29-1141,51-9111,7770.1603,2
29-1141,53-2031,2690.8853,1
29-1141,53-3099,3242.6081,1
29-1141,53-6061,8935.1861,1
29-1141,53-7051,11832.2103,3
29-1141,53-7062,5011.4346000000005,3
29-1141,53-7064,5709.6761,1
29-1141,53-7065,17061.5026,4
29-1141,53-7081,1518.1313,1
29-1151,11-9013,2163.9422,1
29-1151,29-1141,6758.7694,2
29-1151,41-1012,5041.1157,1
29-1151,47-4051,1803.8132,1
29-1151,53-7062,3831.5161,1
29-1171,11-9021,5904.403,1
29-1171,11-9111,9931.211800000001,4
29-1171,11-9141,2913.6992,1
29-1171,13-1111,1741.9732,1
29-1171,13-2052,7562.2523,2
29-1171,15-1241,4104.4631,1
29-1171,15-1253,4228.91,1
29-1171,17-2141,5524.9035,1
29-1171,19-2099,4207.1604,1
29-1171,21-1093,7068.5664,1
29-1171,21-2011,2099.1355,1
29-1171,23-1011,3890.1546,1
29-1171,25-4022,4455.6321,1
29-1171,29-1051,5225.4367,1
29-1171,29-1071,14642.367,5
29-1171,29-1129,1869.6614,1
29-1171,29-1141,122606.5908,31
29-1171,29-2061,18031.8067,4
29-1171,31-1122,1922.443,1
29-1171,33-3021,5567.5685,1
29-1171,35-1012,5489.3667,1
29-1171,41-1011,3943.3152,1
29-1171,43-1011,3636.72,1
29-1171,43-4111,2154.8452,1
29-1171,43-9061,4362.1253,1
29-1181,29-2061,4597.2639,1
29-1292,11-9013,405.4557,1
29-1292,11-9111,2744.5537,2
29-1292,11-9141,4604.4803,1
29-1292,13-1199,757.2706,1
29-1292,21-1092,4662.821,1
29-1292,29-1011,4242.1527,1
29-1292,29-1129,617.0233,1
29-1292,29-1141,10873.025300000001,3
29-1292,29-1171,1245.4245,1
29-1292,31-1122,4306.0082,1
29-1292,31-9011,2523.6582,1
29-1292,31-9091,74860.6883,24
29-1292,33-1011,4203.9193,1
29-1292,35-3041,466.9917,1
29-1292,39-2021,651.9971,1
29-1292,41-1011,1566.2418,1
29-1292,41-2031,5968.7683,1
29-1292,43-3021,3301.8814,1
29-1292,43-4061,806.1186,1
29-1292,43-4071,3972.7943,1
29-1292,43-4161,3649.7552,1
29-1292,43-9021,669.5831,1
29-1292,43-9061,6841.2403,1
29-1292,47-2061,4613.9477,1
29-1292,51-5112,5232.3611,1
29-1292,51-9061,5061.5179,1
29-1292,53-2031,4815.0377,1
29-1292,53-7061,4308.9666,1
29-2061,11-1021,5180.6395,1
29-2061,11-3021,4479.1419,1
29-2061,11-3031,4142.763199999999,2
29-2061,11-3121,3152.6639,1
29-2061,11-9013,6034.3766,3
29-2061,11-9021,2884.7225,1
29-2061,11-9051,9872.873500000002,2
29-2061,11-9081,7618.0855,1
29-2061,11-9111,19877.8788,4
29-2061,11-9141,12738.117,3
29-2061,11-9151,5039.2168,1
29-2061,11-9161,1305.0178,1
29-2061,13-2011,3722.2573,1
29-2061,13-2052,4367.4747,1
29-2061,13-2053,7574.4167,1
29-2061,13-2082,3672.4584,1
29-2061,13-2099,1232.6281,1
29-2061,15-1211,2785.1642,1
29-2061,15-1244,5018.5004,1
29-2061,17-2051,4488.8935,1
29-2061,23-2011,5427.0468,1
29-2061,27-2011,3944.8848,1
29-2061,27-3041,3856.7579,1
29-2061,29-1129,2589.7135,1
29-2061,29-1141,426652.9549,118
29-2061,29-1171,4104.9585,1
29-2061,31-1122,191980.7896,51
29-2061,31-9091,9223.8644,2
29-2061,31-9092,14129.855,6
29-2061,31-9097,6717.8715999999995,2
29-2061,33-9093,6012.1753,1
29-2061,35-1012,7935.8926,2
29-2061,35-2021,7243.939200000001,3
29-2061,35-3011,4224.1775,1
29-2061,35-3031,4063.468,1
29-2061,35-3041,3649.2197,1
29-2061,35-9021,5593.9211,1
29-2061,35-9031,4895.5987,1
29-2061,37-2012,30762.4598,9
29-2061,39-2021,3995.7512,1
29-2061,39-5012,6711.632599999999,2
29-2061,39-9011,32025.4504,5
29-2061,39-9041,3353.1357,1
29-2061,41-1011,24039.608,4
29-2061,41-2031,11140.0919,3
29-2061,41-3021,5344.0187,1
29-2061,43-1011,16136.3747,3
29-2061,43-3011,1979.9821,1
29-2061,43-3031,17241.3707,6
29-2061,43-3071,1099.8744,1
29-2061,43-4051,41915.7609,9
29-2061,43-4071,2484.2884,1
29-2061,43-4111,6540.8152,2
29-2061,43-4171,10659.0344,4
29-2061,43-5021,3914.2471,1
29-2061,43-9041,1888.9389,1
29-2061,43-9051,3502.9499,1
29-2061,43-9061,4667.7672,2
29-2061,43-9199,9920.1039,2
29-2061,47-2031,4941.6069,1
29-2061,47-2061,651.9587,1
29-2061,47-2073,6319.0732,1
29-2061,47-2111,5577.5806,1
29-2061,49-9071,1999.7593,1
29-2061,51-8021,972.3123,1
29-2061,51-9061,11248.550500000001,2
29-2061,53-3099,2000.4811,1
29-2061,53-7061,4013.0568,1
29-2061,53-7062,13507.1173,4
29-2061,53-7064,8751.5338,3
29-2061,53-7065,5833.2024,1
29-2081,11-1021,4758.2588,1
29-2081,11-9111,758.1124,1
29-2081,11-9141,6085.5274,1
29-2081,13-1111,605.3477,1
29-2081,15-2031,5502.0795,1
29-2081,29-1141,5402.4148000000005,2
29-2081,31-9092,11127.7696,3
29-2081,39-5012,3776.2431,1
29-2081,41-1011,4188.3382,1
29-2081,41-2031,6877.3365,2
29-2081,43-5071,645.1299,1
29-2081,43-9061,770.0308,1
31-1122,11-1011,12245.6839,3
31-1122,11-1021,2634.232,1
31-1122,11-3031,28377.7679,7
31-1122,11-3061,4508.2939,1
31-1122,11-3121,3999.7524,1
31-1122,11-9013,1059.7515,1
31-1122,11-9021,5830.0215,2
31-1122,11-9051,25949.6451,7
31-1122,11-9081,3814.5831,1
31-1122,11-9111,46498.5882,14
31-1122,11-9141,5649.3317,2
31-1122,11-9151,20610.203999999998,8
31-1122,13-1011,1474.6138,1
31-1122,13-1022,4167.4645,1
31-1122,13-1041,4044.7262,1
31-1122,13-1081,4772.7104,2
31-1122,13-1111,9143.0275,2
31-1122,13-1121,2441.2833,1
31-1122,13-1151,1618.1118,1
31-1122,13-1161,9132.8155,2
31-1122,13-1199,12214.4695,3
31-1122,13-2011,7926.687,3
31-1122,13-2052,2290.5206,1
31-1122,13-2081,759.9121,1
31-1122,13-2099,743.1896,1
31-1122,15-1211,1997.2629,1
31-1122,15-1253,5935.5437,2
31-1122,15-2031,3628.3442,1
31-1122,17-2051,4872.3426,1
31-1122,21-1093,44301.9271,12
31-1122,21-2011,6705.337,2
31-1122,23-2011,11321.046900000001,2
31-1122,25-4022,4290.5068,1
31-1122,27-2011,4140.1888,1
31-1122,27-3031,483.1479,1
31-1122,27-4021,3981.2691,1
31-1122,29-1031,10275.8848,2
31-1122,29-1071,2485.8437999999996,2
31-1122,29-1129,5573.5086,1
31-1122,29-1141,128604.92,32
31-1122,29-2061,156245.9764,40
31-1122,31-9091,4894.588,3
31-1122,31-9092,40957.2934,11
31-1122,31-9097,21011.1916,4
31-1122,33-3051,2060.4011,1
31-1122,33-9021,4207.4002,1
31-1122,33-9091,4920.1387,1
31-1122,35-1011,12017.9496,4
31-1122,35-2021,16126.0386,5
31-1122,35-3011,8689.7076,2
31-1122,35-3031,25858.119000000002,6
31-1122,35-3041,7830.778899999999,3
31-1122,35-9011,13355.8899,3
31-1122,35-9021,16760.184,4
31-1122,35-9031,14503.0721,4
31-1122,37-1011,8853.1453,2
31-1122,37-1012,2937.7982,1
31-1122,37-2012,45270.7831,13
31-1122,39-2021,4217.7609,1
31-1122,39-4031,2435.6774,1
31-1122,39-5012,12381.167599999999,5
31-1122,39-9011,116526.572,37
31-1122,39-9041,20549.445900000002,7
31-1122,41-1011,52322.3242,11
31-1122,41-1012,4038.1707,1
31-1122,41-2021,982.455,1
31-1122,41-2031,55416.4935,16
31-1122,41-3011,1885.627,1
31-1122,41-3021,4493.9287,1
31-1122,41-3041,12954.658500000001,2
31-1122,41-3091,8123.032799999999,2
31-1122,41-9041,7455.7153,1
31-1122,41-9091,5759.7108,1
31-1122,43-1011,15520.2084,4
31-1122,43-3011,10575.0881,2
31-1122,43-3021,10794.7345,2
31-1122,43-3031,24371.0808,6
31-1122,43-3051,832.5622,1
31-1122,43-3071,3813.502,1
31-1122,43-3099,706.8702,1
31-1122,43-4051,70102.2438,15
31-1122,43-4071,415.7782,1
31-1122,43-4081,9295.1273,2
31-1122,43-4111,4120.7252,1
31-1122,43-4121,540.0227,1
31-1122,43-4151,6283.1868,1
31-1122,43-4161,8943.438900000001,3
31-1122,43-4171,24570.8245,7
31-1122,43-5021,6761.0802,3
31-1122,43-5051,803.3115,1
31-1122,43-5052,2520.7866,1
31-1122,43-5071,394.311,1
31-1122,43-9041,623.6983,1
31-1122,43-9061,39970.0603,12
31-1122,43-9199,21238.0166,5
31-1122,45-2041,4337.9034,1
31-1122,47-1011,4872.1153,1
31-1122,47-2031,8459.488000000001,2
31-1122,47-2061,14392.8585,4
31-1122,47-2111,4234.5131,1
31-1122,49-3023,6672.1346,1
31-1122,49-3031,1708.2976,1
31-1122,49-9021,1235.8969,1
31-1122,49-9052,4108.6961,1
31-1122,49-9071,8674.9856,1
31-1122,51-1011,9494.3609,2
31-1122,51-3011,7308.733200000001,2
31-1122,51-3099,606.926,1
31-1122,51-4031,5956.9977,2
31-1122,51-4041,11277.5924,2
31-1122,51-4199,1061.88,1
31-1122,51-6031,2707.2688,2
31-1122,51-9061,11510.0715,3
31-1122,51-9111,4975.0052,1
31-1122,51-9198,4289.4876,1
31-1122,53-3099,15522.084900000002,4
31-1122,53-6031,3144.8552,1
31-1122,53-7062,55137.3112,19
31-1122,53-7064,18674.6191,3
31-1122,53-7065,21576.422,5
31-1122,53-7199,4941.4363,1
31-9011,11-1021,5665.8991000000005,2
31-9011,11-3031,3737.9254,1
31-9011,11-9051,928.5422,1
31-9011,11-9111,942.4602,1
31-9011,13-1111,3668.0981,1
31-9011,13-1199,640.2549,1
31-9011,13-2011,326.4547,1
31-9011,19-2099,861.1669,1
31-9011,29-1129,13968.0169,5
31-9011,29-1141,10781.774000000001,3
31-9011,31-9092,5876.907,1
31-9011,33-9093,3787.9096,1
31-9011,35-2021,4462.5907,1
31-9011,35-3011,1089.9968,1
31-9011,35-3031,3130.8247,1
31-9011,35-9011,1360.9802,1
31-9011,37-2012,4483.5014,1
31-9011,39-5012,3523.4244,1
31-9011,39-9011,803.6276,1
31-9011,41-2031,3859.0241,1
31-9011,41-9091,1525.9606,1
31-9011,41-9099,4104.1835,1
31-9011,43-3021,342.7726,1
31-9011,43-4051,6306.5104,2
31-9011,43-4081,4889.9745,1
31-9011,43-4111,4834.7053,1
31-9011,43-4121,3253.1733,1
31-9011,43-4199,4498.2033,1
31-9011,47-1011,985.289,1
31-9011,47-2061,4969.0483,1
31-9011,53-7062,1019.4946,1
31-9011,53-7064,5439.0195,1
31-9091,11-1011,2409.4395,1
31-9091,11-3031,850.5693,1
31-9091,11-9013,5526.5764,1
31-9091,11-9111,8782.0888,2
31-9091,11-9151,5505.8723,1
31-9091,13-1161,540.3602,1
31-9091,13-1199,3655.7933,1
31-9091,13-2011,3711.721,1
31-9091,15-1211,459.6327,1
31-9091,29-1071,4370.937,1
31-9091,29-1129,668.1576,1
31-9091,29-1141,4447.5958,1
31-9091,29-1292,68582.0659,23
31-9091,31-1122,879.4435,1
31-9091,31-9011,4952.8095,1
31-9091,31-9092,19049.1969,5
31-9091,37-1011,4827.7228,1
31-9091,37-2012,5217.689,1
31-9091,39-2021,9634.5308,2
31-9091,39-5012,6772.3399,1
31-9091,39-9011,6880.4526000000005,2
31-9091,41-2021,2044.4865,2
31-9091,41-2031,6120.6979,2
31-9091,41-3021,3422.9792,1
31-9091,43-1011,6425.8351,2
31-9091,43-3031,2368.6377,1
31-9091,43-4051,18640.0062,4
31-9091,43-4111,1944.2727,1
31-9091,43-4171,27352.3949,7
31-9091,43-5052,4100.7429,1
31-9091,43-5111,1689.561,1
31-9091,43-9021,699.4967,1
31-9091,43-9041,13791.323799999998,2
31-9091,43-9061,45589.9415,11
31-9091,43-9199,8181.6631,2
31-9091,47-1011,9790.4172,1
31-9091,49-1011,4362.1971,1
31-9091,49-9071,3875.9361,1
31-9091,51-3011,3311.679,1
31-9091,51-5112,4594.8385,1
31-9091,51-6031,6823.8563,1
31-9091,51-7011,913.0576,1
31-9091,51-9061,4879.1644,1
31-9091,51-9111,3669.7629,1
31-9091,53-7062,6395.2554,2
31-9091,53-7199,921.8693,1
31-9092,11-3021,4270.0943,1
31-9092,11-3031,6741.542399999999,2
31-9092,11-9013,3663.3003,1
31-9092,11-9051,3747.6878,1
31-9092,11-9111,22861.1002,5
31-9092,13-1022,8395.4282,2
31-9092,13-1041,7640.6043,1
31-9092,13-1121,7301.7539,1
31-9092,13-1141,5406.347,1
31-9092,13-1199,6072.57,2
31-9092,13-2011,1742.2327,1
31-9092,13-2053,2193.4634,1
31-9092,15-1244,3618.7845,1
31-9092,17-2031,4951.8566,1
31-9092,17-2199,12532.0257,2
31-9092,19-2099,4991.0274,1
31-9092,21-1093,6281.3568,2
31-9092,23-2011,2044.3925,1
31-9092,27-3031,4341.7248,1
31-9092,27-4021,687.0841,1
31-9092,29-1071,29363.6095,8
31-9092,29-1141,132588.299,35
31-9092,29-1171,1403.099,1
31-9092,29-2061,37826.280999999995,12
31-9092,31-1122,35932.8883,10
31-9092,31-9091,18697.0577,5
31-9092,31-9097,27530.3718,6
31-9092,33-3051,5126.1386999999995,2
31-9092,35-2021,3886.2087,1
31-9092,35-3031,6563.9413,3
31-9092,37-2012,15395.717,5
31-9092,39-5012,5117.4427,1
31-9092,39-9011,9278.236799999999,2
31-9092,41-1011,8402.8494,2
31-9092,41-1012,4593.7952,1
31-9092,41-2031,8437.985700000001,2
31-9092,43-1011,14083.0838,4
31-9092,43-2011,3840.7288,1
31-9092,43-3011,3415.332,1
31-9092,43-3021,5424.1698,2
31-9092,43-3031,5997.478099999999,2
31-9092,43-3051,2722.7577,1
31-9092,43-4031,2702.9861,1
31-9092,43-4051,29461.2082,6
31-9092,43-4111,9234.4204,3
31-9092,43-4131,7219.8269,1
31-9092,43-4171,41492.3739,12
31-9092,43-4199,3947.1901,1
31-9092,43-5021,7183.518,3
31-9092,43-5052,3733.6085,1
31-9092,43-5071,4924.9426,2
31-9092,43-9021,7623.8108,2
31-9092,43-9041,5652.8274,1
31-9092,43-9061,38338.4586,9
31-9092,43-9081,3139.9688,1
31-9092,43-9199,8259.5593,3
31-9092,47-2031,4070.5974,1
31-9092,47-2061,7286.2557,2
31-9092,51-3011,2464.0171,1
31-9092,51-3099,727.7181,1
31-9092,51-9061,8034.4114,2
31-9092,51-9111,7308.9646,2
31-9092,53-7061,4242.2191,1
31-9092,53-7062,8509.420300000002,3
31-9092,53-7064,11920.514500000001,3
31-9092,53-7065,8664.4725,2
31-9094,17-2041,3932.2618,1
31-9094,17-2199,6678.2742,1
31-9094,31-9092,3782.1042,1
31-9094,35-3031,4548.1533,1
31-9094,37-2012,8493.663,2
31-9094,41-1011,4237.1735,1
31-9094,43-4171,5314.6231,1
31-9094,43-9022,12762.5973,3
31-9094,43-9061,12898.9529,2
31-9094,43-9199,8118.1118,2
31-9094,53-7199,6398.9777,1
31-9095,29-1051,41458.8538,9
31-9095,29-1141,5147.5099,1
31-9095,29-2061,1225.0059,1
31-9095,39-2021,1380.7643,1
31-9095,39-5012,3588.3792,1
31-9095,41-2031,2343.6829,1
31-9095,43-4051,19886.5219,5
31-9095,43-4171,6201.1022,1
31-9095,43-9061,8842.7078,3
31-9095,43-9199,3579.6066,1
31-9095,47-1011,4354.3377,1
31-9096,13-1161,5346.2289,1
31-9096,15-1253,1632.5224,1
31-9096,23-2011,4196.4084,1
31-9096,29-1131,10324.3557,2
31-9096,29-2061,3142.4719,1
31-9096,31-9094,3221.9302,1
31-9096,35-3031,4713.2089,1
31-9096,35-9031,1040.6832,1
31-9096,39-2021,62949.4001,15
31-9096,39-9011,3018.7225,1
31-9096,41-1012,4558.8926,1
31-9096,41-3021,5138.7781,1
31-9096,43-1011,2393.8573,1
31-9096,43-4071,5971.0568,2
31-9096,43-4171,7174.3219,2
31-9096,47-2061,1544.5234,1
31-9096,49-9071,1026.5815,1
31-9096,53-7062,4686.4623,1
31-9096,53-7064,4942.1371,1
31-9097,11-1021,2001.3332,1
31-9097,11-3031,4430.7787,1
31-9097,11-9111,2044.0521,1
31-9097,11-9151,5883.8124,1
31-9097,29-1129,14667.576700000001,3
31-9097,29-1141,11678.5185,2
31-9097,29-2061,3519.6934,1
31-9097,31-1122,9205.4454,3
31-9097,31-9092,4231.018,1
31-9097,33-1011,6029.3885,1
31-9097,33-9091,4037.4367,1
31-9097,39-2021,3137.0426,1
31-9097,39-5012,918.3074,1
31-9097,39-9011,1485.5054,1
31-9097,41-1011,3195.3266,2
31-9097,41-1012,11746.1877,2
31-9097,41-3021,4378.4708,1
31-9097,43-1011,5091.0972,1
31-9097,43-3071,13559.8913,2
31-9097,43-4171,1790.5632,1
31-9097,43-5021,754.9642,1
31-9097,43-9061,5583.3369,2
31-9097,47-2061,6024.0263,1
31-9097,51-1011,6656.5332,2
31-9097,51-6031,1220.7442,1
31-9097,53-3099,4478.7125,1
33-1011,17-2051,2924.1785,1
33-1011,21-1092,8187.8288,2
33-1011,21-1093,531.7055,1
33-1011,29-1292,4073.7302,1
33-1011,31-1122,3713.7797,1
33-1011,31-9092,6337.5767,1
33-1011,33-1012,9396.801599999999,3
33-1011,33-3051,522.3864,1
33-1011,41-1011,3526.7294,1
33-1011,43-1011,3327.2131,1
33-1011,51-1011,1610.2389,1
33-1011,53-7065,4814.7502,1
33-1012,11-9151,4333.2933,1
33-1012,13-2052,2293.399,1
33-1012,21-1092,2837.2797,1
33-1012,21-1093,4585.0147,1
33-1012,33-1011,19159.7334,5
33-1012,33-2011,5252.9621,1
33-1012,33-3021,17069.3865,4
33-1012,33-3041,5799.5493,1
33-1012,33-3051,64163.707,21
33-1012,33-9091,5115.4567,1
33-1012,41-1011,4723.1472,1
33-1012,41-3031,5368.5287,1
33-1012,43-5021,2041.8743,1
33-1012,51-9195,4884.4428,1
33-1021,11-9013,3961.861,1
33-1021,19-4021,3348.2617,1
33-1021,21-1093,4747.7393,1
33-1021,33-2011,20005.7793,5
33-1021,43-5021,4214.4242,1
33-1021,47-2061,3427.7556,1
33-2011,11-3031,2455.0968,1
33-2011,11-3061,4558.3785,1
33-2011,11-9013,7452.965700000001,2
33-2011,11-9021,832.4605,1
33-2011,11-9051,6124.7285,1
33-2011,11-9141,2548.3357,1
33-2011,11-9161,4855.3083,1
33-2011,13-1081,2110.0154,1
33-2011,13-1111,5264.7439,1
33-2011,13-1199,3887.3483,1
33-2011,13-2052,2315.0051,1
33-2011,15-1244,819.4244,1
33-2011,17-2011,6456.9446,1
33-2011,17-2051,4800.872299999999,2
33-2011,17-2061,5660.732,1
33-2011,17-2141,1051.0762,1
33-2011,17-2199,6769.0733,2
33-2011,27-2012,5720.3402,1
33-2011,29-1031,945.9763,1
33-2011,29-1141,7378.5713,1
33-2011,31-1122,5077.881,1
33-2011,33-1012,5658.2393,1
33-2011,33-1021,9637.4731,3
33-2011,33-3021,5010.0447,1
33-2011,33-3051,3802.9373,1
33-2011,35-3011,4088.55,1
33-2011,35-3031,4248.1018,2
33-2011,41-1011,2467.6738,1
33-2011,41-2021,5127.8018,1
33-2011,41-2031,8159.3405,1
33-2011,43-5021,1745.4518,1
33-2011,45-1011,302.8449,1
33-2011,47-2061,7255.344700000001,2
33-2011,47-2073,6112.2933,1
33-2011,47-2111,5355.1587,1
33-2011,49-1011,1240.5556,1
33-2011,49-3021,4475.2587,1
33-2011,49-3031,1299.6133,1
33-2011,49-9071,3496.2027,1
33-2011,53-7064,5112.9106,1
33-2011,53-7065,4924.417,1
33-3021,11-9051,2917.305,1
33-3021,13-1041,4995.1075,2
33-3021,13-1111,5089.5004,1
33-3021,13-2011,3818.4542,1
33-3021,13-2051,3741.4943,1
33-3021,13-2099,2422.7015,2
33-3021,15-1211,4112.7901,1
33-3021,15-1212,12966.1137,2
33-3021,15-1251,730.621,1
33-3021,15-2031,6549.2874,1
33-3021,17-2199,3882.6659,2
33-3021,19-2099,579.7624,1
33-3021,23-2011,6770.1917,1
33-3021,29-1051,2872.9797,1
33-3021,31-9092,6020.6314,1
33-3021,33-1012,10253.412400000001,3
33-3021,33-3051,54968.0775,14
33-3021,33-9021,18962.7959,8
33-3021,37-2021,7711.9155,1
33-3021,39-9011,3349.9914,1
33-3021,41-1011,3075.9543,1
33-3021,41-2031,11105.648799999999,3
33-3021,43-1011,10445.6073,2
33-3021,43-3031,3600.9096,1
33-3021,43-4051,2318.0094,1
33-3021,43-4111,683.5312,1
33-3021,43-9061,4976.7334,2
33-3021,47-2031,827.3029,1
33-3021,53-7062,4097.6333,1
33-3021,53-7065,5607.2596,1
33-3041,13-1081,3643.5943,1
33-3041,19-4021,5213.2252,1
33-3041,27-4021,1413.5133,1
33-3041,33-3051,3517.1389,1
33-3041,33-9021,463.2413,1
33-3041,41-1012,1544.0391,1
33-3041,43-9061,715.0543,1
33-3041,53-7062,4526.4943,1
33-3051,11-1011,4220.6314,1
33-3051,11-1021,6686.3505,1
33-3051,11-3061,4004.7629,1
33-3051,11-3071,4855.749099999999,2
33-3051,11-9021,4451.6494,1
33-3051,11-9051,3325.8993,1
33-3051,11-9121,6694.6504,1
33-3051,13-1023,5542.4009,1
33-3051,13-1041,10868.2652,3
33-3051,13-1081,5132.6992,1
33-3051,13-1199,1013.8088,1
33-3051,13-2011,4192.0301,1
33-3051,13-2051,3795.9378,1
33-3051,13-2052,3498.8311,1
33-3051,13-2081,7534.1498,2
33-3051,15-1211,5388.1937,1
33-3051,15-1242,5842.8892,1
33-3051,15-1253,12369.795699999999,4
33-3051,17-2141,964.5926,1
33-3051,17-2199,4250.3428,1
33-3051,21-1092,15764.3843,3
33-3051,27-2012,3421.46,1
33-3051,27-3043,978.387,1
33-3051,29-1141,13284.5917,3
33-3051,31-9092,6076.089800000001,2
33-3051,33-1011,7773.1622,2
33-3051,33-1012,103923.8973,34
33-3051,33-2011,4355.9796,2
33-3051,33-3021,42094.0472,13
33-3051,33-3041,995.5698,1
33-3051,33-9021,9130.1054,2
33-3051,33-9091,1918.4625,1
33-3051,35-1011,5534.6147,1
33-3051,35-1012,2128.5302,1
33-3051,37-1012,2618.2884,1
33-3051,39-5011,4908.2936,1
33-3051,39-9011,502.5365,1
33-3051,41-1011,14419.021700000001,3
33-3051,41-1012,12514.024000000001,3
33-3051,41-2031,19025.8216,5
33-3051,41-9091,413.3489,1
33-3051,43-1011,12480.6774,3
33-3051,43-3011,3928.0415,1
33-3051,43-3071,1520.0352,1
33-3051,43-4051,12536.4832,2
33-3051,43-4071,1165.004,1
33-3051,43-4081,1829.9964,1
33-3051,43-4111,4407.3523,1
33-3051,43-4151,7010.4112,1
33-3051,43-5021,8804.51,2
33-3051,43-5051,4917.7303,1
33-3051,43-5071,4068.1491,1
33-3051,43-9021,819.3616,1
33-3051,43-9061,9805.5182,3
33-3051,47-1011,9774.7012,3
33-3051,47-2031,17428.2611,3
33-3051,47-2061,6716.1345,2
33-3051,47-2111,7569.7334,2
33-3051,47-2181,3789.0627,1
33-3051,47-2211,1637.8773,3
33-3051,49-3023,5507.6037,1
33-3051,49-9021,4741.8535,1
33-3051,49-9071,5658.9472,1
33-3051,51-4031,299.4799,1
33-3051,51-9061,4497.094,1
33-3051,53-3099,3810.5332,1
33-3051,53-6051,4402.5597,1
33-3051,53-6061,952.9375,1
33-3051,53-7062,22817.807399999998,5
33-3051,53-7065,4825.7425,1
33-9011,33-3051,3217.6184,1
33-9011,41-2031,6840.0021,1
33-9011,43-9199,4333.0922,1
33-9011,51-4041,4063.9396,1
33-9021,11-9021,5472.1705,1
33-9021,11-9141,3101.7439,1
33-9021,13-1199,10681.4251,2
33-9021,13-2051,5339.0121,1
33-9021,13-2052,4651.9704,2
33-9021,13-2061,3432.4296,1
33-9021,15-1211,6800.4479,1
33-9021,15-1212,18054.5528,3
33-9021,15-1253,18025.8728,3
33-9021,15-2031,377.5416,1
33-9021,21-1092,6946.4613,1
33-9021,23-1011,1760.725,1
33-9021,29-1141,4208.6048,1
33-9021,33-3021,27352.5101,9
33-9021,33-3051,964.9224,1
33-9021,41-1011,5625.053,1
33-9021,41-2031,4729.1707,1
33-9021,41-3031,3709.9537,1
33-9021,43-1011,1612.9621,1
33-9021,43-4031,4051.8288,1
33-9021,43-4051,3915.3126,1
33-9021,43-4171,1457.0781,2
33-9021,43-9199,15463.0787,6
33-9021,51-4111,3707.8387,1
33-9021,51-9061,1099.6812,1
33-9091,11-3031,6577.866400000001,2
33-9091,11-3071,4638.1349,1
33-9091,33-3051,2998.2836,1
33-9091,35-9011,1943.9623,1
33-9091,37-1012,3837.6174,1
33-9091,41-2031,431.7053,1
33-9091,41-9099,827.5043,1
33-9091,43-4171,742.88,1
33-9091,43-9061,2265.3393,1
33-9091,47-2061,17192.8268,4
33-9091,51-4031,2506.2769,1
33-9091,53-6051,7346.2371,1
33-9091,53-7041,11635.8616,1
33-9091,53-7062,5007.302,2
33-9091,53-7065,11462.335,2
33-9093,15-1211,749.3042,1
33-9093,15-1253,903.0657,1
33-9093,33-3021,896.9976,1
33-9093,41-3041,3975.693,1
33-9093,43-4051,15454.4362,3
33-9093,53-3099,6736.89,1
33-9093,53-7051,713.6077,1
33-9093,53-7062,4842.5918,1
33-9093,53-7065,3247.6773,1
35-1011,11-1011,3313.4153,1
35-1011,11-3031,4528.9579,1
35-1011,11-3051,3844.9044,1
35-1011,11-3071,938.3556,1
35-1011,11-9051,61025.3984,16
35-1011,11-9081,6719.3992,2
35-1011,11-9111,3889.6997,1
35-1011,13-2052,1417.817,1
35-1011,15-1211,3985.1986,1
35-1011,23-1011,474.4579,1
35-1011,29-1031,1737.0384,2
35-1011,29-1141,2539.6982,1
35-1011,29-2061,4372.101,1
35-1011,31-1122,19211.276299999998,4
35-1011,33-1011,6343.0829,1
35-1011,33-3051,6510.9583,1
35-1011,33-9091,2022.9026,1
35-1011,35-1012,22321.0721,6
35-1011,35-2021,52285.9464,13
35-1011,35-3011,831.9339,1
35-1011,35-3031,28058.3861,9
35-1011,35-9011,9008.2795,2
35-1011,35-9021,3922.1989,1
35-1011,35-9031,5964.7362,2
35-1011,37-1012,4993.2909,1
35-1011,37-2012,6664.8643,1
35-1011,39-2011,2293.3569,1
35-1011,39-2021,4294.2539,1
35-1011,39-3031,1773.2582,1
35-1011,39-9011,1076.8656,2
35-1011,41-1011,2108.9082,1
35-1011,41-1012,4604.2134,1
35-1011,41-2031,9957.2164,3
35-1011,41-3021,494.1646,1
35-1011,41-9091,5080.6894,1
35-1011,43-1011,4516.4667,1
35-1011,43-3071,4643.6325,1
35-1011,43-4051,19771.5122,6
35-1011,43-4111,7693.3308,1
35-1011,43-4171,2209.6549,1
35-1011,43-5021,17307.9289,5
35-1011,43-5051,1973.5164,1
35-1011,43-5053,2105.5206,2
35-1011,43-5071,2354.4367,1
35-1011,43-9061,534.7379,1
35-1011,47-2061,25154.708599999998,6
35-1011,47-2111,1620.8941,1
35-1011,47-2181,3443.3131,1
35-1011,47-4051,4618.5916,1
35-1011,49-1011,3987.6619,1
35-1011,49-9021,1828.5344,1
35-1011,49-9071,282.3059,1
35-1011,51-3011,6043.027,2
35-1011,51-7099,7733.6215,1
35-1011,51-9061,1402.2274,1
35-1011,53-7062,6583.692800000001,3
35-1011,53-7065,5978.1071999999995,2
35-1012,11-1011,572.5059,1
35-1012,11-1021,23360.740299999998,8
35-1012,11-3031,5026.9004,1
35-1012,11-3071,1526.2754,1
35-1012,11-9013,3919.7637,1
35-1012,11-9021,1343.4245,1
35-1012,11-9051,183113.1136,60
35-1012,11-9111,2461.3904,1
35-1012,11-9151,7735.5776,2
35-1012,13-1111,1278.5508,1
35-1012,13-1121,11063.4392,2
35-1012,13-1151,3882.2445,1
35-1012,13-1161,3606.381,1
35-1012,13-2011,15422.3889,3
35-1012,13-2053,3719.9698,1
35-1012,13-2082,2533.96,1
35-1012,15-1253,2768.9495,2
35-1012,15-2011,3843.1438,1
35-1012,17-2141,1493.3829,1
35-1012,25-4022,8483.2929,1
35-1012,29-1031,8517.2676,2
35-1012,29-1141,13845.9785,4
35-1012,29-2061,5498.6773,1
35-1012,31-1122,11960.3701,2
35-1012,31-9091,6766.6105,1
35-1012,31-9092,1475.2682,1
35-1012,33-1011,2536.1114,1
35-1012,33-2011,5278.0654,1
35-1012,35-1011,23869.9219,4
35-1012,35-2021,66993.2837,18
35-1012,35-3011,25829.2532,9
35-1012,35-3031,69333.0986,20
35-1012,35-3041,17189.5224,3
35-1012,35-9011,4988.4204,2
35-1012,35-9021,3819.7003,2
35-1012,35-9031,5243.2353,1
35-1012,37-2012,15015.6816,7
35-1012,37-2021,1894.9919,1
35-1012,39-9011,11800.2291,4
35-1012,41-1011,56674.5279,14
35-1012,41-1012,22015.0912,5
35-1012,41-2031,16014.2765,5
35-1012,41-3031,18032.8384,2
35-1012,41-3091,2184.5597,2
35-1012,41-9099,2736.441,1
35-1012,43-1011,3587.7279,1
35-1012,43-3021,4362.1966,1
35-1012,43-3031,5669.587100000001,2
35-1012,43-3071,10983.4401,2
35-1012,43-4051,38251.8489,8
35-1012,43-4081,5518.7277,2
35-1012,43-4111,425.8493,1
35-1012,43-4171,19667.1672,4
35-1012,43-4199,727.5474,1
35-1012,43-5021,13230.9196,3
35-1012,43-5052,5469.5445,1
35-1012,43-5111,3630.2678,1
35-1012,43-9022,6147.4395,1
35-1012,43-9041,9513.461800000001,2
35-1012,47-2031,6813.038200000001,2
35-1012,47-2061,3121.2186,2
35-1012,47-2141,9390.7521,1
35-1012,47-2181,7216.2813,1
35-1012,49-2098,7519.6073,1
35-1012,49-3031,9759.4734,3
35-1012,51-1011,11001.6208,5
35-1012,51-4199,6004.71,1
35-1012,51-9061,4473.2341,1
35-1012,51-9111,2080.3779,1
35-1012,53-7061,2560.1465,1
35-1012,53-7062,26583.548499999997,8
35-1012,53-7064,9151.563900000001,2
35-1012,53-7065,5402.0888,2
35-2021,11-1011,3601.9138,1
35-2021,11-1021,786.099,1
35-2021,11-3031,6272.8573,1
35-2021,11-3051,3734.1187999999997,2
35-2021,11-3061,3572.2162,1
35-2021,11-3131,1262.4129,1
35-2021,11-9021,4500.752,1
35-2021,11-9051,39338.0395,14
35-2021,11-9111,7640.213900000001,2
35-2021,11-9141,1513.1485,1
35-2021,13-1021,5547.8242,1
35-2021,13-1022,2574.5456,1
35-2021,13-1041,2429.6758,1
35-2021,13-1111,957.0398,1
35-2021,15-1242,6386.9667,1
35-2021,15-1251,4074.7905,1
35-2021,15-1253,11019.293300000001,2
35-2021,15-1254,1073.9773,1
35-2021,21-1093,3585.9351,1
35-2021,21-2011,704.689,1
35-2021,23-2011,9449.2243,2
35-2021,25-4031,4437.0858,1
35-2021,29-1031,8039.9874,4
35-2021,29-1141,1317.8969,2
35-2021,29-1151,2841.4621,1
35-2021,29-2081,4596.185,1
35-2021,31-1122,26456.6237,8
35-2021,31-9091,5719.4618,2
35-2021,31-9092,7892.3445,1
35-2021,35-1011,59571.2287,14
35-2021,35-1012,79161.4603,19
35-2021,35-3011,17484.4556,4
35-2021,35-3031,174880.7562,48
35-2021,35-3041,45858.7764,15
35-2021,35-9011,56624.5544,20
35-2021,35-9021,70646.2124,17
35-2021,35-9031,36741.3573,10
35-2021,37-1011,2352.5864,1
35-2021,37-1012,2091.3123,1
35-2021,37-2012,35985.1324,10
35-2021,39-2021,5054.9645,3
35-2021,39-3031,1968.9005,1
35-2021,39-5012,15254.8752,3
35-2021,39-9011,37043.9134,10
35-2021,41-1011,44500.0328,11
35-2021,41-1012,4654.2981,1
35-2021,41-2021,11605.8853,3
35-2021,41-2031,33714.9411,11
35-2021,41-3091,17755.0701,4
35-2021,43-1011,2785.3234,2
35-2021,43-3021,1700.1229,2
35-2021,43-3071,4548.3818,1
35-2021,43-3099,11396.9561,2
35-2021,43-4051,117571.0092,30
35-2021,43-4081,4600.0921,3
35-2021,43-4171,17326.534200000002,6
35-2021,43-4181,6852.7982,1
35-2021,43-5021,8106.8266,4
35-2021,43-5052,925.768,1
35-2021,43-5071,5595.941199999999,4
35-2021,43-9051,3367.1428,1
35-2021,43-9061,16436.8942,6
35-2021,43-9199,400.6295,1
35-2021,47-1011,15299.1725,3
35-2021,47-2031,6700.5994,2
35-2021,47-2061,28686.583,7
35-2021,47-2111,13850.5067,4
35-2021,47-2141,3988.3058,1
35-2021,47-5023,10847.5011,1
35-2021,49-3023,7713.9871,2
35-2021,49-9043,3913.9593,1
35-2021,49-9052,6290.3329,1
35-2021,49-9071,662.5281,1
35-2021,49-9098,1827.3926,1
35-2021,51-1011,12044.5401,2
35-2021,51-3011,20452.7228,7
35-2021,51-3092,6268.4438,2
35-2021,51-3099,11452.938900000001,3
35-2021,51-4199,1165.1936,1
35-2021,51-7099,11224.9757,3
35-2021,51-8031,3754.0603,1
35-2021,51-9061,9994.878,2
35-2021,51-9071,4586.1924,1
35-2021,51-9111,20157.8116,4
35-2021,53-6031,977.3403,1
35-2021,53-7051,13101.5579,3
35-2021,53-7061,19140.5259,4
35-2021,53-7062,43389.2675,12
35-2021,53-7063,4112.3279,1
35-2021,53-7064,7873.2192,3
35-2021,53-7065,64857.4492,17
35-3011,11-9051,37283.4749,11
35-3011,11-9081,1040.4297,1
35-3011,11-9111,1389.3932,1
35-3011,13-1022,5210.0627,1
35-3011,13-1023,4107.246,1
35-3011,13-2011,658.2449,1
35-3011,15-1253,5616.8333,1
35-3011,17-2031,1139.3081,1
35-3011,17-2121,5502.864,1
35-3011,17-3031,4491.0205,1
35-3011,19-2099,591.097,1
35-3011,21-1093,2436.4885,1
35-3011,23-1011,451.2088,1
35-3011,27-2012,661.8435,1
35-3011,29-1127,3239.1389,1
35-3011,29-1141,7067.6957,2
35-3011,29-2061,9604.722300000001,2
35-3011,31-1122,7568.8496000000005,2
35-3011,33-2011,4676.4125,1
35-3011,35-1012,31954.757700000002,7
35-3011,35-2021,5834.5468,1
35-3011,35-3031,104244.0048,29
35-3011,35-9011,23181.0876,6
35-3011,35-9021,8683.2078,2
35-3011,35-9031,4204.1172,2
35-3011,37-2012,11429.9493,4
35-3011,39-2021,11218.1158,3
35-3011,39-3031,761.5917,1
35-3011,39-5012,492.9011,1
35-3011,39-9041,7581.723,1
35-3011,41-1011,15152.8541,4
35-3011,41-1012,522.3081,1
35-3011,41-2021,4855.5157,1
35-3011,41-2031,17747.2647,5
35-3011,41-9091,1123.1421,1
35-3011,41-9099,6478.2383,1
35-3011,43-1011,4396.7634,1
35-3011,43-3031,1436.1225,2
35-3011,43-3051,5251.2641,1
35-3011,43-3099,590.1514,1
35-3011,43-4051,15785.695,5
35-3011,43-4131,2652.9523,1
35-3011,43-4151,5756.69,1
35-3011,43-4171,10950.7755,2
35-3011,43-9041,2109.6619,2
35-3011,43-9199,5647.6661,1
35-3011,47-1011,3386.8524,1
35-3011,47-2031,11228.5712,3
35-3011,47-2061,2220.9751,1
35-3011,47-2073,2800.5825,1
35-3011,47-4011,873.9116,1
35-3011,49-1011,7056.871300000001,2
35-3011,49-3023,4768.9142,3
35-3011,51-1011,3365.6747,1
35-3011,51-3092,4093.9428,1
35-3011,51-4041,4424.8649,1
35-3011,51-6011,1749.1138,1
35-3011,51-6064,5735.5226,1
35-3011,51-9061,911.8641,1
35-3011,53-3099,988.6234,1
35-3011,53-7061,868.2763,1
35-3011,53-7062,9289.520499999999,3
35-3011,53-7065,5821.865699999999,2
35-3031,11-1011,12625.999,4
35-3031,11-1021,14572.094399999998,4
35-3031,11-3031,11539.1103,3
35-3031,11-3071,4448.3939,1
35-3031,11-9013,8202.4093,3
35-3031,11-9051,90388.0203,29
35-3031,11-9111,4963.2852,1
35-3031,11-9141,8808.0125,2
35-3031,11-9151,5801.5303,2
35-3031,13-1022,5093.6248,1
35-3031,13-1041,11755.7195,3
35-3031,13-1081,6413.2703,2
35-3031,13-1111,15370.5439,2
35-3031,13-1161,8261.4617,2
35-3031,13-1199,6948.7961,2
35-3031,13-2011,8844.6728,3
35-3031,13-2052,3815.7165,1
35-3031,15-1211,7563.9553,1
35-3031,15-1251,4436.8469,1
35-3031,15-1253,30932.4826,6
35-3031,17-2011,4072.0411,1
35-3031,17-2081,750.8126,1
35-3031,17-2199,3492.387,1
35-3031,17-3031,4358.766,1
35-3031,21-1093,11748.3603,3
35-3031,25-4022,4018.2164,1
35-3031,27-2011,21413.7505,3
35-3031,27-2012,4798.7919,1
35-3031,27-3031,3442.0388,1
35-3031,27-3041,5004.7698,1
35-3031,27-3043,5067.5938,1
35-3031,29-1031,3974.154,1
35-3031,29-1071,4499.9826,1
35-3031,29-1129,5465.4435,1
35-3031,29-1141,14050.817799999999,4
35-3031,29-1292,4110.9733,1
35-3031,29-2061,13283.3658,5
35-3031,31-1122,40535.512800000004,12
35-3031,31-9091,16911.0524,4
35-3031,31-9092,11843.1567,3
35-3031,33-2011,8814.1723,2
35-3031,33-3051,5437.5315,1
35-3031,33-9091,4799.8285,1
35-3031,35-1011,17405.9809,3
35-3031,35-1012,39041.7545,11
35-3031,35-2021,144637.14,40
35-3031,35-3011,140471.5544,36
35-3031,35-3041,111619.0322,28
35-3031,35-9011,161902.3565,42
35-3031,35-9021,13584.572299999998,4
35-3031,35-9031,143264.7119,34
35-3031,37-1012,6194.077,1
35-3031,37-2012,52522.0983,13
35-3031,39-2021,17785.395099999998,6
35-3031,39-5012,21348.9061,6
35-3031,39-9011,62519.9239,16
35-3031,41-1011,40121.5577,10
35-3031,41-1012,18795.9732,3
35-3031,41-2031,134092.9192,34
35-3031,41-3021,4275.7168,1
35-3031,41-3091,2166.0778,2
35-3031,41-9091,4075.0183,1
35-3031,41-9099,14592.5581,4
35-3031,43-1011,18858.439700000003,4
35-3031,43-3021,12312.127100000002,4
35-3031,43-3031,22125.894,6
35-3031,43-3051,1094.5104,1
35-3031,43-3071,8903.7508,2
35-3031,43-3099,3846.7104,1
35-3031,43-4051,202824.4369,53
35-3031,43-4081,4923.9047,2
35-3031,43-4111,8919.9829,1
35-3031,43-4121,3136.955,1
35-3031,43-4151,8345.8684,2
35-3031,43-4161,8061.437900000001,2
35-3031,43-4171,50496.6269,12
35-3031,43-4181,3108.3715,1
35-3031,43-4199,5757.011,1
35-3031,43-5021,30441.5697,12
35-3031,43-5061,2030.7269,1
35-3031,43-5071,10137.6722,3
35-3031,43-5111,1760.7955000000002,2
35-3031,43-9021,19865.4045,4
35-3031,43-9061,96355.24530000001,19
35-3031,43-9199,18170.9277,4
35-3031,47-2031,20441.0201,4
35-3031,47-2061,63427.5397,15
35-3031,47-2073,951.3413,1
35-3031,47-2111,15429.0966,3
35-3031,47-2121,1781.694,1
35-3031,47-2141,6505.151800000001,2
35-3031,49-3023,7488.7101,2
35-3031,49-3031,16371.4116,3
35-3031,49-9071,14066.411100000001,4
35-3031,49-9091,3047.8278,1
35-3031,51-1011,17523.572200000002,4
35-3031,51-3011,23435.0883,6
35-3031,51-3092,12103.8027,3
35-3031,51-3093,1568.2305,1
35-3031,51-4021,3010.3679,1
35-3031,51-4199,862.498,1
35-3031,51-5111,1698.5616,1
35-3031,51-6021,6086.7109,1
35-3031,51-6031,3028.0807,1
35-3031,51-6041,840.6152,1
35-3031,51-7041,4906.7016,1
35-3031,51-9061,8758.8052,3
35-3031,51-9071,548.9022,1
35-3031,51-9111,11970.1717,3
35-3031,53-3011,3823.7538,1
35-3031,53-6021,4534.8321,1
35-3031,53-7051,5978.7973,1
35-3031,53-7061,30087.153,7
35-3031,53-7062,75116.4945,18
35-3031,53-7064,3174.6166000000003,2
35-3031,53-7065,73100.6335,20
35-3041,11-3031,2478.0201,1
35-3041,11-9051,1223.0748,1
35-3041,15-1241,4722.0549,1
35-3041,27-2011,6828.7909,1
35-3041,29-1031,841.0535,1
35-3041,29-1141,3360.938,2
35-3041,29-2061,11295.4502,3
35-3041,31-1122,15313.1785,4
35-3041,31-9091,776.2434,1
35-3041,35-1011,5609.0231,1
35-3041,35-1012,23115.897,6
35-3041,35-2021,45660.1408,10
35-3041,35-3011,6552.4653,1
35-3041,35-3031,135084.9216,37
35-3041,35-9011,27050.3638,8
35-3041,35-9021,7169.3789,2
35-3041,35-9031,16330.206600000001,4
35-3041,37-2012,6535.3868999999995,3
35-3041,39-3031,5338.0809,1
35-3041,39-9011,11788.9932,3
35-3041,41-1011,7061.1151,2
35-3041,41-1012,818.2985,1
35-3041,41-2031,8646.7282,2
35-3041,41-3091,5249.5505,1
35-3041,41-9099,4801.7269,1
35-3041,43-3031,8579.7927,1
35-3041,43-3099,780.4147,1
35-3041,43-4051,19682.0687,7
35-3041,43-4151,5466.9253,1
35-3041,43-4171,5720.162399999999,2
35-3041,43-5021,5604.247,1
35-3041,43-5052,9862.7096,2
35-3041,43-5111,4334.6457,1
35-3041,43-9021,1264.4384,1
35-3041,43-9061,7971.9642,3
35-3041,47-2061,11684.4216,3
35-3041,47-2111,1396.1077,1
35-3041,47-2211,5953.3397,1
35-3041,47-4031,2795.364,1
35-3041,49-2011,4911.6504,1
35-3041,49-9021,2075.3579,1
35-3041,49-9043,2121.2752,1
35-3041,49-9071,3475.6353,1
35-3041,51-1011,2854.7703,1
35-3041,51-9111,3722.2573,1
35-3041,53-5011,2623.447,1
35-3041,53-7062,20485.126800000002,3
35-3041,53-7065,1181.3285,1
35-9011,11-3051,4734.2195,1
35-9011,11-9051,12420.218200000001,5
35-9011,13-1121,5992.5592,1
35-9011,13-2081,3846.5588,1
35-9011,15-1253,1789.5481,1
35-9011,17-2051,1545.3962,1
35-9011,21-1093,4643.2412,1
35-9011,23-2011,5425.5124,1
35-9011,29-1031,368.9581,1
35-9011,29-1129,5864.9955,1
35-9011,29-2061,5040.9545,2
35-9011,31-1122,14697.5971,2
35-9011,35-1011,5225.8535,1
35-9011,35-1012,15762.2593,5
35-9011,35-2021,54445.2349,20
35-9011,35-3011,19060.5899,4
35-9011,35-3031,129488.85250000001,32
35-9011,35-3041,27839.5471,7
35-9011,35-9021,16340.5033,4
35-9011,35-9031,13843.1742,5
35-9011,37-2012,14246.0529,5
35-9011,39-2021,5050.9007,1
35-9011,39-3031,4641.6692,1
35-9011,39-9011,9039.3883,2
35-9011,41-1012,9520.6286,2
35-9011,41-2031,10038.8845,3
35-9011,41-9099,459.8131,1
35-9011,43-3071,560.0109,1
35-9011,43-4051,4552.1871,1
35-9011,43-4081,3681.5045,1
35-9011,43-4171,3665.1456,1
35-9011,43-5021,16219.1764,4
35-9011,43-5052,5825.1571,1
35-9011,43-9061,8012.8489,2
35-9011,47-2031,4642.1872,1
35-9011,47-2061,2756.5654,2
35-9011,47-2111,586.5254,1
35-9011,47-2141,10524.462899999999,2
35-9011,49-3023,3561.815,1
35-9011,49-9071,5021.4659,1
35-9011,51-9061,10628.5293,3
35-9011,51-9071,6080.4622,1
35-9011,51-9111,8924.3226,2
35-9011,53-6061,5153.9591,1
35-9011,53-7062,20908.822699999997,6
35-9011,53-7064,4394.4571,1
35-9011,53-7065,8507.789400000001,2
35-9021,11-1011,1824.6251,1
35-9021,11-9021,2867.3941,1
35-9021,11-9051,3803.2816000000003,2
35-9021,13-1161,1245.32,1
35-9021,15-1244,4288.0759,1
35-9021,31-1122,9168.463899999999,2
35-9021,35-1011,3055.6093,1
35-9021,35-2021,76327.0354,20
35-9021,35-3011,5156.5751,1
35-9021,35-3031,49042.6335,14
35-9021,35-3041,5058.0855,1
35-9021,35-9011,13803.2078,6
35-9021,35-9031,6664.7465,1
35-9021,37-1011,2417.8488,1
35-9021,37-2012,15897.8829,4
35-9021,39-5011,3166.4615,1
35-9021,39-9011,3620.8238,1
35-9021,41-1012,2248.6973,2
35-9021,41-2031,20306.0903,3
35-9021,41-3021,1429.4476,1
35-9021,41-3091,5745.9245,1
35-9021,43-3031,9389.45,2
35-9021,43-4051,4462.904799999999,2
35-9021,43-5111,6212.6393,1
35-9021,43-9061,1979.7130000000002,2
35-9021,47-2031,19197.2575,4
35-9021,47-2061,15555.8318,4
35-9021,47-2073,8133.886,2
35-9021,47-2111,3285.9915,1
35-9021,47-2181,10110.8686,2
35-9021,49-3023,7363.5773,2
35-9021,49-3031,1699.5938,1
35-9021,49-9043,1536.4539,1
35-9021,49-9071,8898.5513,2
35-9021,51-1011,1637.2126,1
35-9021,51-4199,3339.7466,1
35-9021,51-9061,5419.7296,1
35-9021,53-7051,3076.9249,1
35-9021,53-7061,1226.4584,1
35-9021,53-7062,21040.5905,7
35-9021,53-7064,1203.1471,1
35-9021,53-7065,23830.9549,7
35-9021,53-7081,572.4817,1
35-9031,11-1011,4816.7666,1
35-9031,11-9013,4372.9164,1
35-9031,11-9051,19357.1168,6
35-9031,11-9111,4297.0631,1
35-9031,15-1211,4199.366,1
35-9031,23-1011,4252.9541,1
35-9031,23-2011,5516.3568,1
35-9031,25-4022,750.3104,1
35-9031,29-1122,4342.1373,1
35-9031,29-1127,6521.2925,1
35-9031,29-1141,5700.1335,1
35-9031,31-1122,4655.1071,1
35-9031,35-2021,8827.239,4
35-9031,35-3011,6440.6661,2
35-9031,35-3031,167301.9732,50
35-9031,35-3041,6122.360500000001,2
35-9031,35-9011,28982.4918,6
35-9031,35-9021,7878.664,2
35-9031,39-2021,5050.9007,1
35-9031,39-9011,15294.573499999999,5
35-9031,41-1011,9114.747599999999,2
35-9031,41-2021,2931.2444,1
35-9031,41-2031,28750.7868,9
35-9031,41-3091,413.6797,1
35-9031,43-3031,1952.368,1
35-9031,43-3071,1876.464,1
35-9031,43-4051,35773.5379,10
35-9031,43-4081,4964.2783,3
35-9031,43-4121,3324.5216,1
35-9031,43-4171,13210.2539,4
35-9031,43-9021,1077.1616,1
35-9031,43-9061,5359.1159,1
35-9031,43-9199,1487.1308,1
35-9031,45-4011,878.3729,1
35-9031,47-2061,1621.2562,1
35-9031,49-3023,3339.9164,1
35-9031,51-3092,6242.3204000000005,2
35-9031,51-3093,624.489,1
35-9031,51-5112,4419.9641,1
35-9031,53-7062,13372.614399999999,3
35-9031,53-7065,2031.9345,1
37-1011,11-1011,16023.7209,4
37-1011,11-1021,22724.89,6
37-1011,11-3021,1769.4787,1
37-1011,11-3031,6033.4006,1
37-1011,11-9041,1842.3858,1
37-1011,11-9081,960.2107,1
37-1011,11-9111,7388.9419,3
37-1011,13-2052,4599.4364,1
37-1011,13-2061,5338.9513,1
37-1011,15-1253,4569.3318,1
37-1011,29-1141,4730.342,1
37-1011,31-1122,10720.9913,3
37-1011,35-1012,764.2074,1
37-1011,35-2021,2536.9538,1
37-1011,35-3031,2824.5923,1
37-1011,35-9021,5055.6272,1
37-1011,37-1012,17570.5387,3
37-1011,37-2012,75668.1924,25
37-1011,37-2021,15314.2087,5
37-1011,39-5012,4698.8386,1
37-1011,39-9011,2963.0589,1
37-1011,41-1011,1844.1068,1
37-1011,41-1012,14650.6621,3
37-1011,41-2031,14460.8228,3
37-1011,41-9099,7063.7245,2
37-1011,43-1011,8752.8928,3
37-1011,43-3021,7951.3115,2
37-1011,43-3031,3686.7619999999997,2
37-1011,43-4051,15172.4165,4
37-1011,43-4061,6145.6601,1
37-1011,43-4081,4264.0595,1
37-1011,43-4171,1878.8983,1
37-1011,43-5021,4094.744,1
37-1011,43-5061,394.2457,1
37-1011,43-5071,3102.8201,1
37-1011,43-9061,3183.5173,1
37-1011,47-1011,17017.163699999997,4
37-1011,47-2061,19190.7538,6
37-1011,47-4021,6144.2858,1
37-1011,49-1011,36081.669499999996,9
37-1011,49-3031,1052.7209,1
37-1011,49-9071,5943.9610999999995,3
37-1011,49-9091,1661.4094,1
37-1011,51-1011,15015.8185,5
37-1011,51-3011,10397.8357,3
37-1011,51-3099,7115.6395,1
37-1011,51-9061,3435.3918,1
37-1011,53-6061,5307.0167,1
37-1011,53-7061,8239.5105,2
37-1011,53-7064,13649.6516,3
37-1011,53-7065,1439.2106,1
37-1012,11-1011,9341.0163,2
37-1012,11-1021,7053.5296,2
37-1012,11-9013,8815.0846,3
37-1012,11-9021,4980.331,1
37-1012,11-9081,3437.4858,1
37-1012,11-9141,5799.4894,3
37-1012,13-1051,3605.7666,1
37-1012,15-1212,3604.9406,1
37-1012,15-1253,5056.1511,1
37-1012,23-1011,4283.9393,1
37-1012,29-2061,3568.3277,1
37-1012,31-1122,2868.4089,1
37-1012,31-9097,4856.0698,1
37-1012,33-2011,1668.067,1
37-1012,33-3051,11262.6151,1
37-1012,35-2021,773.7386,1
37-1012,35-3031,915.6729,1
37-1012,37-1011,2835.5719,1
37-1012,37-2012,6649.5714,1
37-1012,39-2021,3910.3434,1
37-1012,39-5012,4590.7373,1
37-1012,41-1011,12585.090199999999,2
37-1012,41-1012,2786.9313,1
37-1012,41-2031,10269.5792,2
37-1012,41-3091,4873.4717,1
37-1012,41-9099,818.425,1
37-1012,43-1011,10385.5259,2
37-1012,43-3031,6176.7514,2
37-1012,43-5071,13586.568899999998,3
37-1012,47-1011,1465.4643,1
37-1012,47-2061,32228.1544,7
37-1012,47-2073,10286.197400000001,2
37-1012,47-2141,5153.1784,1
37-1012,49-1011,2680.7571,1
37-1012,49-9051,4432.3194,1
37-1012,49-9071,4580.965,1
37-1012,51-1011,3767.537,1
37-1012,51-2041,4894.2198,1
37-1012,51-3011,4467.668,1
37-1012,51-4199,2434.1239,1
37-1012,51-9111,373.4748,1
37-1012,53-7061,1991.4637,1
37-1012,53-7062,19720.5943,6
37-1012,53-7065,11964.8538,3
37-2012,11-1021,10098.9872,2
37-2012,11-3051,4371.4164,1
37-2012,11-3061,4301.6125,1
37-2012,11-9013,13200.1799,3
37-2012,11-9051,15147.4109,5
37-2012,11-9081,409.2246,1
37-2012,11-9111,15861.3277,5
37-2012,11-9141,5299.2624,1
37-2012,13-1023,8869.2767,1
37-2012,13-1161,2168.4079,1
37-2012,13-1199,7477.7928,2
37-2012,13-2011,4121.6013,1
37-2012,15-1251,548.1412,1
37-2012,15-1253,4606.7081,1
37-2012,15-2031,5737.972,1
37-2012,21-1093,523.1671,1
37-2012,29-1011,1786.62,1
37-2012,29-1141,8509.9025,2
37-2012,29-1292,4749.7286,1
37-2012,29-2061,30922.1162,5
37-2012,31-1122,76873.1488,22
37-2012,31-9011,4373.019,1
37-2012,31-9091,1497.157,1
37-2012,31-9092,18306.5896,4
37-2012,33-9091,4528.7136,1
37-2012,35-1011,8858.0392,2
37-2012,35-1012,9528.5033,2
37-2012,35-2021,54115.1824,13
37-2012,35-3011,1075.9101,1
37-2012,35-3031,29533.6643,12
37-2012,35-3041,18140.7533,4
37-2012,35-9011,16369.6312,5
37-2012,35-9021,35179.7869,8
37-2012,35-9031,3225.7851,1
37-2012,37-1011,103656.2199,33
37-2012,39-2021,4386.1023000000005,2
37-2012,39-3031,3862.2082,1
37-2012,39-5011,665.7712,1
37-2012,39-5012,23780.4431,4
37-2012,39-9011,51511.3621,13
37-2012,41-1011,12024.7899,4
37-2012,41-2021,3108.6809,1
37-2012,41-2022,4312.0239,1
37-2012,41-2031,20705.0668,6
37-2012,41-9099,14534.5939,5
37-2012,43-1011,4199.5,1
37-2012,43-2011,2989.9026,1
37-2012,43-3021,3400.1459,1
37-2012,43-3031,1509.5597,2
37-2012,43-3099,4835.7187,1
37-2012,43-4051,48704.535,11
37-2012,43-4071,1659.5992,1
37-2012,43-4081,11100.4506,4
37-2012,43-4121,5291.2706,1
37-2012,43-4131,3919.8493,1
37-2012,43-4141,3932.1135,1
37-2012,43-4171,24905.5717,8
37-2012,43-5021,24494.9916,8
37-2012,43-5051,572.1466,1
37-2012,43-5052,915.4436,1
37-2012,43-5071,22455.5608,5
37-2012,43-9021,1864.7529,1
37-2012,43-9022,7035.2886,2
37-2012,43-9051,967.703,1
37-2012,43-9061,49501.7907,14
37-2012,43-9199,874.6983,1
37-2012,45-2041,4356.6928,1
37-2012,47-1011,8830.205,2
37-2012,47-2031,7337.886,2
37-2012,47-2061,56098.7906,15
37-2012,47-2111,9817.6685,2
37-2012,47-2121,1066.4292,1
37-2012,47-2141,23667.897,5
37-2012,47-4011,606.1421,1
37-2012,49-3011,4198.8084,1
37-2012,49-9071,330.4804,1
37-2012,51-1011,5738.2916000000005,2
37-2012,51-3011,385.958,1
37-2012,51-3091,3755.5463,1
37-2012,51-3099,4511.5622,2
37-2012,51-5113,4306.5036,1
37-2012,51-6011,31790.4631,12
37-2012,51-6031,8849.738800000001,3
37-2012,51-9061,8920.5033,3
37-2012,51-9111,2387.3118,2
37-2012,51-9195,3474.8592,1
37-2012,51-9198,6369.406300000001,2
37-2012,53-3099,5384.9695,2
37-2012,53-6031,4617.1546,1
37-2012,53-7041,2007.4513,1
37-2012,53-7051,5734.2113,2
37-2012,53-7061,24835.9051,7
37-2012,53-7062,55139.3445,14
37-2012,53-7064,35952.047900000005,8
37-2012,53-7065,51593.074,17
37-2012,53-7081,1971.584,1
37-2021,19-4021,3923.8317,1
37-2021,29-1141,3681.4503,1
37-2021,37-1011,19553.2525,8
37-2021,41-2031,484.671,1
37-2021,41-3091,3732.2992,1
37-2021,41-9041,3431.324,1
37-2021,43-1011,2230.9516,2
37-2021,43-3031,2720.4625,1
37-2021,43-5021,4618.9665,1
37-2021,43-9061,4832.4263,1
37-2021,47-2031,2624.064,1
37-2021,47-2061,4563.3707,1
37-2021,49-9021,3483.203,1
37-2021,49-9071,2193.6492,1
37-2021,51-1011,8775.8325,1
37-2021,51-9061,1913.3566,1
37-2021,53-7064,3544.0404,1
37-2021,53-7065,5046.4957,1
37-2021,53-7199,1931.103,1
39-2011,11-1021,4866.3732,1
39-2011,11-9013,20935.1501,6
39-2011,11-9051,4370.0044,1
39-2011,11-9111,3811.5374,1
39-2011,23-2011,5899.6873,1
39-2011,31-9092,4783.3561,1
39-2011,35-1012,7711.634,1
39-2011,35-3031,1114.2471,1
39-2011,39-2021,11241.4935,4
39-2011,39-9011,8384.2948,2
39-2011,41-1011,4099.2421,1
39-2011,41-2031,8913.5604,2
39-2011,43-4171,4709.9416,1
39-2011,43-5021,538.0711,1
39-2011,53-7062,2083.6297,1
39-2021,11-1021,5028.959199999999,2
39-2021,11-3031,6832.2808,1
39-2021,11-9013,17531.9143,9
39-2021,11-9051,1989.2633,1
39-2021,11-9151,4978.9389,1
39-2021,13-1041,4254.3075,1
39-2021,13-1051,5626.8186,1
39-2021,13-1111,339.523,1
39-2021,13-1121,4644.6945,1
39-2021,13-1151,4476.9594,1
39-2021,13-1199,4337.0879,1
39-2021,13-2011,4736.9769,1
39-2021,13-2052,5888.492,1
39-2021,13-2099,2096.1939,1
39-2021,17-2041,4212.9136,1
39-2021,21-1093,1123.586,2
39-2021,23-2011,3366.8058,1
39-2021,29-1131,8452.713800000001,2
39-2021,29-1141,20432.9925,4
39-2021,29-1171,2264.337,1
39-2021,31-1122,18928.4657,5
39-2021,31-9091,3789.6203,1
39-2021,31-9092,4042.471,1
39-2021,31-9096,62823.3357,16
39-2021,33-9011,4299.7277,1
39-2021,35-1012,2150.5108,1
39-2021,35-2021,3165.4525,1
39-2021,35-3011,6273.3092,2
39-2021,35-3031,5202.2962,2
39-2021,35-3041,2041.6684,1
39-2021,35-9031,8354.6536,3
39-2021,37-1012,5736.2762,1
39-2021,37-2012,4397.8071,1
39-2021,39-2011,22610.6247,9
39-2021,39-9011,14396.9562,5
39-2021,41-1011,17723.8371,6
39-2021,41-1012,5262.0154999999995,2
39-2021,41-2022,1392.0713,1
39-2021,41-2031,12387.913,5
39-2021,43-1011,1484.3561,1
39-2021,43-3021,4890.6497,2
39-2021,43-3071,5072.7228,1
39-2021,43-4051,24597.6483,7
39-2021,43-4081,660.216,1
39-2021,43-4151,4634.8073,1
39-2021,43-4171,16886.7527,4
39-2021,43-5021,2534.2094,1
39-2021,43-9022,4931.8326,1
39-2021,43-9041,5419.8641,1
39-2021,43-9061,2178.4141,1
39-2021,45-1011,6797.1662,2
39-2021,45-2011,4671.6756,1
39-2021,47-1011,4715.1672,1
39-2021,47-2031,3907.7189,1
39-2021,47-2061,1054.3394,1
39-2021,47-2073,4449.8764,1
39-2021,49-2011,3966.2627,1
39-2021,49-9021,4043.3891,1
39-2021,49-9071,4156.5411,1
39-2021,51-3011,1482.1175,1
39-2021,51-3099,7484.072400000001,2
39-2021,51-9198,872.1547,1
39-2021,53-7061,5387.9317,1
39-2021,53-7062,11551.133600000001,4
39-2021,53-7063,4945.2965,1
39-2021,53-7064,5404.9302,1
39-2021,53-7065,6436.8882,2
39-3031,15-1242,4061.4096,1
39-3031,15-1251,6175.7995,1
39-3031,17-2199,4687.0583,1
39-3031,35-3011,5258.2033,1
39-3031,35-3031,3927.7989,1
39-3031,37-2012,3604.5398,1
39-3031,41-2031,5285.122,1
39-3031,43-9061,4815.5435,1
39-3031,49-9071,6772.0982,1
39-4031,31-1122,341.5914,1
39-4031,41-1011,6439.7122,1
39-4031,43-4171,1930.7302,1
39-4031,49-3031,2110.9766,1
39-4031,51-4199,2877.4073,1
39-5011,11-9013,1703.9075,1
39-5011,11-9051,3581.07,1
39-5011,15-1253,6341.2607,1
39-5011,17-2141,5517.7332,1
39-5011,29-1141,4267.5694,1
39-5011,31-1122,3563.9539,2
39-5011,33-3051,5256.2178,1
39-5011,35-2021,1507.928,1
39-5011,35-3011,4584.0387,1
39-5011,37-2012,1073.4273,1
39-5011,39-5012,44816.159,14
39-5011,41-2031,4259.4253,1
39-5011,43-3031,2312.0331,1
39-5011,47-2031,7213.2513,2
39-5011,47-2073,4603.8747,1
39-5011,49-3031,4538.2015,1
39-5011,49-9052,5513.9995,1
39-5011,51-9061,4756.0902,1
39-5011,53-3099,1378.06,1
39-5011,53-7051,4544.8589,1
39-5011,53-7062,5827.9352,1
39-5011,53-7063,3638.9891,1
39-5011,53-7065,5297.1862,1
39-5012,11-1011,8661.7206,2
39-5012,11-3021,6162.87,1
39-5012,11-3031,14362.059000000001,4
39-5012,11-9013,3199.6852,1
39-5012,11-9051,6771.5169000000005,3
39-5012,11-9081,4649.9712,1
39-5012,11-9111,5161.9944,1
39-5012,11-9151,4771.6613,1
39-5012,13-1161,3245.7402,1
39-5012,13-1199,4860.0883,1
39-5012,13-2011,3648.4975,1
39-5012,13-2081,5544.9982,1
39-5012,15-1241,7431.1841,1
39-5012,15-1253,6631.4255,1
39-5012,19-4031,5067.2001,1
39-5012,23-2011,5244.8416,1
39-5012,25-4022,3670.5888,1
39-5012,27-4021,3714.9263,1
39-5012,29-1031,7441.3859,1
39-5012,29-1141,1791.7109,1
39-5012,29-2061,4054.6039,1
39-5012,31-1122,20307.8066,5
39-5012,31-9092,4861.454299999999,2
39-5012,31-9095,7309.5009,1
39-5012,33-2011,1670.3651,1
39-5012,35-2021,690.8298,1
39-5012,35-3011,4509.3808,1
39-5012,35-3031,10169.9175,4
39-5012,37-1012,2687.5704,1
39-5012,37-2012,14503.1139,5
39-5012,39-5011,50347.6736,15
39-5012,41-1011,17653.9333,4
39-5012,41-2031,23917.1969,6
39-5012,41-9099,3813.9132,1
39-5012,43-1011,6558.9789,2
39-5012,43-3031,14658.6342,4
39-5012,43-3071,1768.3816,1
39-5012,43-4051,27546.1359,8
39-5012,43-4171,29255.78,6
39-5012,43-4199,3897.0052,1
39-5012,43-5021,5830.0183,2
39-5012,43-5051,3109.5672,1
39-5012,43-9022,4561.701,1
39-5012,43-9061,26050.6957,6
39-5012,49-9051,5393.5886,1
39-5012,49-9071,6494.7045,1
39-5012,51-2031,5710.2586,1
39-5012,51-3011,2194.7221,1
39-5012,51-5112,3377.1534,1
39-5012,51-8031,4449.4222,1
39-5012,51-9061,9051.5478,2
39-5012,53-6021,2304.1716,1
39-5012,53-7062,15087.217,3
39-5012,53-7064,17071.1692,4
39-5012,53-7065,12749.0263,4
39-9011,11-1021,5712.8001,2
39-9011,11-3021,6214.7845,1
39-9011,11-3051,10135.6338,2
39-9011,11-3061,9890.757399999999,2
39-9011,11-9013,4348.2376,1
39-9011,11-9051,11434.090100000001,4
39-9011,11-9111,7923.1205,1
39-9011,11-9141,5059.51,1
39-9011,11-9151,4292.8516,2
39-9011,13-1111,17241.916,6
39-9011,13-1161,906.8228,1
39-9011,13-1199,22959.266,6
39-9011,13-2011,1983.0788,1
39-9011,13-2082,4534.0736,2
39-9011,17-2051,5111.1631,2
39-9011,17-2141,2344.7906,1
39-9011,19-3011,3940.9393,1
39-9011,21-1093,21052.576399999998,6
39-9011,21-2011,3995.775,1
39-9011,21-2099,4723.6649,1
39-9011,23-2011,9245.9106,2
39-9011,25-4031,2084.1721,1
39-9011,27-2011,1737.239,1
39-9011,27-3043,4232.9928,2
39-9011,27-4021,16178.9207,4
39-9011,29-1031,2634.312,1
39-9011,29-1129,13427.2057,3
39-9011,29-1141,16408.6694,5
39-9011,29-1171,4021.2617,1
39-9011,29-1292,5301.1427,1
39-9011,29-2061,20408.597,5
39-9011,31-1122,102214.8392,36
39-9011,31-9011,4067.3148,1
39-9011,31-9092,20565.9234,3
39-9011,31-9097,6320.7968,2
39-9011,33-9091,3787.3335,1
39-9011,35-1011,3902.2525,1
39-9011,35-1012,12999.4475,5
39-9011,35-2021,28801.4559,10
39-9011,35-3031,43064.1938,10
39-9011,35-9011,5268.7492,1
39-9011,35-9021,466.1431,1
39-9011,35-9031,14832.3405,6
39-9011,37-1011,17116.0363,4
39-9011,37-2012,72830.8257,18
39-9011,39-2011,4700.0253,1
39-9011,39-2021,8109.6404999999995,2
39-9011,39-5012,12732.5698,4
39-9011,41-1011,22832.185400000002,6
39-9011,41-1012,6720.4869,2
39-9011,41-2031,31638.1617,11
39-9011,41-3021,2311.0679,1
39-9011,41-3091,4825.647,2
39-9011,41-9099,8234.794399999999,2
39-9011,43-1011,17136.726300000002,5
39-9011,43-3021,17270.3047,5
39-9011,43-3031,7142.9469,2
39-9011,43-3051,5371.341200000001,2
39-9011,43-3071,10192.5929,2
39-9011,43-4031,4841.2751,1
39-9011,43-4051,42724.6984,10
39-9011,43-4061,3952.9703,1
39-9011,43-4171,29052.711799999997,7
39-9011,43-4181,10400.0127,2
39-9011,43-4199,4609.7881,1
39-9011,43-5021,14248.2556,3
39-9011,43-5052,4069.1169,1
39-9011,43-5071,4305.6559,1
39-9011,43-5111,11690.3957,3
39-9011,43-9021,1596.4548,1
39-9011,43-9051,4759.1057,1
39-9011,43-9061,25839.5972,6
39-9011,47-2031,3539.078,1
39-9011,47-2061,36778.2431,9
39-9011,47-2141,15716.194,2
39-9011,47-2211,4067.264,1
39-9011,47-4011,5537.2508,1
39-9011,49-2011,3850.3387,1
39-9011,49-9071,5413.1209,2
39-9011,51-1011,4166.7932,1
39-9011,51-3011,3336.2853,1
39-9011,51-6011,5823.7419,1
39-9011,51-6021,1535.4874,1
39-9011,51-9061,14728.599,4
39-9011,51-9111,1743.0315,1
39-9011,51-9198,9364.0753,2
39-9011,53-6061,14559.9038,4
39-9011,53-7051,4929.5942,1
39-9011,53-7061,3936.9111,1
39-9011,53-7062,5266.2415,4
39-9011,53-7064,7498.0397,2
39-9011,53-7065,17865.396099999998,5
39-9041,11-9021,3582.7215,1
39-9041,11-9081,2765.4791,1
39-9041,11-9111,4307.0132,1
39-9041,11-9151,8948.9085,2
39-9041,13-1041,5060.3841,1
39-9041,21-1093,7766.1383000000005,2
39-9041,29-2061,3013.5645,1
39-9041,31-1122,9735.2988,3
39-9041,35-1011,3379.6101,1
39-9041,35-3031,858.1205,1
39-9041,35-9011,1419.0196,1
39-9041,39-9011,4596.2718,1
39-9041,41-1011,9594.0748,1
39-9041,41-3021,4031.8877,1
39-9041,43-3031,321.1911,1
39-9041,43-4071,4042.6808,1
39-9041,43-4171,3150.2715,1
39-9041,43-9199,5641.0998,1
39-9041,47-1011,3557.0643,1
39-9041,51-1011,4039.1292,1
41-1011,11-1011,112185.154,32
41-1011,11-1021,141461.1868,40
41-1011,11-3021,36928.4148,9
41-1011,11-3031,61457.20849999999,20
41-1011,11-3051,9624.1903,4
41-1011,11-3061,8435.7456,2
41-1011,11-3071,49343.231,12
41-1011,11-3121,18350.6524,6
41-1011,11-9013,50968.9715,20
41-1011,11-9021,21916.093100000002,6
41-1011,11-9041,3439.9923,2
41-1011,11-9051,79697.9352,24
41-1011,11-9081,10967.666,3
41-1011,11-9111,21932.194900000002,7
41-1011,11-9141,11971.9445,4
41-1011,11-9151,10790.1709,3
41-1011,13-1011,2226.2221,1
41-1011,13-1021,1041.8252,1
41-1011,13-1022,68734.6272,18
41-1011,13-1023,14521.329,3
41-1011,13-1041,12851.4372,4
41-1011,13-1081,5944.1389,3
41-1011,13-1111,27376.213499999998,9
41-1011,13-1161,47773.4519,9
41-1011,13-1199,25375.9267,10
41-1011,13-2011,25098.675000000003,6
41-1011,13-2051,8505.1939,3
41-1011,13-2052,3993.3293,3
41-1011,15-1211,19134.743599999998,6
41-1011,15-1212,8734.3096,2
41-1011,15-1242,8149.4552,2
41-1011,15-1251,1785.6894,1
41-1011,15-1253,28192.9611,10
41-1011,15-1254,10372.0771,3
41-1011,17-2011,2865.2197,1
41-1011,17-2041,4988.0896,1
41-1011,17-2061,793.8609,1
41-1011,17-2121,5480.0559,1
41-1011,17-2141,2024.9045,1
41-1011,17-2199,21278.0262,5
41-1011,17-3031,11640.8626,3
41-1011,21-1093,3962.6597,3
41-1011,21-2011,4738.4266,2
41-1011,23-1011,8076.497,2
41-1011,23-2011,13509.6286,3
41-1011,27-3031,9467.9809,2
41-1011,27-3043,3147.7757,1
41-1011,27-4021,5286.0432,2
41-1011,29-1031,3974.154,1
41-1011,29-1051,21242.1696,5
41-1011,29-1071,6021.2743,1
41-1011,29-1123,11821.4672,4
41-1011,29-1127,8377.8968,2
41-1011,29-1129,1079.1293,1
41-1011,29-1131,295.4643,1
41-1011,29-1141,39943.6843,10
41-1011,29-1292,4873.6427,1
41-1011,29-2061,20209.0405,5
41-1011,31-1122,38996.3983,10
41-1011,31-9011,4419.2581,1
41-1011,31-9091,5669.2156,1
41-1011,31-9092,7087.1414,3
41-1011,33-2011,3258.3659,1
41-1011,33-3051,3863.6357,1
41-1011,33-9093,4164.3069,1
41-1011,35-1011,13709.924500000001,3
41-1011,35-1012,25940.5152,7
41-1011,35-2021,29920.908,9
41-1011,35-3011,15603.333,3
41-1011,35-3031,32677.8473,9
41-1011,35-9011,7802.8555,2
41-1011,35-9021,6009.6507,1
41-1011,37-1011,6153.5926,3
41-1011,37-1012,4717.8415,1
41-1011,37-2012,28992.3981,9
41-1011,37-2021,5096.8441,1
41-1011,39-2011,8978.9636,2
41-1011,39-2021,4113.1416,1
41-1011,39-4031,2028.0392,1
41-1011,39-5012,8465.1626,3
41-1011,39-9011,26379.8872,8
41-1011,41-1012,163289.7507,51
41-1011,41-2022,13833.9693,8
41-1011,41-2031,659094.4177,181
41-1011,41-3011,5449.2424,1
41-1011,41-3021,20666.1029,4
41-1011,41-3031,5727.5857,1
41-1011,41-3041,7233.9443,1
41-1011,41-3091,38854.5147,11
41-1011,41-9091,9096.2482,3
41-1011,41-9099,47754.2379,14
41-1011,43-1011,74752.2183,23
41-1011,43-3021,549.0048,1
41-1011,43-3031,64785.598099999996,20
41-1011,43-3051,1426.1937,1
41-1011,43-3071,4630.7584,3
41-1011,43-3099,3912.7207,1
41-1011,43-4041,3463.4705,1
41-1011,43-4051,177965.7758,48
41-1011,43-4071,6645.3951,1
41-1011,43-4081,5092.6301,2
41-1011,43-4131,7481.721799999999,2
41-1011,43-4151,21777.888,6
41-1011,43-4161,3427.1138,2
41-1011,43-4171,18491.969,4
41-1011,43-4181,4061.9685,1
41-1011,43-4199,5013.7345,1
41-1011,43-5021,48157.5746,12
41-1011,43-5051,442.2814,1
41-1011,43-5052,434.872,1
41-1011,43-5071,35689.5933,7
41-1011,43-5111,3342.8349,2
41-1011,43-9021,16259.8023,4
41-1011,43-9022,5500.7486,1
41-1011,43-9041,8371.0677,2
41-1011,43-9061,83121.47810000001,22
41-1011,43-9199,10585.787600000001,5
41-1011,45-1011,2218.7596,2
41-1011,47-1011,18347.9888,4
41-1011,47-2031,41521.8433,13
41-1011,47-2061,60998.5052,16
41-1011,47-2111,25484.9685,7
41-1011,47-2141,366.7801,1
41-1011,47-2181,1203.4915,1
41-1011,47-4031,7386.1964,1
41-1011,49-1011,54264.7479,12
41-1011,49-2011,2501.5417,1
41-1011,49-2097,4730.0333,1
41-1011,49-3011,4202.0688,1
41-1011,49-3021,4646.079,1
41-1011,49-3023,38813.6205,9
41-1011,49-3031,1453.8805,1
41-1011,49-9021,22994.4287,6
41-1011,49-9052,8235.343499999999,2
41-1011,49-9071,18456.6912,7
41-1011,51-1011,30349.6462,9
41-1011,51-3011,36247.322199999995,8
41-1011,51-3092,550.1675,1
41-1011,51-3099,3922.5266,2
41-1011,51-4111,3621.8051,1
41-1011,51-4199,4024.9206000000004,2
41-1011,51-5112,8972.2912,2
41-1011,51-6031,14946.0501,4
41-1011,51-6064,3884.412,1
41-1011,51-6099,5095.0643,1
41-1011,51-8021,6630.8423,3
41-1011,51-9061,30593.0368,10
41-1011,51-9071,11015.2109,6
41-1011,51-9111,11739.8516,2
41-1011,51-9194,4144.3066,1
41-1011,51-9198,5764.6705,3
41-1011,53-2031,3979.5619,1
41-1011,53-3099,4095.3991,1
41-1011,53-6031,2310.1293,1
41-1011,53-6051,963.0915,1
41-1011,53-6061,4609.6692,1
41-1011,53-7051,967.8813,1
41-1011,53-7061,26068.1443,6
41-1011,53-7062,153112.6113,44
41-1011,53-7063,12229.223600000001,3
41-1011,53-7064,4022.0322,2
41-1011,53-7065,135453.2558,44
41-1011,53-7081,3875.41,1
41-1012,11-1011,53774.6179,17
41-1012,11-1021,77965.6547,28
41-1012,11-2011,1928.3097,1
41-1012,11-3021,21507.2974,7
41-1012,11-3031,48687.3987,15
41-1012,11-3051,5717.0032,1
41-1012,11-3071,21042.9359,7
41-1012,11-3111,4469.1005000000005,2
41-1012,11-9013,6787.0518,5
41-1012,11-9021,20423.1902,7
41-1012,11-9041,1050.9848,1
41-1012,11-9051,17117.2859,5
41-1012,11-9081,20758.4495,5
41-1012,11-9111,11963.9462,4
41-1012,11-9141,24150.778,8
41-1012,11-9151,381.7964,1
41-1012,13-1022,17423.3857,4
41-1012,13-1023,11861.4678,2
41-1012,13-1041,9631.072499999998,3
41-1012,13-1051,4645.4506,1
41-1012,13-1111,16188.398,5
41-1012,13-1121,8602.9707,3
41-1012,13-1199,9661.4455,2
41-1012,13-2011,14397.0333,5
41-1012,13-2051,10842.0703,2
41-1012,13-2052,30043.1791,8
41-1012,13-2053,9043.5808,2
41-1012,13-2082,4366.9869,1
41-1012,15-1212,5846.4294,1
41-1012,15-1241,4128.7422,1
41-1012,15-1244,3046.0924,1
41-1012,15-1253,19702.3906,7
41-1012,15-1254,8216.9465,2
41-1012,15-2011,5671.6332,2
41-1012,17-2011,2068.0209,1
41-1012,17-2051,8334.3551,1
41-1012,17-2199,17175.4615,5
41-1012,19-2099,5059.7463,1
41-1012,19-3051,371.072,1
41-1012,21-1093,7654.8312,2
41-1012,21-2099,1453.652,1
41-1012,23-1011,6858.5207,2
41-1012,23-1012,2415.738,1
41-1012,23-2011,4274.8944,1
41-1012,25-4022,875.0731000000001,2
41-1012,27-3042,1966.7144,1
41-1012,29-1129,4514.4989,1
41-1012,29-1141,20886.2249,6
41-1012,29-2061,16051.196100000001,5
41-1012,31-1122,8860.1716,3
41-1012,31-9091,1008.3434,1
41-1012,31-9092,8373.4327,2
41-1012,33-1011,2727.0389,1
41-1012,33-3041,1518.1839,1
41-1012,33-3051,4072.1075,1
41-1012,33-9093,3885.3776,1
41-1012,35-1012,13996.7751,3
41-1012,35-3031,8855.207900000001,3
41-1012,35-9011,4927.7283,1
41-1012,35-9021,508.8527,1
41-1012,35-9031,586.2074,1
41-1012,37-1011,14398.1911,5
41-1012,37-1012,5006.4102,1
41-1012,37-2012,4054.1349,1
41-1012,39-2021,6699.3248,3
41-1012,39-3031,1564.038,2
41-1012,39-4031,406.3399,1
41-1012,39-9011,12822.7583,4
41-1012,39-9041,5595.2704,1
41-1012,41-1011,266478.0217,79
41-1012,41-2021,6098.8956,2
41-1012,41-2031,68117.566,18
41-1012,41-3021,90764.2764,28
41-1012,41-3031,8960.3261,2
41-1012,41-3091,13447.4138,4
41-1012,41-9099,4728.4008,1
41-1012,43-1011,114252.2963,33
41-1012,43-3021,16502.6352,3
41-1012,43-3031,41873.5355,11
41-1012,43-3061,7585.4055,2
41-1012,43-4041,3728.0171,1
41-1012,43-4051,88052.5673,24
41-1012,43-4111,3704.5543,1
41-1012,43-4171,41555.0621,11
41-1012,43-4181,3322.1516,1
41-1012,43-4199,6333.538500000001,4
41-1012,43-5021,8211.8402,3
41-1012,43-5061,4866.4953000000005,2
41-1012,43-5071,13318.3763,6
41-1012,43-9022,12558.8905,2
41-1012,43-9041,52973.8854,15
41-1012,43-9051,5071.4325,1
41-1012,43-9061,46877.1106,11
41-1012,43-9199,10832.3189,4
41-1012,45-1011,1589.5684,1
41-1012,45-2041,3982.1319,1
41-1012,47-1011,9490.841199999999,7
41-1012,47-2031,6138.4779,2
41-1012,47-2061,19471.304300000003,6
41-1012,47-2111,1434.0829,1
41-1012,47-2141,1370.0808,1
41-1012,47-2181,4038.7351,1
41-1012,47-2211,4482.5269,1
41-1012,49-1011,18020.227,6
41-1012,49-2011,7203.0306,2
41-1012,49-3021,16890.1021,6
41-1012,49-3022,5588.3475,1
41-1012,49-3023,66547.3565,21
41-1012,49-3031,16422.6064,6
41-1012,49-9021,5010.4151,2
41-1012,49-9031,3850.2676,1
41-1012,49-9052,4387.1058,1
41-1012,49-9071,4343.0858,1
41-1012,49-9098,5415.3208,2
41-1012,51-1011,41769.501000000004,12
41-1012,51-3011,1059.7724,1
41-1012,51-4041,2550.929,1
41-1012,51-4199,3350.6332,1
41-1012,51-5112,966.1004,1
41-1012,51-6031,4659.8582,1
41-1012,51-6064,6470.3709,1
41-1012,51-6093,11656.7356,3
41-1012,51-7021,9965.3227,3
41-1012,51-8021,2532.6924,1
41-1012,51-8031,926.8506,1
41-1012,51-9061,16109.838099999999,3
41-1012,51-9071,6872.266,1
41-1012,51-9198,1152.0298,1
41-1012,53-7021,1500.3008,1
41-1012,53-7051,14266.7479,3
41-1012,53-7061,41548.3658,10
41-1012,53-7062,27329.8258,8
41-1012,53-7064,27203.289399999998,4
41-1012,53-7065,6787.4012,5
41-1012,53-7081,7795.3045999999995,2
41-2021,11-1021,902.2419,1
41-2021,11-3061,399.8866,1
41-2021,11-9021,786.8728,1
41-2021,11-9141,9072.6152,2
41-2021,13-1199,5069.1885,1
41-2021,15-1212,3761.9278,1
41-2021,25-4022,5647.3899,1
41-2021,27-4021,518.2859,1
41-2021,29-1071,4702.9178,1
41-2021,35-1012,5460.581,1
41-2021,35-2021,9190.618,2
41-2021,35-3031,8354.5203,2
41-2021,37-2012,4250.9227,1
41-2021,41-1011,7558.4864,1
41-2021,41-1012,581.2348,1
41-2021,41-2031,11241.4621,3
41-2021,41-3091,9173.3903,3
41-2021,41-9099,6816.169,2
41-2021,43-1011,4981.7513,3
41-2021,43-4051,11204.353200000001,5
41-2021,43-4171,2390.8833,1
41-2021,43-9061,9253.113399999998,2
41-2021,43-9199,5299.192,1
41-2021,47-2061,17478.3592,4
41-2021,49-1011,757.1997,1
41-2021,49-3023,3721.6231,1
41-2021,49-9071,5526.2232,2
41-2021,51-6011,8286.3154,4
41-2021,53-7062,1915.0833,1
41-2021,53-7064,9491.7076,2
41-2021,53-7065,9074.7369,2
41-2022,13-1121,984.987,1
41-2022,17-2051,3766.3473,1
41-2022,17-2061,892.5651,1
41-2022,21-1093,1624.8288,1
41-2022,31-9092,4599.4048,1
41-2022,33-3051,6468.2612,1
41-2022,35-1012,5178.6309,1
41-2022,35-3011,1368.6504,2
41-2022,35-9021,882.7172,1
41-2022,41-1011,24077.4391,7
41-2022,41-2031,78539.0461,18
41-2022,41-3021,4964.3552,1
41-2022,41-3091,13746.3799,4
41-2022,43-3051,593.7345,1
41-2022,43-3071,5731.7681,1
41-2022,43-4051,9962.1433,4
41-2022,43-4151,4913.1176,1
41-2022,43-4171,7648.4642,2
41-2022,43-5061,4389.4714,1
41-2022,43-5071,5207.2278,1
41-2022,43-9061,7191.8068,2
41-2022,45-1011,4185.2127,1
41-2022,47-2031,6183.9315,1
41-2022,47-2061,4453.369,1
41-2022,47-2141,1045.864,1
41-2022,49-3023,26040.9995,7
41-2022,51-4199,4064.9712,1
41-2022,53-3099,4209.2214,1
41-2022,53-7051,3899.8495,1
41-2022,53-7062,4950.0479,1
41-2022,53-7064,4229.6216,1
41-2022,53-7065,3671.5545,1
41-2031,11-1011,26315.318900000002,7
41-2031,11-1021,56214.539600000004,16
41-2031,11-3021,3300.0251,1
41-2031,11-3031,17770.0848,6
41-2031,11-3051,9608.2931,3
41-2031,11-3061,17448.1455,4
41-2031,11-3071,15808.387200000001,4
41-2031,11-9013,36187.605,13
41-2031,11-9021,32341.0272,8
41-2031,11-9051,36074.9373,11
41-2031,11-9081,7530.7243,2
41-2031,11-9111,23729.781600000002,7
41-2031,11-9121,5016.8673,2
41-2031,11-9151,6326.9193,1
41-2031,13-1021,4851.8767,1
41-2031,13-1022,34069.6674,9
41-2031,13-1023,9400.1667,2
41-2031,13-1041,12580.0773,4
41-2031,13-1051,7833.0239,2
41-2031,13-1081,8350.8646,2
41-2031,13-1111,35244.1149,13
41-2031,13-1121,15637.4942,2
41-2031,13-1131,5269.6256,1
41-2031,13-1151,8612.3159,2
41-2031,13-1161,34876.0216,10
41-2031,13-1199,49991.369399999996,13
41-2031,13-2011,19865.1894,5
41-2031,13-2052,22923.8734,5
41-2031,13-2053,5844.3798,1
41-2031,13-2081,5240.2713,1
41-2031,13-2082,4519.4663,1
41-2031,13-2099,4161.2408,1
41-2031,15-1211,9277.0095,2
41-2031,15-1212,9311.9261,1
41-2031,15-1241,2457.6076,1
41-2031,15-1253,34200.1367,9
41-2031,15-1254,4609.5805,2
41-2031,17-2041,1354.9472,1
41-2031,17-2051,3867.4191,1
41-2031,17-2141,9448.1446,2
41-2031,17-2199,5909.0592,1
41-2031,17-3031,4373.0948,1
41-2031,19-2099,465.0695,1
41-2031,19-4031,4343.9298,1
41-2031,21-1093,7258.8694,2
41-2031,23-1011,2650.2235,1
41-2031,23-2011,11166.1621,2
41-2031,25-4022,3714.1607,1
41-2031,27-2011,10196.2123,2
41-2031,27-2012,3622.5187,1
41-2031,27-4021,954.1844,1
41-2031,29-1051,6691.538,2
41-2031,29-1123,7969.5466,2
41-2031,29-1126,9912.4563,2
41-2031,29-1127,5895.9419,1
41-2031,29-1129,1482.6467,1
41-2031,29-1141,31990.8788,8
41-2031,29-2061,11935.9648,3
41-2031,29-2081,10861.442299999999,2
41-2031,31-1122,62109.3382,18
41-2031,31-9011,5206.6589,2
41-2031,31-9091,15730.9323,5
41-2031,31-9092,16371.700499999999,4
41-2031,31-9095,4502.0404,2
41-2031,31-9097,15092.0068,3
41-2031,33-1012,3170.6674,1
41-2031,33-1021,5055.9116,1
41-2031,33-2011,6347.8285000000005,2
41-2031,33-3021,13169.3282,3
41-2031,33-3051,10497.8488,3
41-2031,33-9021,1271.1951,1
41-2031,35-1011,22102.3213,4
41-2031,35-1012,14519.2841,4
41-2031,35-2021,60339.0305,13
41-2031,35-3011,10221.8841,4
41-2031,35-3031,117522.15269999999,31
41-2031,35-3041,15232.615899999999,5
41-2031,35-9011,6232.2696,2
41-2031,35-9021,1764.5447,2
41-2031,35-9031,30847.4496,6
41-2031,37-1011,9937.3153,3
41-2031,37-1012,440.8728,1
41-2031,37-2012,22061.7304,6
41-2031,37-2021,8995.707,2
41-2031,39-2011,4352.7908,1
41-2031,39-2021,8986.8816,4
41-2031,39-3031,2349.7225,1
41-2031,39-5011,5135.4372,2
41-2031,39-5012,21462.235800000002,6
41-2031,39-9011,38296.7913,12
41-2031,39-9041,594.6101,1
41-2031,41-1011,611309.7337,176
41-2031,41-1012,59974.7187,16
41-2031,41-2021,3188.0233,3
41-2031,41-2022,27798.6983,11
41-2031,41-3011,12153.861,6
41-2031,41-3021,26996.484,7
41-2031,41-3031,10507.5942,3
41-2031,41-3041,505.1889,1
41-2031,41-3091,174128.2621,48
41-2031,41-9041,5847.9638,1
41-2031,41-9091,24657.3723,7
41-2031,41-9099,184114.4316,48
41-2031,43-1011,57425.9054,16
41-2031,43-2011,2550.4475,1
41-2031,43-3021,3299.2544,3
41-2031,43-3031,29888.7875,11
41-2031,43-3061,711.0138,1
41-2031,43-3071,8497.974,2
41-2031,43-3099,11780.3855,3
41-2031,43-4051,494456.7704,130
41-2031,43-4081,7548.5557,3
41-2031,43-4111,6794.7683,3
41-2031,43-4121,3103.2272,1
41-2031,43-4151,45782.450899999996,12
41-2031,43-4161,4516.9775,1
41-2031,43-4171,72848.4747,21
41-2031,43-4181,19544.4333,5
41-2031,43-5021,29735.6187,7
41-2031,43-5052,12669.1679,3
41-2031,43-5053,1640.0081,1
41-2031,43-5061,6585.2346,2
41-2031,43-5071,54480.0042,15
41-2031,43-5111,6223.1253,2
41-2031,43-9021,1226.3274,1
41-2031,43-9022,4426.8578,1
41-2031,43-9041,809.7082,1
41-2031,43-9061,99158.4047,26
41-2031,43-9071,5195.3423,2
41-2031,43-9199,37338.304,11
41-2031,45-2041,10354.514200000001,2
41-2031,47-1011,11132.248899999999,4
41-2031,47-2031,45622.5225,13
41-2031,47-2061,94515.4323,24
41-2031,47-2073,9434.7271,3
41-2031,47-2111,37930.9061,9
41-2031,47-2141,16491.727899999998,6
41-2031,47-2181,10243.982,2
41-2031,47-4031,2519.7249,1
41-2031,47-4061,11329.4593,2
41-2031,49-1011,13326.7649,4
41-2031,49-2011,14388.928899999999,4
41-2031,49-3011,1220.6685,1
41-2031,49-3021,7941.1607,2
41-2031,49-3023,39147.513,9
41-2031,49-3031,5015.2425,1
41-2031,49-9021,2253.2014,1
41-2031,49-9071,26376.7077,7
41-2031,49-9094,5548.0371,1
41-2031,51-1011,28574.429099999998,8
41-2031,51-3011,25686.5152,6
41-2031,51-3091,2521.7311,3
41-2031,51-3092,7407.1279,2
41-2031,51-4041,13028.5654,3
41-2031,51-4199,8598.7539,2
41-2031,51-5112,4390.2234,2
41-2031,51-6031,3950.1883,1
41-2031,51-9041,2383.5413,1
41-2031,51-9051,6244.897000000001,2
41-2031,51-9061,58912.0202,13
41-2031,51-9071,6289.5918,3
41-2031,51-9111,5411.1746,2
41-2031,51-9151,2909.4155,1
41-2031,51-9198,13268.0208,3
41-2031,53-3099,4316.184,2
41-2031,53-6021,5599.8922,1
41-2031,53-6031,13566.7783,3
41-2031,53-7041,5373.0594,1
41-2031,53-7051,30786.5106,8
41-2031,53-7061,16781.8926,4
41-2031,53-7062,190465.8434,54
41-2031,53-7064,29032.7678,8
41-2031,53-7065,313914.658,84
41-2031,53-7199,4992.2433,1
41-3011,11-1011,405.659,1
41-3011,11-2011,11729.4496,3
41-3011,11-3031,4340.7044,1
41-3011,11-3071,6078.8567,1
41-3011,13-1161,30436.8138,8
41-3011,13-1199,355.028,1
41-3011,13-2011,4620.7993,1
41-3011,13-2053,4025.024,1
41-3011,13-2099,4145.3064,1
41-3011,27-2012,4731.5107,1
41-3011,27-3031,5956.394,1
41-3011,27-3043,779.808,1
41-3011,29-1051,1402.3515,1
41-3011,35-3031,6055.9097,1
41-3011,41-1011,3069.5494,1
41-3011,41-2031,7836.5237,3
41-3011,41-3021,6355.7883,2
41-3011,41-3031,2390.6913,1
41-3011,41-3091,13906.5649,5
41-3011,41-9099,17482.6504,3
41-3011,43-1011,4369.8669,1
41-3011,43-3021,4905.5484,1
41-3011,43-3031,3297.5467,1
41-3011,43-4051,14024.2954,3
41-3011,43-9051,4788.7787,1
41-3011,43-9061,576.6089,1
41-3011,43-9111,3382.3397,1
41-3011,47-2031,5066.4038,1
41-3011,53-7051,2709.2556,1
41-3011,53-7062,724.1078,1
41-3021,11-1011,29786.5554,6
41-3021,11-1021,7287.8639,1
41-3021,11-3021,4436.5991,1
41-3021,11-3031,15004.417399999998,6
41-3021,11-9051,1774.768,1
41-3021,11-9111,2716.0945,1
41-3021,11-9141,9578.9157,3
41-3021,13-1022,4720.0002,1
41-3021,13-1041,5353.1738,1
41-3021,13-1111,23403.425,6
41-3021,13-1141,6788.6684000000005,2
41-3021,13-1161,17084.1564,3
41-3021,13-1199,5586.4573,2
41-3021,13-2011,9682.1566,2
41-3021,13-2051,6887.5625,1
41-3021,13-2052,29585.013,7
41-3021,13-2053,26920.751,6
41-3021,13-2082,5939.248,1
41-3021,15-1211,6533.5925,1
41-3021,15-1212,4095.6809,1
41-3021,15-1251,8829.4876,2
41-3021,15-1253,19584.2755,5
41-3021,21-1093,11632.176500000001,3
41-3021,27-3041,5853.6731,1
41-3021,27-3043,2638.5137,1
41-3021,27-4021,2421.6739,2
41-3021,29-1127,3029.8669,1
41-3021,29-1141,21086.5585,6
41-3021,31-1122,18569.2471,4
41-3021,31-9091,6162.7586,1
41-3021,31-9095,5961.3983,1
41-3021,33-9021,2868.4089,1
41-3021,35-1011,2806.9319,2
41-3021,35-2021,5588.185,1
41-3021,35-3031,3824.0394,1
41-3021,35-9031,1972.6004,1
41-3021,39-5012,10389.4727,3
41-3021,39-9011,4421.5596,1
41-3021,41-1011,18403.9965,4
41-3021,41-1012,141480.0047,40
41-3021,41-2031,15441.7305,3
41-3021,41-3031,11090.908300000001,3
41-3021,41-3091,2965.5291,1
41-3021,41-9041,3741.1125,1
41-3021,41-9099,24165.6509,5
41-3021,43-1011,18722.298300000002,4
41-3021,43-3011,8810.4827,1
41-3021,43-3031,9407.8391,2
41-3021,43-3099,3321.8253,1
41-3021,43-4051,33292.8004,9
41-3021,43-4081,6480.4435,1
41-3021,43-4171,14026.108499999998,6
41-3021,43-5021,1037.2456,1
41-3021,43-9041,77643.29089999999,17
41-3021,43-9061,41805.508799999996,11
41-3021,43-9199,10207.694599999999,2
41-3021,47-2061,12647.642199999998,4
41-3021,47-2111,4049.1068,1
41-3021,51-3092,4483.0825,1
41-3021,51-4199,3921.1151,1
41-3021,51-9061,7752.8804,1
41-3021,51-9198,1634.0574,1
41-3021,53-7051,909.1853,1
41-3021,53-7061,818.0763,1
41-3021,53-7062,14102.7291,4
41-3021,53-7063,3012.6568,1
41-3021,53-7064,1910.0673,1
41-3021,53-7065,6342.7206,1
41-3031,11-1011,10338.4198,2
41-3031,11-1021,2846.802,1
41-3031,11-3031,89258.5831,21
41-3031,11-9051,3143.9132,1
41-3031,11-9141,5017.7544,2
41-3031,13-1011,3379.0038,1
41-3031,13-1021,1271.3391,1
41-3031,13-1022,4777.3687,1
41-3031,13-1111,4019.8028999999997,2
41-3031,13-1161,1593.7902,1
41-3031,13-1199,11725.7528,2
41-3031,13-2011,3600.4063,1
41-3031,13-2051,55918.2756,14
41-3031,13-2052,47014.8309,10
41-3031,13-2099,14404.9324,3
41-3031,15-1211,15512.6988,4
41-3031,15-1244,1251.5,1
41-3031,15-1253,3886.5277,1
41-3031,17-2051,10344.9968,2
41-3031,21-1093,4862.8444,1
41-3031,23-1011,5247.36,1
41-3031,27-3043,3267.1596,1
41-3031,29-1141,22249.816899999998,5
41-3031,31-1122,2667.8956,1
41-3031,35-1012,4140.3122,1
41-3031,37-1012,5927.722,1
41-3031,41-1011,8529.4136,3
41-3031,41-2021,5257.3924,1
41-3031,41-2031,17965.3398,3
41-3031,41-3021,13406.274,3
41-3031,41-3091,14177.7474,3
41-3031,41-9099,21664.0338,5
41-3031,43-1011,3551.4355,1
41-3031,43-3031,2353.7076,1
41-3031,43-3099,6003.9136,2
41-3031,43-4051,7069.970499999999,2
41-3031,43-4161,3217.9059,1
41-3031,43-9061,3493.4491000000003,3
41-3031,43-9199,7764.9196,2
41-3031,47-2031,4994.3155,1
41-3031,47-2111,5384.8816,1
41-3031,51-6011,10231.3126,1
41-3031,53-7062,5288.172,1
41-3031,53-7065,5031.8909,1
41-3041,11-3031,12442.3603,3
41-3041,11-9051,2476.2147,1
41-3041,11-9141,453.4399,1
41-3041,13-1023,2148.323,1
41-3041,13-1041,5003.9468,1
41-3041,13-1121,3739.3036,1
41-3041,13-2011,1219.5519,1
41-3041,15-1211,4609.2633,1
41-3041,35-3031,4853.6244,1
41-3041,35-9021,538.2249,1
41-3041,37-2012,4909.4448,1
41-3041,39-9011,4907.8301,1
41-3041,41-1011,7084.7907,1
41-3041,41-2031,4867.8602,1
41-3041,41-9091,937.9736,1
41-3041,43-1011,7455.7707,2
41-3041,43-4051,17195.8453,4
41-3041,43-4171,4330.9099,1
41-3041,43-4181,9174.2435,3
41-3041,43-9061,3544.1799,1
41-3041,51-7099,3452.6821,1
41-3091,11-1011,41619.6112,12
41-3091,11-1021,22859.8148,5
41-3091,11-3021,18358.7006,4
41-3091,11-3031,8080.8882,3
41-3091,11-3061,7099.2754,2
41-3091,11-9021,16221.5779,4
41-3091,11-9051,1022.1028,1
41-3091,11-9111,11987.5596,2
41-3091,11-9141,17598.2789,3
41-3091,13-1011,3550.8644,1
41-3091,13-1023,2548.9578,1
41-3091,13-1041,5532.5617,2
41-3091,13-1051,6259.5685,2
41-3091,13-1081,4201.4583999999995,2
41-3091,13-1111,59275.1483,13
41-3091,13-1161,8979.0055,6
41-3091,13-1199,11180.8955,3
41-3091,13-2011,17465.1511,5
41-3091,13-2051,6177.4181,2
41-3091,13-2052,4417.2327,1
41-3091,13-2099,6702.5453,1
41-3091,15-1211,25022.2088,6
41-3091,15-1253,9888.4454,2
41-3091,15-2031,4605.5806,1
41-3091,17-2051,7824.688,2
41-3091,17-2081,4821.4345,1
41-3091,17-2141,856.6864,1
41-3091,17-2199,9180.520400000001,2
41-3091,21-2011,2188.3221,1
41-3091,23-2011,5115.4567,1
41-3091,27-3031,18095.851,5
41-3091,29-1051,4604.7277,1
41-3091,29-1071,4630.3384,1
41-3091,29-1141,8986.0083,2
41-3091,29-2081,3230.2236,1
41-3091,31-1122,2198.0752,1
41-3091,33-3021,629.9689,1
41-3091,35-3011,3210.2313,1
41-3091,35-3031,7967.5652,2
41-3091,37-1011,2734.9059,1
41-3091,37-1012,5682.9614,2
41-3091,37-2021,5395.9524,2
41-3091,39-4031,5443.652,1
41-3091,41-1011,26163.3474,8
41-3091,41-1012,8696.6111,3
41-3091,41-2021,2092.9775,1
41-3091,41-2031,171397.9914,51
41-3091,41-3011,32258.9483,9
41-3091,41-3021,14394.313400000001,4
41-3091,41-3031,3802.4902,1
41-3091,41-3041,4198.2295,1
41-3091,41-9031,19458.0704,6
41-3091,41-9041,5183.5117,2
41-3091,41-9091,11118.5787,2
41-3091,41-9099,53299.1711,16
41-3091,43-1011,6727.8523,2
41-3091,43-3021,7176.9367,2
41-3091,43-3031,7899.500899999999,2
41-3091,43-4051,70605.5205,22
41-3091,43-4071,3831.1135,1
41-3091,43-4151,832.4357,1
41-3091,43-4171,7120.723599999999,3
41-3091,43-4181,9401.1028,2
41-3091,43-5021,7027.3222,3
41-3091,43-5051,10124.8281,2
41-3091,43-5071,12468.754799999999,2
41-3091,43-5111,4702.806,1
41-3091,43-9021,5626.5948,1
41-3091,43-9041,15735.8557,3
41-3091,43-9061,14979.3191,4
41-3091,43-9199,15625.2706,3
41-3091,47-1011,8418.5865,2
41-3091,47-2031,8562.2689,3
41-3091,47-2061,9224.5115,3
41-3091,47-2141,2600.3759,1
41-3091,47-4011,14015.0915,3
41-3091,49-2011,6516.5593,1
41-3091,49-2098,1580.5887,1
41-3091,49-3021,5073.5491,1
41-3091,49-3023,2044.6853,1
41-3091,49-3031,572.3558,1
41-3091,49-9051,1464.223,1
41-3091,51-1011,3512.1179,1
41-3091,51-2041,5278.4613,1
41-3091,51-7011,799.9999,1
41-3091,51-8031,6863.3641,1
41-3091,51-9041,1499.5525,1
41-3091,53-3099,10531.1065,3
41-3091,53-7051,2303.6755,1
41-3091,53-7061,3969.6159,2
41-3091,53-7062,25553.3227,6
41-3091,53-7065,5198.8174,1
41-9031,13-1111,15297.4823,3
41-9031,17-2199,6112.4954,1
41-9031,33-2011,3637.1013,1
41-9031,41-1012,3279.8948,1
41-9031,41-2031,1633.691,1
41-9031,41-3091,973.3093,1
41-9031,41-9099,10044.9284,3
41-9031,43-4051,2352.9188,1
41-9031,43-4071,6169.6378,1
41-9041,11-9141,768.3176,1
41-9041,13-1161,4732.7443,1
41-9041,13-2011,6168.5273,1
41-9041,15-1253,5031.9754,1
41-9041,23-1011,3873.4357,1
41-9041,33-9021,4479.8599,1
41-9041,37-2012,936.0386,1
41-9041,41-2031,4545.4642,1
41-9041,41-3021,6057.8068,1
41-9041,41-3091,14783.7343,3
41-9041,41-9099,6116.3469,1
41-9041,43-3021,1499.7723,1
41-9041,43-4051,21245.5245,4
41-9041,43-4171,3768.064,1
41-9091,11-1011,4122.3187,1
41-9091,13-2011,2251.4537,1
41-9091,15-1253,3945.6952,1
41-9091,17-2171,4782.4132,1
41-9091,29-1129,6144.595,1
41-9091,37-2012,4148.9631,1
41-9091,39-5012,3211.4953,1
41-9091,39-9011,4993.5504,1
41-9091,41-1011,1230.575,1
41-9091,41-2031,45708.8482,12
41-9091,41-3041,744.5957,1
41-9091,41-3091,13226.605800000001,2
41-9091,43-3031,1944.6973,1
41-9091,43-4051,16531.141499999998,4
41-9091,43-4071,3393.52,1
41-9091,43-5021,8241.4679,2
41-9091,47-2061,3161.9722,1
41-9091,47-2141,6914.3055,1
41-9091,49-3023,8353.4916,1
41-9091,53-7062,2240.7622,1
41-9099,11-3021,2376.8759,1
41-9099,11-3031,485.5245,1
41-9099,11-3051,4305.5195,1
41-9099,11-3071,6710.0085,2
41-9099,11-9013,16866.9315,3
41-9099,11-9111,10084.5622,2
41-9099,11-9141,3719.3587,2
41-9099,13-1022,6787.157300000001,2
41-9099,13-1023,621.2228,1
41-9099,13-1111,1852.8238999999999,2
41-9099,13-1161,16680.7272,3
41-9099,13-1199,9689.8437,4
41-9099,13-2011,9755.4908,2
41-9099,13-2052,6670.406,1
41-9099,15-1211,10227.6411,2
41-9099,15-1253,17398.6072,4
41-9099,17-2041,3433.7497,1
41-9099,17-2141,3042.481,1
41-9099,21-1092,5728.056,1
41-9099,23-2011,1062.9671,1
41-9099,27-4021,3148.6018,1
41-9099,29-1041,1520.8298,1
41-9099,29-1051,5014.0299,1
41-9099,29-1071,3751.5847,1
41-9099,29-1129,5374.187,1
41-9099,29-1141,13210.467999999999,3
41-9099,29-2061,2784.3566,1
41-9099,29-2081,3669.282,1
41-9099,31-1122,9768.1765,2
41-9099,31-9095,3981.9217,1
41-9099,31-9097,3051.2232,1
41-9099,33-3021,2081.0782,1
41-9099,33-3051,4321.0544,1
41-9099,33-9093,7175.5672,1
41-9099,35-1012,714.4629,1
41-9099,35-2021,5805.0380000000005,2
41-9099,35-3031,12579.5867,4
41-9099,35-9031,4286.0043,1
41-9099,41-1011,23930.7274,8
41-9099,41-1012,4026.4939,1
41-9099,41-2031,190568.882,56
41-9099,41-3011,5294.8917,1
41-9099,41-3021,18288.208599999998,4
41-9099,41-3091,80850.8264,24
41-9099,41-9031,4215.1655,1
41-9099,41-9041,6034.4813,1
41-9099,43-1011,9748.3087,2
41-9099,43-3021,3693.4657,1
41-9099,43-3031,3051.6946,2
41-9099,43-3099,4464.0929,1
41-9099,43-4051,68242.775,19
41-9099,43-4151,1081.5182,1
41-9099,43-4171,4699.3531,2
41-9099,43-4181,13299.7255,4
41-9099,43-4199,5605.839,1
41-9099,43-5021,30719.7805,8
41-9099,43-5052,600.1382,1
41-9099,43-5061,3513.5944,1
41-9099,43-5071,4394.4059,1
41-9099,43-9061,17391.5744,5
41-9099,43-9199,4311.4545,1
41-9099,47-2061,19088.6603,4
41-9099,47-2111,5421.0894,1
41-9099,49-1011,3636.7327,1
41-9099,49-9071,4337.5407000000005,2
41-9099,49-9091,2201.5893,1
41-9099,51-1011,5378.9423,1
41-9099,51-4199,6013.0722,1
41-9099,51-9198,2749.0396,1
41-9099,53-3099,3720.5558,1
41-9099,53-7051,4511.8927,1
41-9099,53-7061,5797.847400000001,2
41-9099,53-7062,1936.6721,1
41-9099,53-7065,45873.6637,14
41-9099,53-7081,2879.2819,1
43-1011,11-1011,21382.9848,6
43-1011,11-1021,52073.7151,16
43-1011,11-3021,21086.3368,5
43-1011,11-3031,92870.384,31
43-1011,11-3051,5527.3021,1
43-1011,11-3061,1029.7893,1
43-1011,11-3071,40705.8442,12
43-1011,11-3121,4962.0599,2
43-1011,11-3131,3482.1555,2
43-1011,11-9021,8136.8427,3
43-1011,11-9041,2069.1778,1
43-1011,11-9051,1305.8776,1
43-1011,11-9081,946.481,1
43-1011,11-9111,119246.293,35
43-1011,11-9141,27177.920000000002,9
43-1011,11-9151,23601.2452,7
43-1011,13-1022,4390.8779,1
43-1011,13-1023,2751.305,1
43-1011,13-1041,12299.7052,5
43-1011,13-1081,17550.4598,5
43-1011,13-1111,13653.458200000001,3
43-1011,13-1131,9581.3073,2
43-1011,13-1161,1356.6884,1
43-1011,13-1199,24249.063599999998,7
43-1011,13-2011,7114.8931,3
43-1011,13-2031,8741.266800000001,2
43-1011,13-2052,19442.9712,6
43-1011,15-1211,28767.8252,6
43-1011,15-1212,4354.0102,1
43-1011,15-1221,8319.8568,2
43-1011,15-1242,1975.5465,1
43-1011,15-1244,4621.7499,1
43-1011,15-1251,3650.8269,1
43-1011,15-1253,44523.480800000005,11
43-1011,15-2031,4614.7516,1
43-1011,17-2041,4595.4723,1
43-1011,17-2051,7847.9998000000005,2
43-1011,17-2141,5512.0496,1
43-1011,17-2199,1384.8999,1
43-1011,17-3031,4463.1384,1
43-1011,21-1092,1602.4974,1
43-1011,21-1093,19324.8194,3
43-1011,23-1011,11630.9397,4
43-1011,23-2011,15762.1832,5
43-1011,25-4031,3796.8791,1
43-1011,27-2012,631.2117,1
43-1011,29-1129,3696.2936,1
43-1011,29-1141,19276.868899999998,5
43-1011,29-1171,4387.4257,1
43-1011,29-1292,640.4055,1
43-1011,29-2061,40024.6118,9
43-1011,31-1122,21396.5246,6
43-1011,31-9011,1779.8522,1
43-1011,31-9091,13577.664700000001,3
43-1011,31-9092,1201.4246,1
43-1011,33-1011,3628.6099,1
43-1011,33-1012,5132.9532,1
43-1011,33-3021,472.5084,1
43-1011,33-9091,3768.3351,1
43-1011,33-9093,4613.3943,2
43-1011,35-1012,6702.8259,2
43-1011,35-2021,6416.1515,2
43-1011,35-3011,10687.2516,2
43-1011,35-3031,13374.5394,4
43-1011,35-9011,4014.5071,1
43-1011,35-9021,1372.6154,1
43-1011,35-9031,4430.5699,1
43-1011,37-1011,18862.608,6
43-1011,37-1012,4924.3505,1
43-1011,37-2012,10830.5017,3
43-1011,39-2021,3063.745,1
43-1011,39-5012,4015.2863,1
43-1011,39-9011,4830.3516,1
43-1011,41-1011,91900.3216,25
43-1011,41-1012,71272.0501,23
43-1011,41-2021,800.4269,1
43-1011,41-2031,43455.9906,10
43-1011,41-3011,5577.9094,1
43-1011,41-3021,7434.406000000001,3
43-1011,41-3041,4912.8576,2
43-1011,41-3091,4923.3099,2
43-1011,41-9041,3276.0745,1
43-1011,41-9099,990.7746,1
43-1011,43-3011,4617.4834,2
43-1011,43-3021,26003.5032,10
43-1011,43-3031,55153.9717,19
43-1011,43-3051,4230.7456,2
43-1011,43-3071,17683.6671,5
43-1011,43-3099,9423.6289,2
43-1011,43-4031,3886.1476,1
43-1011,43-4051,102352.7688,31
43-1011,43-4071,10595.9848,4
43-1011,43-4121,6731.4323,1
43-1011,43-4141,6633.1828,2
43-1011,43-4151,5852.1404999999995,3
43-1011,43-4161,7088.296,2
43-1011,43-4171,48268.7919,11
43-1011,43-4181,1125.8055,1
43-1011,43-5021,11577.440999999999,2
43-1011,43-5061,5354.9848,1
43-1011,43-5071,23147.7658,7
43-1011,43-5111,4959.5176,1
43-1011,43-9021,12211.9892,4
43-1011,43-9041,7655.772500000001,2
43-1011,43-9051,6895.3184,2
43-1011,43-9061,120206.38130000001,34
43-1011,43-9199,39586.3808,12
43-1011,45-4011,1720.3163,1
43-1011,47-1011,8560.9618,3
43-1011,47-2031,8058.0298,2
43-1011,47-2061,20215.3497,7
43-1011,47-2211,4814.9746,1
43-1011,47-4051,502.2155,1
43-1011,49-1011,16836.0401,4
43-1011,49-2011,6072.1412,1
43-1011,49-3021,2190.9829,1
43-1011,49-3023,3861.995,1
43-1011,49-9071,11039.1075,4
43-1011,51-1011,51360.6883,14
43-1011,51-3011,550.0702,1
43-1011,51-3092,3940.8537,1
43-1011,51-4041,4437.8639,1
43-1011,51-4199,11823.828000000001,2
43-1011,51-6011,287.6638,1
43-1011,51-9061,9935.9487,6
43-1011,51-9111,3840.0531,1
43-1011,53-2031,5833.406,1
43-1011,53-3099,6260.8586,1
43-1011,53-6061,6404.033600000001,2
43-1011,53-7051,4147.4455,1
43-1011,53-7062,15025.076000000001,4
43-1011,53-7064,13726.2352,3
43-1011,53-7065,25365.2269,8
43-2011,15-1253,895.4326,1
43-2011,31-1122,4528.8037,1
43-2011,43-1011,3840.8489,1
43-2011,43-4111,875.0828,1
43-2011,43-4171,1076.8642,2
43-2011,43-9061,1504.4047,1
43-2011,51-9061,6540.4178,1
43-2011,53-7062,4421.3058,1
43-2021,13-2011,4302.8391,1
43-2021,19-2099,4367.1068,1
43-2021,21-1093,4335.0345,1
43-2021,37-2012,2934.5994,1
43-2021,39-9011,2337.4285,1
43-2021,43-3071,2939.9009,1
43-2021,43-3099,1158.3481,1
43-2021,43-4051,10862.0452,4
43-2021,43-4111,4695.1861,1
43-2021,43-4151,764.4421,1
43-2021,53-3099,5965.1763,1
43-3011,11-1021,1490.1193,1
43-3011,11-3031,7633.081099999999,2
43-3011,13-1199,3387.3914,1
43-3011,13-2011,12116.3429,2
43-3011,15-1253,912.0584,1
43-3011,29-1141,5105.7465,1
43-3011,29-2061,3734.8118,1
43-3011,31-1122,4000.1592,1
43-3011,37-2012,1195.5902,1
43-3011,39-2011,4033.6448,1
43-3011,39-9011,1751.1749,1
43-3011,41-3021,2265.1746,1
43-3011,41-3091,5487.1647,1
43-3011,41-9041,4252.6826,1
43-3011,43-3021,17298.5442,4
43-3011,43-3031,19852.9977,4
43-3011,43-3051,1719.6533,1
43-3011,43-3071,5422.3666,1
43-3011,43-3099,742.226,1
43-3011,43-4051,13438.8065,5
43-3011,43-4111,8332.471399999999,2
43-3011,43-4171,3030.4885,2
43-3011,43-5071,8017.8967999999995,2
43-3011,43-9021,3502.0488,1
43-3011,43-9041,583.0842,1
43-3011,43-9061,12715.0742,4
43-3011,47-4031,5086.3132,1
43-3011,51-1011,5224.5164,1
43-3011,53-7062,428.497,1
43-3011,53-7064,3872.2575,1
43-3011,53-7065,4705.1186,1
43-3021,11-1011,1557.4023,1
43-3021,11-1021,1127.7912,1
43-3021,11-3031,38065.7016,11
43-3021,11-3121,2078.8698,1
43-3021,11-9013,2414.0618,1
43-3021,11-9021,3998.5075,1
43-3021,11-9051,13358.408800000001,2
43-3021,11-9111,9974.4647,4
43-3021,11-9141,2218.423,1
43-3021,11-9151,4530.9714,1
43-3021,13-1011,1217.6018,1
43-3021,13-1022,5552.8077,2
43-3021,13-1023,701.1352,1
43-3021,13-1041,6007.8259,2
43-3021,13-1051,9888.782,2
43-3021,13-1081,2549.6169,1
43-3021,13-1111,16672.5639,2
43-3021,13-1161,4178.0427,1
43-3021,13-1199,10278.4368,3
43-3021,13-2011,34595.7226,11
43-3021,13-2041,3039.8043,1
43-3021,13-2052,857.2731,1
43-3021,13-2099,9229.6868,2
43-3021,15-1253,1043.0884,2
43-3021,19-3051,4077.0332,1
43-3021,21-1093,2999.1323,1
43-3021,23-1011,3949.4886,2
43-3021,23-2011,9791.4682,2
43-3021,29-1011,1626.2636,1
43-3021,29-1051,2774.1184,1
43-3021,29-1129,5294.8507,1
43-3021,29-1141,21634.233699999997,6
43-3021,29-1292,2402.2239,1
43-3021,31-1122,4358.2722,2
43-3021,31-9011,323.4521,1
43-3021,31-9091,3558.7042,1
43-3021,31-9097,2518.9207,1
43-3021,33-2011,2073.6619,1
43-3021,33-3041,1459.7409,1
43-3021,35-1011,5488.6112,1
43-3021,35-3011,688.4691,1
43-3021,35-3031,7607.1157,2
43-3021,37-2012,8595.711599999999,2
43-3021,39-2021,5957.146,1
43-3021,39-9011,3813.312,1
43-3021,41-1011,15602.7804,7
43-3021,41-1012,12347.3893,5
43-3021,41-2031,18283.4583,4
43-3021,41-3091,9185.2631,2
43-3021,41-9041,836.4404,1
43-3021,41-9099,4339.4173,1
43-3021,43-1011,11173.2376,5
43-3021,43-3011,27592.6362,6
43-3021,43-3031,64958.6293,21
43-3021,43-3051,9527.4069,2
43-3021,43-3099,8846.0669,2
43-3021,43-4051,51420.077,16
43-3021,43-4071,10513.6466,3
43-3021,43-4131,411.6263,1
43-3021,43-4151,4392.4338,1
43-3021,43-4171,20453.6984,6
43-3021,43-5011,5247.7206,1
43-3021,43-5021,4344.072,2
43-3021,43-5052,5791.4888,1
43-3021,43-5111,4486.0728,1
43-3021,43-9021,10536.0866,3
43-3021,43-9041,26467.7428,7
43-3021,43-9061,58819.8261,19
43-3021,43-9071,5234.745,1
43-3021,43-9199,28154.14,8
43-3021,47-2031,3702.6697,1
43-3021,47-2061,1999.5198,1
43-3021,47-2141,3891.9428,1
43-3021,49-3022,4669.1764,1
43-3021,49-9071,3033.4771,1
43-3021,51-1011,5538.0891,1
43-3021,51-9061,1812.2984,1
43-3021,53-7062,952.8208,1
43-3021,53-7065,9341.8591,4
43-3021,53-7199,852.3019,1
43-3031,11-1011,31140.4146,9
43-3031,11-1021,31493.9327,9
43-3031,11-3021,559.1219,1
43-3031,11-3031,81826.4278,26
43-3031,11-3061,928.1647,1
43-3031,11-3071,1906.5744,1
43-3031,11-3121,6919.6562,1
43-3031,11-9013,50437.7669,16
43-3031,11-9021,12593.453,3
43-3031,11-9041,6661.589,1
43-3031,11-9051,10235.141500000002,3
43-3031,11-9081,9908.8158,2
43-3031,11-9111,18320.821799999998,5
43-3031,11-9121,446.6444,1
43-3031,11-9141,22346.0783,6
43-3031,11-9151,1538.5799,1
43-3031,13-1011,6320.1411,1
43-3031,13-1023,4461.9087,2
43-3031,13-1041,6534.6174,3
43-3031,13-1111,10661.622,3
43-3031,13-1121,3341.6716,2
43-3031,13-1131,2319.0679,1
43-3031,13-1141,4526.4677,1
43-3031,13-1161,5719.7161,1
43-3031,13-1199,40002.0707,9
43-3031,13-2011,420813.875,122
43-3031,13-2051,27369.5745,6
43-3031,13-2052,9980.9922,2
43-3031,13-2053,2901.1477,1
43-3031,13-2081,1169.3701,1
43-3031,13-2082,25757.574399999998,7
43-3031,13-2099,7631.769899999999,3
43-3031,15-1211,12095.1544,3
43-3031,15-1212,3745.8685,1
43-3031,15-1251,598.2183,1
43-3031,15-1253,21241.6468,7
43-3031,17-2041,4260.7376,1
43-3031,17-2141,2748.2087,1
43-3031,17-2199,4702.5853,1
43-3031,21-1093,4830.7607,3
43-3031,21-2099,323.8396,1
43-3031,23-1011,4341.557,1
43-3031,23-2011,21614.698,4
43-3031,25-4031,1126.5896,1
43-3031,27-3041,7527.9782,1
43-3031,27-3043,3990.2777,1
43-3031,27-4021,3138.4345,1
43-3031,29-1122,331.4324,1
43-3031,29-1141,43765.7965,12
43-3031,29-1292,711.7589,1
43-3031,29-2061,5964.4776999999995,2
43-3031,31-1122,7678.4477,4
43-3031,31-9091,4931.8326,1
43-3031,31-9092,5554.2534,2
43-3031,31-9096,4177.3854,1
43-3031,33-3051,3223.0505,1
43-3031,35-2021,6920.781,2
43-3031,35-3011,665.5612,1
43-3031,35-3031,32500.2541,6
43-3031,35-3041,10644.0803,3
43-3031,35-9031,2804.6048,2
43-3031,37-1011,3938.4505,1
43-3031,37-2012,15506.500800000002,4
43-3031,37-2021,4279.3495,1
43-3031,39-2021,4270.9805,2
43-3031,39-5012,7895.849200000001,2
43-3031,39-9011,6266.6132,2
43-3031,41-1011,42060.1806,13
43-3031,41-1012,18908.3867,7
43-3031,41-2021,1280.7081,1
43-3031,41-2031,50601.6948,12
43-3031,41-3021,8125.4187,3
43-3031,41-3031,24968.464500000002,4
43-3031,41-3041,9616.863,1
43-3031,41-9091,10175.082900000001,2
43-3031,41-9099,7443.993,2
43-3031,43-1011,60908.1509,22
43-3031,43-2021,4266.2611,1
43-3031,43-3011,23259.7678,5
43-3031,43-3021,98372.5876,30
43-3031,43-3051,25468.4518,8
43-3031,43-3061,5863.031,1
43-3031,43-3071,4543.5757,2
43-3031,43-3099,21187.2766,6
43-3031,43-4041,5709.254,1
43-3031,43-4051,61184.2019,23
43-3031,43-4071,5418.2182,2
43-3031,43-4081,6844.9874,3
43-3031,43-4121,4976.4769,1
43-3031,43-4131,22794.7983,6
43-3031,43-4161,8589.2617,2
43-3031,43-4171,11683.7837,6
43-3031,43-5011,3438.1103,1
43-3031,43-5021,8513.6888,3
43-3031,43-5052,785.828,1
43-3031,43-5061,4971.3152,1
43-3031,43-5071,14071.4349,5
43-3031,43-9021,8531.7156,3
43-3031,43-9022,8776.1917,3
43-3031,43-9041,6504.1083,3
43-3031,43-9051,6175.2347,1
43-3031,43-9061,109181.4476,38
43-3031,43-9199,19343.177900000002,5
43-3031,47-2061,7728.6706,3
43-3031,47-2111,4350.7188,1
43-3031,47-2141,6676.9581,1
43-3031,49-1011,5427.0209,1
43-3031,49-3023,3702.5931,1
43-3031,49-9071,3789.7129,1
43-3031,51-4111,4249.6875,1
43-3031,51-4199,2608.6563,1
43-3031,51-7099,797.6098,1
43-3031,51-9041,1672.2615,2
43-3031,51-9061,3687.9096,2
43-3031,51-9111,3596.3692,1
43-3031,53-7051,4098.6394,1
43-3031,53-7062,18683.292699999998,4
43-3031,53-7065,14314.8555,5
43-3051,11-1011,3456.0828,1
43-3051,11-1021,1066.9564,1
43-3051,11-3021,1804.6995,1
43-3051,11-3031,5807.5942000000005,4
43-3051,11-3121,4150.5333,2
43-3051,11-9051,5190.2751,1
43-3051,13-1041,4664.138,1
43-3051,13-1199,8387.897799999999,2
43-3051,13-2011,22899.0973,7
43-3051,13-2051,536.3835,1
43-3051,13-2052,1842.432,1
43-3051,15-1242,1031.0528,1
43-3051,29-1126,3233.7732,1
43-3051,29-1129,5061.4777,1
43-3051,31-1122,3931.1068,1
43-3051,35-1011,2905.234,1
43-3051,35-3031,3465.481,1
43-3051,35-3041,4413.5931,1
43-3051,37-2012,3332.9452,1
43-3051,41-1011,6586.0912,2
43-3051,41-1012,2822.8207,2
43-3051,41-2031,8948.7265,3
43-3051,43-1011,21470.1409,6
43-3051,43-3021,5946.5536,1
43-3051,43-3031,42639.5384,12
43-3051,43-3099,4967.9635,1
43-3051,43-4031,5481.4562,1
43-3051,43-4051,11744.7042,2
43-3051,43-4071,2215.2167,1
43-3051,43-4161,1796.4351,1
43-3051,43-4199,7684.2483,1
43-3051,43-5021,5439.5006,1
43-3051,43-9061,19600.9127,4
43-3051,43-9199,4758.8855,1
43-3051,47-2061,8127.8339,2
43-3051,47-2141,1988.9554,1
43-3051,47-4011,720.5737,1
43-3051,51-9061,5155.2261,1
43-3051,51-9111,5306.2258,1
43-3051,53-7062,2536.7053,2
43-3061,11-3061,35705.5462,8
43-3061,13-1022,3040.7573,2
43-3061,13-1023,21069.8947,6
43-3061,13-1081,4170.4212,1
43-3061,15-1211,4776.4425,1
43-3061,17-2199,4159.7037,1
43-3061,43-3031,4134.4611,1
43-3061,43-4051,3769.1371,1
43-3061,43-5061,10937.8451,2
43-3061,43-9061,470.995,1
43-3061,53-7062,1184.387,1
43-3061,53-7065,3770.4666,1
43-3071,11-1011,803.1302,1
43-3071,11-1021,2585.7264,1
43-3071,11-3031,66754.699,22
43-3071,11-3121,4106.3852,1
43-3071,13-1111,9069.8359,2
43-3071,13-2011,5170.9143,1
43-3071,13-2051,4655.0762,1
43-3071,13-2052,16499.2728,6
43-3071,13-2099,6216.9048,3
43-3071,15-1211,11650.1244,2
43-3071,15-1241,4985.8778,1
43-3071,15-1253,605.6458,1
43-3071,21-2099,5129.9601,1
43-3071,23-2011,2666.9998,1
43-3071,27-2012,4710.5993,1
43-3071,29-2061,4004.698,1
43-3071,31-1122,5156.3812,1
43-3071,31-9092,2031.9993,1
43-3071,33-3021,1158.5198,1
43-3071,35-1012,2058.182,1
43-3071,35-2021,4185.8424,1
43-3071,35-3031,8847.6928,2
43-3071,35-3041,1295.7633,1
43-3071,35-9011,3258.4994,1
43-3071,39-5012,7771.6404,2
43-3071,41-1011,3891.9139,1
43-3071,41-3021,1166.7089,1
43-3071,41-3091,5116.6249,1
43-3071,41-9099,6502.9042,2
43-3071,43-1011,5161.5495,1
43-3071,43-3011,681.761,1
43-3071,43-3031,8618.0159,4
43-3071,43-3099,4171.234,1
43-3071,43-4041,6238.7257,2
43-3071,43-4051,55718.356400000004,15
43-3071,43-4141,12731.2408,4
43-3071,43-4171,709.8397,1
43-3071,43-5021,2138.9013,1
43-3071,43-9041,4296.9583,1
43-3071,43-9061,1038.3135,1
43-3071,45-1011,4320.162,1
43-3071,47-2111,6645.4116,1
43-3071,51-6011,1998.5173,1
43-3071,51-6031,3015.3572,1
43-3071,51-9111,6334.4056,1
43-3071,53-3099,4364.5677,1
43-3071,53-7065,491.8554,1
43-3099,11-1011,2287.0659,1
43-3099,11-1021,4580.1266,1
43-3099,11-3031,66198.0149,15
43-3099,11-9041,3988.6563,1
43-3099,11-9051,4882.2123,1
43-3099,11-9111,2696.7383,1
43-3099,13-1041,6020.8486,1
43-3099,13-1051,2030.0257,1
43-3099,13-1111,3109.6502,1
43-3099,13-1161,4812.9384,1
43-3099,13-1199,7389.645,2
43-3099,13-2011,72319.0458,18
43-3099,13-2051,19772.6162,7
43-3099,13-2052,40673.6125,10
43-3099,13-2099,23259.398999999998,7
43-3099,15-1253,7618.2209,2
43-3099,15-2011,2742.0519,1
43-3099,21-1093,4261.0341,1
43-3099,25-4022,7890.5887,1
43-3099,27-3031,11732.152,1
43-3099,33-3051,10594.3,2
43-3099,35-1011,1984.6682,1
43-3099,35-1012,2183.8697,1
43-3099,35-3011,2842.6243,1
43-3099,35-3031,1891.3402,1
43-3099,35-3041,3385.6871,1
43-3099,37-2012,4895.2095,1
43-3099,39-9011,1395.5615,1
43-3099,41-1011,3716.0386,1
43-3099,41-2031,10989.994,3
43-3099,41-3031,15502.4693,3
43-3099,43-1011,3516.9214,1
43-3099,43-3011,1774.3151,2
43-3099,43-3021,16326.1975,4
43-3099,43-3031,7772.8134,2
43-3099,43-3071,20596.8096,7
43-3099,43-4031,2672.1902,1
43-3099,43-4041,10294.7604,4
43-3099,43-4051,45142.0872,11
43-3099,43-4071,2170.6758,1
43-3099,43-4111,3998.6627,1
43-3099,43-4131,5216.2598,1
43-3099,43-4141,2434.5522,1
43-3099,43-4171,2612.305,1
43-3099,43-5021,484.2661,1
43-3099,43-5061,5336.3799,1
43-3099,43-9041,5165.0413,3
43-3099,43-9061,3827.6278,1
43-3099,43-9111,7410.4447,1
43-3099,43-9199,10971.269400000001,2
43-3099,47-2031,4145.3566,1
43-3099,47-2061,4765.8117,1
43-3099,49-9044,978.1013,1
43-3099,51-1011,3960.4901,1
43-3099,51-3011,5062.1397,1
43-3099,51-5112,5078.4675,1
43-3099,51-9061,2289.4563,1
43-3099,53-7061,5217.5582,1
43-4031,11-1011,707.9397,1
43-4031,11-9051,3077.4716,1
43-4031,13-1023,4701.6309,1
43-4031,13-1041,5849.345600000001,2
43-4031,15-1253,4675.2771,1
43-4031,23-1012,3588.8227,1
43-4031,23-2011,1045.3174,1
43-4031,33-9021,4064.1215,1
43-4031,37-1011,4636.4568,1
43-4031,39-9011,4933.9394,1
43-4031,43-1011,5807.2095,1
43-4031,43-3031,2395.8189,1
43-4031,43-4051,13931.7094,4
43-4031,43-4071,4771.1735,1
43-4031,43-4199,4508.8839,1
43-4031,43-5061,3441.0074,1
43-4031,43-9061,10949.6303,5
43-4031,43-9199,17442.798300000002,5
43-4031,47-4011,7151.9184,1
43-4031,53-7065,911.6267,1
43-4031,53-7199,4497.1416,1
43-4041,11-3031,14367.452,3
43-4041,11-3051,1206.6153,1
43-4041,13-1199,2527.1833,1
43-4041,13-2082,3383.5093,1
43-4041,15-1251,5082.1429,1
43-4041,41-1011,3282.6878,1
43-4041,41-2031,802.8625,1
43-4041,41-3021,1001.8174,1
43-4041,43-3021,7447.5398000000005,2
43-4041,43-3099,4003.0993,1
43-4041,43-4051,14181.7432,5
43-4041,43-4111,4118.0109,1
43-4041,43-4131,1684.6273,1
43-4041,43-9021,1760.725,1
43-4041,43-9199,328.5209,1
43-4041,51-9061,5105.6217,1
43-4051,11-1011,33197.1408,7
43-4051,11-1021,41185.3594,14
43-4051,11-2011,9479.8534,2
43-4051,11-3021,10816.0401,4
43-4051,11-3031,77703.1517,21
43-4051,11-3051,3922.0399,1
43-4051,11-3071,21509.7517,5
43-4051,11-3111,1848.5311,1
43-4051,11-9013,14564.9293,7
43-4051,11-9021,27025.6223,8
43-4051,11-9051,64658.219300000004,18
43-4051,11-9081,6000.1788,1
43-4051,11-9111,6459.3419,3
43-4051,11-9141,13955.1482,4
43-4051,11-9151,18585.4012,6
43-4051,11-9161,4967.5877,1
43-4051,13-1011,6119.5189,1
43-4051,13-1021,1651.3782,2
43-4051,13-1022,10706.6377,3
43-4051,13-1023,6489.6644,2
43-4051,13-1081,18254.2656,4
43-4051,13-1111,44324.5375,14
43-4051,13-1121,12355.3456,2
43-4051,13-1141,8480.572,2
43-4051,13-1151,21298.4339,4
43-4051,13-1161,29201.0125,8
43-4051,13-1199,54026.323599999996,13
43-4051,13-2011,79580.9124,23
43-4051,13-2041,3744.9425,1
43-4051,13-2051,14666.1237,3
43-4051,13-2052,17472.7848,5
43-4051,13-2061,7367.1538,1
43-4051,13-2081,4824.5779999999995,2
43-4051,13-2082,12393.7264,3
43-4051,13-2099,4982.7344,2
43-4051,15-1211,22094.4459,5
43-4051,15-1212,4317.894,1
43-4051,15-1242,5144.1721,2
43-4051,15-1244,4959.323899999999,3
43-4051,15-1251,16750.0155,3
43-4051,15-1253,35459.1649,11
43-4051,15-1254,3997.0104,1
43-4051,15-2031,2117.4909,2
43-4051,17-2011,8672.4954,3
43-4051,17-2051,10042.712899999999,2
43-4051,17-2141,338.2441,1
43-4051,17-2199,2964.5138,1
43-4051,19-2099,6598.4949,2
43-4051,19-3011,4020.8643,1
43-4051,21-1093,23318.0567,5
43-4051,23-2011,19776.365100000003,5
43-4051,25-4022,11651.3971,2
43-4051,25-4031,8884.482100000001,2
43-4051,27-2011,4272.0877,1
43-4051,27-3031,12883.3696,3
43-4051,27-3043,8745.0269,2
43-4051,29-1031,16272.662699999999,3
43-4051,29-1051,6666.9881,1
43-4051,29-1071,4974.9707,1
43-4051,29-1123,14916.0064,4
43-4051,29-1125,4838.0405,1
43-4051,29-1127,4215.3288,1
43-4051,29-1141,88593.0413,23
43-4051,29-1292,4575.8486,2
43-4051,29-2061,41095.5486,8
43-4051,31-1122,102556.0579,23
43-4051,31-9091,22881.725599999998,4
43-4051,31-9092,12971.856800000001,3
43-4051,31-9095,12295.7693,2
43-4051,33-1011,4360.0114,1
43-4051,33-1012,981.9459,1
43-4051,33-3051,11363.3638,2
43-4051,33-9021,8163.861999999999,2
43-4051,33-9093,5122.9825,1
43-4051,35-1011,28122.4941,5
43-4051,35-1012,28143.3046,6
43-4051,35-2021,68045.7766,23
43-4051,35-3011,15050.7849,7
43-4051,35-3031,212374.7305,56
43-4051,35-3041,28401.9246,6
43-4051,35-9011,18843.511899999998,4
43-4051,35-9021,11552.037499999999,2
43-4051,35-9031,34804.0066,7
43-4051,37-1011,10822.114,2
43-4051,37-1012,8516.0744,2
43-4051,37-2012,35944.0019,11
43-4051,37-2021,9857.2786,2
43-4051,39-2021,34677.432199999996,8
43-4051,39-3031,3111.528,1
43-4051,39-4031,7872.6546,2
43-4051,39-5011,6269.5085,2
43-4051,39-5012,13497.2943,5
43-4051,39-9011,44554.9198,11
43-4051,39-9041,5115.851,1
43-4051,41-1011,154835.1518,46
43-4051,41-1012,78752.6245,19
43-4051,41-2021,8969.8971,4
43-4051,41-2022,15463.5893,6
43-4051,41-2031,444397.7361,122
43-4051,41-3011,10656.5992,3
43-4051,41-3021,45320.7701,12
43-4051,41-3031,17518.7024,4
43-4051,41-3041,7637.5836,2
43-4051,41-3091,59494.9526,16
43-4051,41-9031,2610.2102,1
43-4051,41-9041,20078.4217,4
43-4051,41-9091,13971.676899999999,4
43-4051,41-9099,45480.0655,11
43-4051,43-1011,111987.8799,32
43-4051,43-2011,4983.549,2
43-4051,43-3011,22572.9976,7
43-4051,43-3021,41026.3037,12
43-4051,43-3031,79774.9083,25
43-4051,43-3051,39708.1442,9
43-4051,43-3061,4232.8391,1
43-4051,43-3071,27377.2002,14
43-4051,43-3099,42121.0224,9
43-4051,43-4031,3974.223,1
43-4051,43-4041,918.9843,1
43-4051,43-4061,5770.3861,1
43-4051,43-4071,5647.0798,2
43-4051,43-4081,12202.8864,3
43-4051,43-4111,79283.0639,23
43-4051,43-4121,1527.9737,1
43-4051,43-4131,9950.5123,3
43-4051,43-4151,41246.0098,10
43-4051,43-4161,6443.0,2
43-4051,43-4171,255986.6059,71
43-4051,43-4181,30434.0269,7
43-4051,43-4199,31397.8561,7
43-4051,43-5011,9921.4299,2
43-4051,43-5021,36037.1394,10
43-4051,43-5051,7427.5666,2
43-4051,43-5052,8711.1007,3
43-4051,43-5061,14713.068800000001,4
43-4051,43-5071,26122.0791,7
43-4051,43-9021,3889.1202000000003,2
43-4051,43-9041,105734.0128,29
43-4051,43-9051,7932.908,2
43-4051,43-9061,194616.7032,56
43-4051,43-9071,8808.9715,1
43-4051,43-9199,52243.2717,13
43-4051,47-1011,23747.1269,5
43-4051,47-2031,1196.0748,1
43-4051,47-2061,40185.4469,14
43-4051,47-2073,822.4335,1
43-4051,47-2111,14043.2537,4
43-4051,47-2121,468.9567,1
43-4051,47-2141,3938.3896,1
43-4051,47-2211,4563.521,1
43-4051,47-4011,10456.8166,2
43-4051,49-1011,8058.1685,2
43-4051,49-2011,5417.4711,1
43-4051,49-3023,16878.8349,5
43-4051,49-9021,8492.8863,2
43-4051,49-9051,5254.364299999999,2
43-4051,49-9052,11584.909800000001,3
43-4051,49-9071,21179.1806,6
43-4051,49-9091,4956.6215,1
43-4051,49-9094,1689.2878,1
43-4051,49-9098,4836.1104,1
43-4051,51-1011,28471.2994,8
43-4051,51-3011,20272.874799999998,5
43-4051,51-3092,5487.9943,1
43-4051,51-4031,4197.3072,1
43-4051,51-4041,2402.2204,1
43-4051,51-5112,5396.8089,1
43-4051,51-6011,26674.483500000002,6
43-4051,51-8021,948.7542,1
43-4051,51-8031,4349.0969,2
43-4051,51-9061,20081.036200000002,5
43-4051,51-9071,3490.5767,1
43-4051,51-9111,1580.2064,1
43-4051,53-3099,2875.928,1
43-4051,53-5011,6116.4671,1
43-4051,53-6021,7713.478700000001,2
43-4051,53-6031,11553.3072,2
43-4051,53-6061,2449.9995,1
43-4051,53-7051,281.547,1
43-4051,53-7061,27907.0797,8
43-4051,53-7062,115316.2756,32
43-4051,53-7064,60981.356700000004,14
43-4051,53-7065,154850.6642,40
43-4051,53-7081,5874.4253,1
43-4061,11-9141,10858.0078,2
43-4061,11-9151,2044.8016,1
43-4061,13-1023,726.1408,1
43-4061,13-1199,8550.8465,3
43-4061,13-2011,2827.8297,1
43-4061,19-2099,4922.0049,1
43-4061,21-1093,16363.6468,5
43-4061,23-2011,6061.8991,1
43-4061,29-1141,10060.6368,2
43-4061,39-5012,1582.5731,1
43-4061,39-9011,3975.3029,1
43-4061,41-9099,1068.8432,1
43-4061,43-1011,858.361,2
43-4061,43-4051,4821.7447,1
43-4061,43-4171,5886.1855,1
43-4061,43-9061,4033.6639999999998,2
43-4071,11-3031,999.5834,1
43-4071,11-9013,1327.0318,1
43-4071,11-9051,534.3996,1
43-4071,11-9111,3362.6242,1
43-4071,11-9141,1237.5183,1
43-4071,13-1023,1357.1417,1
43-4071,13-1041,1861.3431,1
43-4071,13-1199,1993.5205,1
43-4071,13-2011,5260.4069,3
43-4071,13-2053,2636.8043,1
43-4071,13-2081,1758.7627,2
43-4071,13-2099,1248.8948,1
43-4071,15-1253,9157.5549,3
43-4071,15-2031,4977.1396,1
43-4071,17-2051,1513.3869,1
43-4071,17-2199,7883.5369,1
43-4071,23-1011,6525.3326,1
43-4071,23-2011,18831.0632,4
43-4071,29-1051,4215.8817,1
43-4071,29-1141,7045.4428,2
43-4071,31-9092,10483.5363,3
43-4071,33-9021,723.8485,1
43-4071,35-3011,5621.2676,1
43-4071,35-3031,7990.0704,2
43-4071,37-2012,3553.9226,1
43-4071,41-1011,9091.1328,2
43-4071,41-1012,5774.775900000001,2
43-4071,41-3021,10374.446100000001,4
43-4071,41-3031,3750.0552,1
43-4071,41-3091,14684.5544,3
43-4071,43-1011,8497.715499999998,3
43-4071,43-3011,1515.6521,1
43-4071,43-3021,5256.1124,1
43-4071,43-3031,11572.319599999999,4
43-4071,43-3099,5126.5039,1
43-4071,43-4031,4774.8322,1
43-4071,43-4051,8060.6008999999995,4
43-4071,43-4171,7236.3904999999995,2
43-4071,43-4199,7511.4561,2
43-4071,43-5071,6339.7953,1
43-4071,43-9021,6805.909,3
43-4071,43-9041,8298.141800000001,2
43-4071,43-9051,931.9165,1
43-4071,43-9061,73823.7984,20
43-4071,43-9199,1514.7322,1
43-4071,47-2111,1380.6741,1
43-4071,47-2141,2971.849,1
43-4071,49-9052,5534.0557,1
43-4071,49-9071,4830.2213,1
43-4071,51-7011,4393.5615,1
43-4071,53-7051,5929.6935,1
43-4071,53-7065,5262.028600000001,3
43-4071,53-7081,3310.0518,1
43-4081,11-1021,4880.6279,1
43-4081,11-9021,2724.9579,1
43-4081,11-9081,19544.1858,5
43-4081,11-9141,6005.1508,1
43-4081,13-1111,1127.1145,1
43-4081,13-2011,5897.0115,1
43-4081,15-1253,10947.2968,2
43-4081,29-1141,1561.7804,1
43-4081,31-1122,5040.3551,2
43-4081,31-9011,6010.1633,1
43-4081,33-9021,3913.2597,1
43-4081,35-3031,9088.0536,2
43-4081,35-3041,7152.5463,2
43-4081,35-9031,2075.8932,1
43-4081,37-2012,20691.3291,6
43-4081,39-9011,3726.2433,1
43-4081,41-1011,8591.948499999999,2
43-4081,41-1012,6320.4577,1
43-4081,41-3011,2953.8186,1
43-4081,43-1011,2221.292,3
43-4081,43-2021,835.1743,1
43-4081,43-3031,4546.3027,3
43-4081,43-4051,13070.967400000001,4
43-4081,43-4171,23758.3096,7
43-4081,43-4181,2393.5428,1
43-4081,43-5021,5659.0033,1
43-4081,43-5071,1360.1978,1
43-4081,43-9061,6378.505300000001,2
43-4081,43-9199,4563.2032,2
43-4081,47-2061,5246.8115,1
43-4081,49-3023,6594.9324,2
43-4081,49-9021,2034.121,1
43-4081,49-9071,1411.4172,1
43-4081,51-3092,517.3914,1
43-4081,51-9061,9321.7906,1
43-4081,53-7062,7724.3725,1
43-4081,53-7065,6219.0325,2
43-4111,11-1011,373.3921,1
43-4111,11-3031,1394.933,1
43-4111,11-9111,14085.3733,3
43-4111,11-9141,3270.5494,2
43-4111,11-9151,4813.2111,1
43-4111,13-1023,762.699,1
43-4111,13-1081,1397.0596,1
43-4111,13-1141,461.4143,1
43-4111,13-1161,388.4467,1
43-4111,13-2011,11413.053399999999,3
43-4111,13-2051,11051.9094,2
43-4111,15-2031,5088.8293,1
43-4111,17-2051,4588.246,2
43-4111,17-3031,1193.4675,1
43-4111,21-2011,5091.3063,1
43-4111,23-2011,3706.7886,1
43-4111,29-1141,5911.493,3
43-4111,29-2061,16514.021699999998,3
43-4111,31-9092,15011.8086,4
43-4111,33-1011,5082.9686,1
43-4111,35-2021,3869.7468,1
43-4111,41-1012,5033.8843,1
43-4111,41-2031,4629.8392,1
43-4111,41-9041,4510.7191,1
43-4111,43-1011,5636.0362000000005,2
43-4111,43-3011,3802.5303,1
43-4111,43-3031,14281.6767,4
43-4111,43-4051,68604.5785,20
43-4111,43-4151,3334.5113,1
43-4111,43-4161,6332.041499999999,2
43-4111,43-4171,68771.0607,18
43-4111,43-4199,3592.1045,1
43-4111,43-5021,791.5501,1
43-4111,43-5053,4244.2272,1
43-4111,43-5061,4440.2168,1
43-4111,43-9022,380.9427,1
43-4111,43-9041,14455.2085,5
43-4111,43-9061,29386.9533,10
43-4111,43-9199,9993.1537,2
43-4111,47-2111,672.673,1
43-4111,49-9051,2048.5433,1
43-4111,51-2041,1872.7578,2
43-4111,51-9061,3031.2323,1
43-4111,51-9071,1383.7631,1
43-4111,51-9198,4494.1599,1
43-4121,11-1011,3278.0645,1
43-4121,11-3061,2254.9387,1
43-4121,13-1022,8433.6652,1
43-4121,13-1199,10330.732899999999,2
43-4121,13-2099,5560.0298,1
43-4121,15-1221,2671.8963,1
43-4121,23-2011,982.9027,1
43-4121,25-4022,41616.2154,13
43-4121,25-4031,7329.7894,4
43-4121,31-1122,2609.1689,1
43-4121,35-3011,1603.6726,1
43-4121,37-2012,5675.4537,1
43-4121,43-4051,2770.5115,1
43-4121,43-4151,492.1848,1
43-4121,43-4171,1662.4134,1
43-4121,43-9061,6929.6588,1
43-4131,11-1011,2981.3215,1
43-4131,11-3031,18975.0565,7
43-4131,11-9141,6689.3548,1
43-4131,13-1199,2293.5361,1
43-4131,13-2011,1261.9831,1
43-4131,15-1211,4252.2161,1
43-4131,15-1253,1834.5035,1
43-4131,17-2061,6811.7241,1
43-4131,19-4021,3303.6887,1
43-4131,21-2011,845.3443,1
43-4131,27-3042,960.6973,1
43-4131,39-5012,2263.6471,1
43-4131,39-9011,7576.1946,2
43-4131,41-1011,6145.1825,2
43-4131,41-1012,3595.6653,1
43-4131,41-3031,8587.564,2
43-4131,41-3091,4802.5971,2
43-4131,43-1011,4281.5611,1
43-4131,43-3031,6011.778600000001,2
43-4131,43-3061,5732.939,1
43-4131,43-3099,7964.898999999999,2
43-4131,43-4041,805.4702,1
43-4131,43-4051,11968.4663,2
43-4131,43-5111,2814.9208,1
43-4131,43-9061,9309.1628,2
43-4131,43-9199,13561.502400000001,4
43-4131,47-2111,7594.0635999999995,2
43-4131,49-3023,10313.3353,3
43-4131,51-6011,3751.1932,1
43-4131,51-9061,4991.4129,1
43-4131,53-6031,4930.9391,1
43-4131,53-7062,7134.1915,1
43-4131,53-7064,8633.4924,1
43-4131,53-7065,1793.6197,1
43-4141,11-3031,5005.9523,1
43-4141,13-1199,823.1448,1
43-4141,13-2011,3414.1487,1
43-4141,41-3031,4109.7411,2
43-4141,43-3071,6074.674,1
43-4141,43-4051,3804.3709,1
43-4141,47-2031,5364.2979,1
43-4141,53-7062,1978.4602,1
43-4151,11-3021,3785.1848,1
43-4151,11-9111,2438.717,1
43-4151,11-9141,2810.2266,1
43-4151,13-1022,9434.420399999999,2
43-4151,13-1023,9068.604,3
43-4151,13-1081,3542.8122,1
43-4151,13-1111,5998.3543,1
43-4151,13-1161,6052.4775,3
43-4151,13-1199,6602.9945,1
43-4151,21-2011,3483.0562,1
43-4151,27-3031,4568.0259,1
43-4151,29-1031,1349.1648,1
43-4151,29-1141,7560.3745,3
43-4151,29-2081,5094.1375,1
43-4151,35-2021,4538.6052,1
43-4151,35-3031,8661.2045,1
43-4151,35-3041,1280.2049,1
43-4151,35-9021,3240.7012,1
43-4151,39-2021,1867.0185,1
43-4151,39-5012,6058.2408,2
43-4151,41-1011,3020.6941,1
43-4151,41-1012,2263.1342,1
43-4151,41-2022,489.9702,1
43-4151,41-2031,48672.0918,14
43-4151,41-3021,315.0918,1
43-4151,41-9099,8321.344000000001,2
43-4151,43-3021,4509.9996,1
43-4151,43-3099,8588.65,2
43-4151,43-4051,27748.0444,5
43-4151,43-4071,361.8068,1
43-4151,43-5021,587.7132,1
43-4151,43-5071,14914.593499999999,4
43-4151,43-9051,4855.807,2
43-4151,43-9061,2289.6137,1
43-4151,43-9199,564.2727,1
43-4151,45-2041,4390.4544,1
43-4151,47-1011,3864.6791,1
43-4151,49-9021,6654.2168,1
43-4151,49-9052,8179.3259,2
43-4151,49-9071,3472.5483,1
43-4151,51-1011,5013.0257,1
43-4151,53-3011,5347.6765,1
43-4151,53-7062,9957.543699999998,4
43-4151,53-7064,5518.9829,2
43-4151,53-7065,39309.925,10
43-4161,11-1011,3011.8906,1
43-4161,11-3031,4373.0205,1
43-4161,11-3121,30566.9649,7
43-4161,11-9111,3935.8876,1
43-4161,13-1141,6963.071,2
43-4161,13-1161,4824.1143,1
43-4161,13-1199,4912.8627,1
43-4161,13-2011,6368.1772,2
43-4161,15-1211,5418.218,2
43-4161,15-1253,5076.7642,1
43-4161,17-2199,3353.5893,1
43-4161,21-1093,2903.5944,1
43-4161,27-3031,4939.8406,1
43-4161,29-1292,3351.1681,1
43-4161,37-2012,3669.748,1
43-4161,39-5012,809.8847,1
43-4161,41-2031,3876.5222,1
43-4161,41-3021,4110.2732,1
43-4161,43-3021,4654.8795,1
43-4161,43-3031,543.2965,1
43-4161,43-4051,7288.6276,2
43-4161,43-4171,752.8044,1
43-4161,43-9061,590.4001,1
43-4161,51-1011,8753.817599999998,3
43-4171,11-1011,4358.1467,1
43-4171,11-1021,6135.4207,1
43-4171,11-2011,529.2296,1
43-4171,11-3031,16433.716099999998,3
43-4171,11-3071,11418.3515,3
43-4171,11-3121,5216.3089,2
43-4171,11-9013,25245.1487,5
43-4171,11-9021,15397.5903,4
43-4171,11-9051,2999.1323,1
43-4171,11-9081,3376.0059,2
43-4171,11-9111,24017.2792,8
43-4171,11-9141,8589.785100000001,2
43-4171,11-9151,6109.4138,2
43-4171,13-1041,4342.1972,1
43-4171,13-1051,6040.4514,2
43-4171,13-1081,2337.4406,1
43-4171,13-1111,845.71,1
43-4171,13-1121,6774.9039,2
43-4171,13-1151,12997.079300000001,3
43-4171,13-1161,7283.731900000001,2
43-4171,13-1199,21036.794,8
43-4171,13-2011,18563.3904,5
43-4171,13-2052,9604.7236,3
43-4171,13-2082,7033.2158,2
43-4171,13-2099,1482.8234,1
43-4171,15-1211,11277.7598,3
43-4171,15-1242,2215.8796,1
43-4171,15-1253,19135.715,5
43-4171,15-1254,3041.5035,1
43-4171,17-2051,7120.1209,2
43-4171,17-2131,5879.8772,1
43-4171,19-2099,4407.7546,1
43-4171,21-1093,14989.9516,4
43-4171,21-2011,3373.8574,1
43-4171,21-2099,1835.8071,1
43-4171,23-1011,503.5326,1
43-4171,23-2011,21912.257400000002,5
43-4171,25-4022,1004.3971,1
43-4171,27-2012,4715.8438,1
43-4171,27-3031,5446.0053,1
43-4171,27-3041,6386.8455,1
43-4171,29-1071,1621.8785,1
43-4171,29-1123,2094.7297,1
43-4171,29-1125,555.1578,1
43-4171,29-1127,4696.4893,1
43-4171,29-1129,5603.936299999999,2
43-4171,29-1141,47516.7258,15
43-4171,29-1171,4855.8826,1
43-4171,29-2061,12691.675500000001,4
43-4171,31-1122,20764.4102,7
43-4171,31-9011,839.4217,1
43-4171,31-9091,14126.9751,3
43-4171,31-9092,55027.4262,15
43-4171,31-9094,11785.5619,1
43-4171,31-9096,11950.1605,5
43-4171,31-9097,934.8357,1
43-4171,33-9021,6708.7573,2
43-4171,35-1011,6335.939399999999,2
43-4171,35-1012,5087.3411,1
43-4171,35-2021,11337.268600000001,4
43-4171,35-3011,4314.806100000001,3
43-4171,35-3031,49867.6998,12
43-4171,35-3041,3933.6695,1
43-4171,35-9011,2841.0144,1
43-4171,35-9021,11822.6229,1
43-4171,35-9031,1199.5698,1
43-4171,37-1012,1849.3489,1
43-4171,37-2012,18752.6727,5
43-4171,39-2021,25674.6043,6
43-4171,39-3031,17857.1414,3
43-4171,39-4031,2240.8593,1
43-4171,39-5012,18337.4179,6
43-4171,39-9011,26977.6061,6
43-4171,41-1011,26711.7795,7
43-4171,41-1012,11293.0216,3
43-4171,41-2021,786.8299,1
43-4171,41-2031,80798.7591,18
43-4171,41-3011,5545.9061,3
43-4171,41-3021,11040.5355,3
43-4171,41-3031,2731.7512,1
43-4171,41-3091,9844.1905,3
43-4171,41-9041,6441.8008,1
43-4171,41-9099,4950.3432,3
43-4171,43-1011,53356.619,18
43-4171,43-2011,6233.0223,2
43-4171,43-2021,7443.937400000001,2
43-4171,43-3011,657.2342,1
43-4171,43-3021,34034.8124,10
43-4171,43-3031,39721.3728,11
43-4171,43-3071,5513.0088,2
43-4171,43-4031,4088.8208999999997,2
43-4171,43-4051,223061.8443,53
43-4171,43-4061,1079.6867,1
43-4171,43-4071,6108.2204,2
43-4171,43-4081,36236.9974,11
43-4171,43-4111,50561.8671,13
43-4171,43-4121,4250.6692,1
43-4171,43-4131,4264.5446,1
43-4171,43-4151,4697.1394,1
43-4171,43-4161,6057.5682,2
43-4171,43-4181,5083.852,1
43-4171,43-4199,9409.5354,4
43-4171,43-5021,20690.692199999998,4
43-4171,43-5051,989.7487,1
43-4171,43-5052,966.1199,1
43-4171,43-5061,50327.8285,14
43-4171,43-5071,11973.1063,3
43-4171,43-9021,2987.3599,1
43-4171,43-9022,6288.5773,1
43-4171,43-9041,21854.001,6
43-4171,43-9061,217547.4597,58
43-4171,43-9199,34035.5399,8
43-4171,47-2111,8130.4797,2
43-4171,49-1011,751.6486,1
43-4171,49-3011,3005.2263,1
43-4171,49-3023,2757.5244,1
43-4171,49-3031,5403.6269,1
43-4171,49-9021,5047.3202,1
43-4171,49-9071,8612.6837,3
43-4171,51-1011,488.4583,1
43-4171,51-3011,10788.331,2
43-4171,51-3099,1247.68,1
43-4171,51-4041,1996.7527,1
43-4171,51-4199,8073.0599999999995,2
43-4171,51-5111,690.6103,1
43-4171,51-6011,4610.2604,1
43-4171,51-8031,1824.5501,1
43-4171,51-9061,15082.6845,4
43-4171,51-9071,10204.3453,2
43-4171,51-9111,4701.7688,1
43-4171,51-9198,6030.7621,2
43-4171,53-2031,4784.9685,1
43-4171,53-3099,2263.2927,1
43-4171,53-7021,3714.5932,1
43-4171,53-7051,7286.6554,1
43-4171,53-7062,18972.8746,6
43-4171,53-7064,13614.7588,3
43-4171,53-7065,11557.8663,3
43-4181,11-1021,3464.4472,2
43-4181,11-9051,1292.9251,1
43-4181,13-1011,5871.4509,2
43-4181,13-1081,3585.0644,1
43-4181,13-1199,10449.441200000001,2
43-4181,15-1253,14822.0293,3
43-4181,29-1141,3930.0765,1
43-4181,31-1122,5140.2824,1
43-4181,31-9092,3611.7202,1
43-4181,31-9096,6257.6285,1
43-4181,35-1012,5141.5177,1
43-4181,35-2021,5033.2211,1
43-4181,35-3031,4855.6487,1
43-4181,37-2012,587.6655,1
43-4181,39-3031,4583.6838,1
43-4181,39-9041,2225.6442,1
43-4181,41-2021,694.1824,1
43-4181,41-2031,5930.1221,1
43-4181,41-3021,4384.5448,1
43-4181,41-3041,23909.5431,5
43-4181,41-3091,19205.0674,5
43-4181,41-9099,390.6986,1
43-4181,43-3011,2159.7499,1
43-4181,43-3031,6093.1392,1
43-4181,43-4051,27682.1774,9
43-4181,43-4081,5506.8485,1
43-4181,43-4171,2317.9663,1
43-4181,43-5021,4752.1241,1
43-4181,43-9061,9099.762200000001,3
43-4181,47-2061,2447.7,1
43-4181,49-9071,4828.9482,1
43-4181,51-5112,2497.3042,1
43-4181,53-3099,4822.3852,1
43-4181,53-7062,9280.0484,3
43-4181,53-7064,5583.8725,1
43-4199,11-1011,6733.6495,1
43-4199,11-3021,4688.5383,1
43-4199,11-9151,1987.6837,1
43-4199,13-1041,7730.6775,2
43-4199,13-1161,4349.7087,1
43-4199,13-1199,4370.5493,2
43-4199,15-1212,3827.5652,1
43-4199,15-1221,1868.9585,1
43-4199,15-1251,8499.1483,2
43-4199,17-2131,1432.4241,1
43-4199,17-2199,5109.4073,1
43-4199,29-2061,2520.0825,1
43-4199,31-1122,7707.6017,2
43-4199,33-9021,6397.1462,1
43-4199,35-3041,5691.0104,2
43-4199,39-5012,5424.6352,1
43-4199,41-1011,867.6423,1
43-4199,41-1012,16232.439,5
43-4199,41-2031,12778.8727,3
43-4199,41-3021,3847.9801,1
43-4199,41-9099,2350.7599,1
43-4199,43-1011,2160.2388,1
43-4199,43-2021,492.3496,1
43-4199,43-3021,10684.4047,2
43-4199,43-3099,2156.0016,1
43-4199,43-4051,10343.6438,2
43-4199,43-4071,10142.0321,3
43-4199,43-4111,21591.3067,5
43-4199,43-4131,5279.9393,1
43-4199,43-4141,3756.6398,1
43-4199,43-4171,26953.2758,4
43-4199,43-5021,9337.4641,1
43-4199,43-5071,1946.1603,1
43-4199,43-9021,1982.2964,1
43-4199,43-9041,2599.7079,1
43-4199,43-9061,25069.2779,7
43-4199,43-9199,15493.1521,4
43-4199,47-2061,4167.435,1
43-4199,49-2011,6062.5515,1
43-4199,49-3011,608.3504,1
43-4199,49-9094,5320.2915,1
43-4199,53-7062,3720.5706,1
43-4199,53-7065,4694.8161,1
43-5011,11-9141,2190.5883,1
43-5011,13-1081,2421.9679,1
43-5011,15-1211,2784.9009,1
43-5011,29-1051,585.3841,1
43-5011,29-1141,3176.1215,1
43-5011,35-3031,5063.2255,1
43-5011,43-1011,5872.3949,1
43-5011,43-3031,5503.5711,1
43-5011,43-4051,6323.7504,1
43-5011,43-4181,6139.0538,2
43-5011,43-5071,10181.4543,2
43-5011,53-7062,22109.2348,7
43-5021,11-1021,22742.480499999998,5
43-5021,11-3031,5780.1139,1
43-5021,11-3051,4305.7478,1
43-5021,11-3071,11236.46,3
43-5021,11-9013,6271.2011,3
43-5021,11-9021,9337.1067,2
43-5021,11-9051,10832.3769,4
43-5021,11-9081,5363.8426,1
43-5021,11-9141,8160.1157,2
43-5021,13-1022,7616.1365000000005,2
43-5021,13-1023,4351.0943,1
43-5021,13-1041,1532.2551,1
43-5021,13-1081,1748.9419,1
43-5021,13-1161,15353.8591,3
43-5021,13-1199,10145.482399999999,3
43-5021,13-2011,17968.178200000002,3
43-5021,13-2031,4073.7225,1
43-5021,13-2053,4650.6788,1
43-5021,13-2082,838.9621,1
43-5021,13-2099,636.8586,1
43-5021,15-1211,4791.3497,1
43-5021,15-1253,8614.4419,3
43-5021,17-2011,4513.1167,1
43-5021,17-2199,8374.8554,2
43-5021,21-1093,657.2342,1
43-5021,25-4022,2140.8561,1
43-5021,27-2012,873.8302,1
43-5021,27-3043,477.8654,1
43-5021,27-4021,12775.8753,2
43-5021,29-1141,19020.504399999998,4
43-5021,29-2061,9363.343499999999,2
43-5021,31-1122,21159.8649,7
43-5021,31-9011,5100.5059,1
43-5021,31-9091,8520.019699999999,2
43-5021,31-9092,4365.7,1
43-5021,31-9095,6659.8467,1
43-5021,31-9096,2187.1267,1
43-5021,33-1021,4701.2232,1
43-5021,33-2011,1772.3863,1
43-5021,33-3051,1257.6846,1
43-5021,35-1011,5856.332,2
43-5021,35-1012,11424.2543,3
43-5021,35-2021,21001.577100000002,6
43-5021,35-3011,8197.0585,2
43-5021,35-3031,59164.3926,16
43-5021,35-3041,9324.5479,1
43-5021,35-9011,8932.0271,2
43-5021,37-1011,4084.6716,1
43-5021,37-1012,3292.2143,1
43-5021,37-2012,29504.644,9
43-5021,37-2021,4555.8751,1
43-5021,39-9011,30841.8908,7
43-5021,41-1011,35744.7821,14
43-5021,41-1012,3666.0482,2
43-5021,41-2022,5046.0598,1
43-5021,41-2031,26698.7079,8
43-5021,41-3011,3791.6165,1
43-5021,41-3021,1244.3639,1
43-5021,41-3031,4301.7536,1
43-5021,41-3091,12355.0538,3
43-5021,41-9041,3656.19,1
43-5021,41-9091,2339.6779,1
43-5021,41-9099,25899.0592,5
43-5021,43-1011,16650.2696,3
43-5021,43-3011,762.6808,1
43-5021,43-3021,6814.7886,2
43-5021,43-3031,5325.2251,2
43-5021,43-3071,5891.3213,2
43-5021,43-4051,35061.833099999996,9
43-5021,43-4081,4580.5638,1
43-5021,43-4151,4446.0759,1
43-5021,43-4171,12669.7416,4
43-5021,43-4181,12685.995900000002,2
43-5021,43-4199,5506.2855,1
43-5021,43-5011,601.5128,1
43-5021,43-5051,7620.2119,2
43-5021,43-5052,23491.1627,6
43-5021,43-5053,4544.9417,2
43-5021,43-5061,370.4186,1
43-5021,43-5071,20838.572500000002,6
43-5021,43-9021,4599.8621,1
43-5021,43-9041,5669.3587,1
43-5021,43-9051,6564.8243,2
43-5021,43-9061,32010.2803,9
43-5021,43-9199,11934.7181,2
43-5021,47-2031,12154.823199999999,3
43-5021,47-2061,47480.5499,13
43-5021,47-2111,3306.836,1
43-5021,47-2141,13390.2281,2
43-5021,47-2181,5001.3377,1
43-5021,49-1011,2919.2608,1
43-5021,49-2011,496.0099,1
43-5021,49-2098,4556.9297,1
43-5021,49-3023,4739.5551,2
43-5021,49-3031,4833.6605,1
43-5021,49-9021,12119.732899999999,3
43-5021,49-9051,4068.5791,1
43-5021,49-9052,401.3191,1
43-5021,49-9071,19266.997199999998,6
43-5021,49-9091,2267.6351,1
43-5021,51-1011,11136.5634,3
43-5021,51-3011,5194.1922,1
43-5021,51-3099,10131.4732,1
43-5021,51-4031,7096.8346,1
43-5021,51-4041,4805.3648,1
43-5021,51-4199,6335.9547,2
43-5021,51-8021,4503.0471,1
43-5021,51-9041,3820.3576,1
43-5021,51-9061,771.2896,1
43-5021,51-9191,895.9834,1
43-5021,53-2031,325.9044,1
43-5021,53-3099,21139.119899999998,6
43-5021,53-6061,3874.1602,1
43-5021,53-7051,10954.697100000001,3
43-5021,53-7061,12912.421999999999,3
43-5021,53-7062,94397.0338,25
43-5021,53-7064,39668.2555,10
43-5021,53-7065,68389.9013,14
43-5021,53-7199,4992.841,1
43-5041,11-9013,2043.9352,1
43-5041,43-4051,4552.9167,2
43-5041,47-2111,2887.5134,2
43-5041,47-2181,6523.8391,1
43-5051,13-1199,4317.2865,1
43-5051,13-2053,4648.2232,1
43-5051,15-1253,5503.6119,2
43-5051,31-1122,8304.9079,1
43-5051,33-3021,4499.4038,1
43-5051,33-3051,3664.6178,1
43-5051,35-1011,1780.9091,1
43-5051,35-3031,4682.6726,1
43-5051,41-1011,3890.6345,1
43-5051,41-3091,6744.8072,1
43-5051,43-1011,3332.0423,1
43-5051,43-3071,1353.963,2
43-5051,43-4051,2080.3211,1
43-5051,43-4171,8357.8062,1
43-5051,43-5052,12046.442299999999,5
43-5051,43-5053,20523.2656,8
43-5051,43-9061,3933.8095,1
43-5051,47-2061,4977.2545,1
43-5051,47-2073,502.1324,1
43-5051,49-1011,5053.7775,1
43-5051,49-9071,8802.2516,2
43-5051,51-9198,3946.0417,1
43-5051,53-7061,2484.9439,1
43-5051,53-7062,6159.0798,1
43-5051,53-7065,3627.0902,1
43-5052,11-3021,2922.9188,1
43-5052,11-3051,1917.2665,1
43-5052,11-9013,2984.9626,1
43-5052,11-9021,6024.7947,1
43-5052,11-9111,399.1015,1
43-5052,13-2081,4637.4467,1
43-5052,29-2061,15068.3243,3
43-5052,31-1122,10855.6981,1
43-5052,33-9011,912.0217,1
43-5052,35-1011,1038.2045,1
43-5052,35-1012,3631.2186,1
43-5052,37-1011,4972.805,1
43-5052,37-2012,1034.1195,1
43-5052,39-2021,971.3531,1
43-5052,41-1011,450.0518,1
43-5052,41-1012,6157.1737,1
43-5052,41-2031,5316.48,1
43-5052,43-1011,4436.139,1
43-5052,43-3071,4149.4737,1
43-5052,43-4051,6748.035599999999,2
43-5052,43-5021,34963.9213,8
43-5052,43-5051,13734.8397,4
43-5052,43-5053,9485.571899999999,3
43-5052,43-9041,4568.4904,1
43-5052,43-9051,1732.0056,1
43-5052,43-9061,4226.4046,1
43-5052,43-9199,3494.891,1
43-5052,47-2111,3484.7761,1
43-5052,49-9071,3961.9977,1
43-5052,49-9091,4863.7622,1
43-5052,51-6031,5353.1278,1
43-5052,51-9061,8848.756800000001,2
43-5052,53-7062,10006.309799999999,2
43-5053,41-2031,7008.3369,1
43-5053,41-9041,5672.9281,1
43-5053,43-3031,5972.8373,1
43-5053,43-4051,1784.095,1
43-5053,43-4171,1131.8837,1
43-5053,43-5051,42738.8186,9
43-5053,43-5052,5547.996300000001,2
43-5053,43-5071,4699.2835000000005,2
43-5053,43-9021,2932.078,1
43-5053,43-9051,3987.4636,1
43-5053,51-1011,8723.2085,1
43-5061,11-1011,3942.1857,1
43-5061,11-1021,1037.4146,1
43-5061,11-2011,4627.906,1
43-5061,11-3031,4476.2915,1
43-5061,11-3051,5045.329,1
43-5061,11-3061,6457.826800000001,3
43-5061,11-3121,4191.0329,1
43-5061,11-9051,5953.7482,2
43-5061,11-9141,1983.4564,1
43-5061,11-9161,502.2894,1
43-5061,13-1022,9179.974,2
43-5061,13-1023,9268.5496,3
43-5061,13-1081,14784.926300000001,4
43-5061,13-1111,3630.9526,1
43-5061,13-1121,786.0954,1
43-5061,13-1161,5185.4152,1
43-5061,13-1199,4772.1766,1
43-5061,13-2011,12793.841,2
43-5061,13-2031,2439.0709,1
43-5061,13-2051,1478.5031,1
43-5061,13-2052,3164.8311,1
43-5061,15-1211,3678.3699,1
43-5061,15-1253,9821.3748,3
43-5061,17-2011,4474.1844,1
43-5061,17-2051,9203.6194,3
43-5061,17-2141,2558.993,1
43-5061,19-2099,4117.2802,1
43-5061,19-3051,7765.0287,2
43-5061,27-2012,5524.2854,1
43-5061,29-1141,3446.1565,1
43-5061,31-9092,4203.0159,1
43-5061,35-2021,747.2138,1
43-5061,37-1011,763.8427,1
43-5061,39-2021,3859.7753,1
43-5061,41-1011,8417.5,2
43-5061,41-1012,3396.7759,1
43-5061,41-2022,3991.0429,1
43-5061,41-2031,5518.8813,1
43-5061,41-3031,1291.759,1
43-5061,41-3041,2825.0679,1
43-5061,41-9099,3460.1988,1
43-5061,43-1011,8829.1472,2
43-5061,43-3099,8964.3809,2
43-5061,43-4051,3690.6145,2
43-5061,43-4071,614.1304,1
43-5061,43-4171,26759.1088,10
43-5061,43-4181,4631.9479,1
43-5061,43-5021,6396.8580999999995,2
43-5061,43-5051,1924.6821,1
43-5061,43-5071,11678.469500000001,3
43-5061,43-9021,1112.0401,1
43-5061,43-9061,13623.0111,5
43-5061,43-9071,913.7467,1
43-5061,43-9199,8058.0871,3
43-5061,47-2061,1678.8042,1
43-5061,47-4051,529.0495,1
43-5061,49-1011,7542.7205,3
43-5061,49-3023,558.7336,1
43-5061,49-9071,4707.8151,2
43-5061,51-1011,15304.9416,4
43-5061,51-4041,740.4342,1
43-5061,51-4111,1802.1917,1
43-5061,51-5112,538.3059,1
43-5061,51-7042,3844.9028,1
43-5061,51-9061,1952.0086,1
43-5061,51-9198,3781.4374,1
43-5061,53-6031,379.8562,1
43-5061,53-7062,10966.921,6
43-5061,53-7065,8885.0644,2
43-5061,53-7199,5194.5845,1
43-5071,11-1011,4464.1702,1
43-5071,11-1021,1684.4174,1
43-5071,11-3021,4848.8914,1
43-5071,11-3031,2853.5859,1
43-5071,11-3051,3574.3921,1
43-5071,11-3071,22740.9324,5
43-5071,11-9013,1431.4005,1
43-5071,11-9051,1713.5508,1
43-5071,11-9111,9178.4215,2
43-5071,13-1022,14008.3008,3
43-5071,13-1023,3683.1359,1
43-5071,13-1081,31461.2029,8
43-5071,13-1111,6723.0298,2
43-5071,13-1199,16638.747499999998,3
43-5071,13-2052,10779.657500000001,2
43-5071,13-2099,5250.6476,1
43-5071,15-1251,5073.9839,1
43-5071,15-1253,6168.9781,1
43-5071,29-1141,2539.9763,2
43-5071,29-1171,5559.8698,1
43-5071,31-1122,9197.7084,4
43-5071,31-9091,3127.1455,1
43-5071,31-9092,4842.9656,1
43-5071,33-3051,4046.5026,1
43-5071,33-9021,5937.7659,1
43-5071,35-1012,5504.8925,1
43-5071,35-2021,11891.139500000001,3
43-5071,35-3031,5705.3827,3
43-5071,35-9021,3717.3782,1
43-5071,37-1012,2769.0891,1
43-5071,37-2012,14295.9311,3
43-5071,37-2021,4056.1068,1
43-5071,39-2021,5489.3493,1
43-5071,41-1011,21450.4171,6
43-5071,41-1012,6619.8394,2
43-5071,41-2022,3508.9137,1
43-5071,41-2031,51079.312,15
43-5071,41-3021,8763.1348,2
43-5071,41-3031,1522.5513,1
43-5071,41-3091,8456.3409,2
43-5071,43-1011,30927.0058,9
43-5071,43-3021,9995.427899999999,2
43-5071,43-3031,23558.845999999998,5
43-5071,43-3061,1250.4816,1
43-5071,43-3071,3256.5393,1
43-5071,43-4031,3394.8464,1
43-5071,43-4051,66321.7991,18
43-5071,43-4081,1488.5544,1
43-5071,43-4151,8913.969299999999,3
43-5071,43-4171,7609.7469,2
43-5071,43-5011,7791.8741,2
43-5071,43-5021,30259.8579,6
43-5071,43-5061,2444.451,1
43-5071,43-5111,5893.1483,1
43-5071,43-9021,2901.011,1
43-5071,43-9041,6515.3791,1
43-5071,43-9051,7212.9628,2
43-5071,43-9061,22594.922300000002,5
43-5071,43-9199,5031.8155,1
43-5071,45-2041,554.8481,1
43-5071,47-1011,4280.7807,1
43-5071,47-2061,28620.6961,5
43-5071,47-2111,2721.1007,1
43-5071,47-2141,11725.725,3
43-5071,47-2181,9273.503,2
43-5071,47-4031,463.989,1
43-5071,49-3011,4845.2871,1
43-5071,49-3023,7456.5943,1
43-5071,49-9021,6506.0251,3
43-5071,49-9071,6756.9159,2
43-5071,51-1011,16220.6328,5
43-5071,51-3011,3110.4555,2
43-5071,51-4199,9013.3694,2
43-5071,51-5112,1485.1832,2
43-5071,51-6031,5048.0114,1
43-5071,51-6041,2153.7151,1
43-5071,51-8031,4860.1293,1
43-5071,51-9061,13251.6102,4
43-5071,51-9111,15738.3827,4
43-5071,51-9196,1873.3342,1
43-5071,51-9198,4535.0759,1
43-5071,53-3099,3165.2174,1
43-5071,53-5011,1376.8455,1
43-5071,53-7051,50728.3446,14
43-5071,53-7061,3863.8266,1
43-5071,53-7062,288771.6059,80
43-5071,53-7064,80207.4143,22
43-5071,53-7065,116480.40729999999,34
43-5071,53-7081,4496.977,1
43-5071,53-7199,3856.6206,1
43-5111,11-3071,4427.7995,1
43-5111,13-1161,4501.0721,1
43-5111,13-1199,2706.044,1
43-5111,13-2011,2296.3515,1
43-5111,19-4031,3259.7388,1
43-5111,31-9011,3968.3739,1
43-5111,31-9092,3470.8366,1
43-5111,35-3011,1295.4924,1
43-5111,35-3031,4364.6946,1
43-5111,39-2021,836.8101,1
43-5111,39-3031,5981.7296,1
43-5111,39-9011,2012.6816,1
43-5111,41-1011,4038.1582,1
43-5111,41-9099,1609.7806,1
43-5111,43-1011,4352.913,1
43-5111,43-3031,3022.6922,1
43-5111,43-4071,408.6186,1
43-5111,43-9061,3330.8264,1
43-5111,47-1011,2377.6476,1
43-5111,47-2031,10881.6544,2
43-5111,47-2181,6907.3026,1
43-5111,51-1011,3177.8242,1
43-5111,51-3099,549.2852,1
43-5111,51-5112,2411.6107,2
43-5111,51-6031,3623.1538,1
43-5111,51-8031,5780.0866,1
43-5111,51-9061,28955.8326,9
43-5111,53-6051,3772.6279,1
43-5111,53-7021,1609.9192,1
43-5111,53-7062,7445.8063,3
43-5111,53-7065,5867.4046,1
43-9021,11-1011,1271.6822,1
43-9021,11-1021,451.2877,1
43-9021,11-3021,4153.1664,1
43-9021,11-9151,4772.7689,1
43-9021,13-1041,4269.7658,1
43-9021,13-1111,7016.943399999999,3
43-9021,13-1161,5193.8587,1
43-9021,13-1199,7192.5544,2
43-9021,13-2011,4445.9741,1
43-9021,13-2052,4798.3731,1
43-9021,13-2099,817.7437,1
43-9021,15-1211,10949.763500000001,4
43-9021,15-1212,7669.6712,1
43-9021,15-1221,735.4032,1
43-9021,15-1242,10884.7434,3
43-9021,15-1253,21306.8812,7
43-9021,17-2061,581.3372,1
43-9021,21-1092,2284.9956,1
43-9021,29-2061,2000.9003,1
43-9021,31-1122,4750.0385,1
43-9021,31-9092,6015.134,1
43-9021,33-9021,3646.4849,1
43-9021,35-9031,3737.4911,1
43-9021,39-2011,5299.0788,1
43-9021,41-1011,4502.8154,1
43-9021,41-1012,10473.536,2
43-9021,41-2031,9344.916000000001,2
43-9021,41-3021,4250.4872,1
43-9021,41-3031,606.2579,1
43-9021,41-3091,2663.6752,1
43-9021,43-1011,628.3205,1
43-9021,43-3021,13684.6131,5
43-9021,43-3031,13708.5997,4
43-9021,43-3099,5301.7109,1
43-9021,43-4031,962.1522,1
43-9021,43-4041,2048.0903,1
43-9021,43-4051,29681.7949,7
43-9021,43-4071,13234.5199,4
43-9021,43-4151,4540.2997,1
43-9021,43-4171,9346.1748,3
43-9021,43-4181,4423.08,1
43-9021,43-5061,7019.9143,1
43-9021,43-9022,16124.4829,2
43-9021,43-9041,9413.1519,3
43-9021,43-9061,41161.0564,15
43-9021,43-9111,1673.3247,1
43-9021,43-9199,5333.853,2
43-9021,47-1011,4824.0301,1
43-9021,47-2031,1722.6637,1
43-9021,47-2181,4905.8466,1
43-9021,49-9052,7499.3,2
43-9021,49-9071,5424.4166,1
43-9021,51-1011,8299.6929,2
43-9021,51-5112,1255.2293,1
43-9021,51-9061,7970.8855,2
43-9021,53-7062,8483.196899999999,3
43-9021,53-7064,4495.6984,1
43-9021,53-7065,10908.0186,3
43-9022,11-3031,2924.9553,1
43-9022,11-9111,6678.9707,2
43-9022,13-1041,361.9671,1
43-9022,13-1111,6529.0972,2
43-9022,13-1199,1815.939,1
43-9022,13-2051,4139.5512,1
43-9022,13-2052,4815.9553,1
43-9022,17-2051,1908.3391,1
43-9022,31-9094,8611.0167,4
43-9022,39-5012,4417.0152,1
43-9022,41-1012,3867.5588,1
43-9022,41-3021,1784.095,1
43-9022,43-4051,9007.4085,3
43-9022,43-4071,5715.085599999999,2
43-9022,43-4171,5769.86,1
43-9022,43-5021,4012.7466,1
43-9022,43-9021,1961.6962,1
43-9022,43-9061,31078.4865,6
43-9022,43-9199,9672.6018,2
43-9022,47-1011,494.0785,1
43-9022,47-2061,3003.7475,1
43-9022,53-7062,2884.9835,1
43-9041,11-1011,781.1378,1
43-9041,11-3031,5614.4324,2
43-9041,11-9111,6078.444100000001,2
43-9041,13-1141,932.594,1
43-9041,13-1199,8245.6793,3
43-9041,13-2011,10976.6711,2
43-9041,13-2051,6697.3714,2
43-9041,13-2053,10140.912100000001,2
43-9041,13-2099,4243.2383,1
43-9041,15-1251,3349.4658,1
43-9041,15-1253,5380.1047,1
43-9041,21-2021,8763.6415,2
43-9041,27-3031,481.4956,1
43-9041,29-1123,7690.4876,1
43-9041,29-1129,4860.2849,1
43-9041,29-1141,15822.7547,4
43-9041,31-1122,617.3826,1
43-9041,31-9091,2483.6744,1
43-9041,31-9092,8577.7518,2
43-9041,35-2021,3592.6709,1
43-9041,35-3031,19547.971899999997,4
43-9041,35-9021,1689.9899,1
43-9041,37-2012,1514.4387,1
43-9041,41-1011,4001.8626,1
43-9041,41-1012,22242.951,5
43-9041,41-2031,6357.3141000000005,3
43-9041,41-3021,64753.513,19
43-9041,41-9041,3756.4188,1
43-9041,43-1011,25361.5833,8
43-9041,43-3011,18051.163200000003,3
43-9041,43-3021,32446.992299999998,11
43-9041,43-3031,4105.964,1
43-9041,43-3071,4155.9263,1
43-9041,43-4051,79668.0689,24
43-9041,43-4061,4835.4792,2
43-9041,43-4071,19460.5102,4
43-9041,43-4171,19013.158,5
43-9041,43-5071,7108.826,1
43-9041,43-9061,22872.4465,6
43-9041,43-9199,31892.3211,10
43-9041,47-1011,4482.7544,1
43-9041,47-2111,5101.6158,1
43-9041,47-2141,3910.046,1
43-9041,51-1011,1352.6381,1
43-9041,51-9061,2031.4491,1
43-9041,53-7065,8918.2562,2
43-9051,15-1251,4681.4618,1
43-9051,31-1122,11051.4996,1
43-9051,35-3011,2839.8124,2
43-9051,35-3031,2172.3969,1
43-9051,35-9021,5976.9967,1
43-9051,39-9011,3194.4005,1
43-9051,41-1012,4135.7808,1
43-9051,41-2031,3658.6935000000003,3
43-9051,43-4051,8339.8634,2
43-9051,43-4151,2275.9622,1
43-9051,43-5021,5411.3032,1
43-9051,43-5051,6986.8925,2
43-9051,43-5052,4627.245,1
43-9051,43-5053,10512.2308,4
43-9051,43-5071,773.0554,1
43-9051,43-9061,17257.4038,7
43-9051,47-2061,3144.1981,1
43-9051,47-2111,3641.4098,1
43-9051,51-4031,6376.1936,1
43-9051,53-7062,2875.9457,1
43-9051,53-7064,6053.8033,2
43-9051,53-7065,7364.977,1
43-9061,11-1011,24082.0356,5
43-9061,11-1021,14303.0032,4
43-9061,11-2011,9330.658500000001,2
43-9061,11-3021,3940.043,1
43-9061,11-3031,49011.514299999995,12
43-9061,11-3061,11275.3249,2
43-9061,11-3071,5096.1341,2
43-9061,11-3111,3685.1344,1
43-9061,11-3121,5343.9319,2
43-9061,11-9013,12792.2102,4
43-9061,11-9021,9378.4388,3
43-9061,11-9051,7333.3917,2
43-9061,11-9111,26713.8734,11
43-9061,11-9121,3398.3326,1
43-9061,11-9141,15077.615,5
43-9061,11-9151,9681.1214,5
43-9061,11-9161,5467.9578,1
43-9061,13-1022,10698.4658,3
43-9061,13-1023,11990.2651,8
43-9061,13-1041,15483.9483,4
43-9061,13-1051,9773.907599999999,4
43-9061,13-1111,10218.0513,4
43-9061,13-1131,4381.4207,1
43-9061,13-1151,8764.8538,2
43-9061,13-1161,13352.1486,3
43-9061,13-1199,52831.0314,17
43-9061,13-2011,52915.4541,15
43-9061,13-2052,11120.0481,3
43-9061,13-2081,4259.0437,2
43-9061,13-2082,1147.7834,1
43-9061,13-2099,3792.8064,1
43-9061,15-1211,8418.7899,2
43-9061,15-1212,10223.499800000001,3
43-9061,15-1242,4365.493,1
43-9061,15-1251,6020.5496,1
43-9061,15-1253,69409.227,20
43-9061,15-1254,1302.3879,1
43-9061,15-2031,9006.5856,2
43-9061,17-2141,10425.4083,2
43-9061,17-2199,15945.128799999999,5
43-9061,17-3031,485.6147,1
43-9061,19-2099,14583.4319,3
43-9061,21-1093,19175.318,7
43-9061,21-2011,1432.8826,1
43-9061,21-2099,3979.8295,1
43-9061,23-1011,7146.5124,4
43-9061,23-2011,7903.0806,3
43-9061,25-4022,5835.4365,2
43-9061,27-3031,2427.7109,2
43-9061,27-3043,7478.1089,2
43-9061,27-4021,5308.8858,1
43-9061,29-1041,5470.3564,1
43-9061,29-1051,7647.613,2
43-9061,29-1071,4904.4614,1
43-9061,29-1123,5612.7023,1
43-9061,29-1127,3789.7591,1
43-9061,29-1129,6004.5954,1
43-9061,29-1141,53077.084500000004,19
43-9061,29-2061,13387.2639,3
43-9061,29-2081,781.3534,1
43-9061,31-1122,62817.939099999996,15
43-9061,31-9091,41822.7638,9
43-9061,31-9092,49850.1515,13
43-9061,31-9094,11849.2263,3
43-9061,31-9097,4044.8764,1
43-9061,33-3021,1578.9768,2
43-9061,33-3051,7775.4761,2
43-9061,33-9021,7147.269899999999,2
43-9061,33-9091,5711.9904,1
43-9061,33-9093,5401.9537,1
43-9061,35-1012,3808.4847,3
43-9061,35-2021,10174.8396,3
43-9061,35-3031,50195.9338,13
43-9061,35-3041,945.9098,1
43-9061,35-9011,16658.512,4
43-9061,35-9021,930.0093,1
43-9061,35-9031,4894.765,1
43-9061,37-2012,21179.875200000002,6
43-9061,39-2021,10689.494299999998,4
43-9061,39-5012,20808.3361,5
43-9061,39-9011,17680.4384,6
43-9061,39-9041,14612.8981,3
43-9061,41-1011,44905.619999999995,11
43-9061,41-1012,47504.3749,12
43-9061,41-2021,12745.879400000002,3
43-9061,41-2022,887.2777,1
43-9061,41-2031,57335.7345,18
43-9061,41-3021,23834.9957,5
43-9061,41-3031,2042.2044,2
43-9061,41-3091,7098.0056,3
43-9061,41-9041,3690.429,1
43-9061,41-9099,7312.6551,2
43-9061,43-1011,98312.8128,32
43-9061,43-3011,2865.4113,1
43-9061,43-3021,45834.1678,13
43-9061,43-3031,165658.4651,55
43-9061,43-3051,4072.7702,3
43-9061,43-3071,5042.1419,1
43-9061,43-3099,19162.5868,5
43-9061,43-4031,13111.162,4
43-9061,43-4051,174650.7689,42
43-9061,43-4061,13601.2208,3
43-9061,43-4071,63374.9796,19
43-9061,43-4081,827.8725,1
43-9061,43-4111,27555.31,8
43-9061,43-4121,4446.583600000001,3
43-9061,43-4131,8585.752400000001,2
43-9061,43-4141,4231.2889,1
43-9061,43-4151,1058.1049,1
43-9061,43-4161,5900.46,1
43-9061,43-4171,254244.83239999998,73
43-9061,43-4181,9439.529900000001,2
43-9061,43-4199,15592.1703,4
43-9061,43-5011,4091.821,1
43-9061,43-5021,9021.3256,3
43-9061,43-5051,9556.5037,2
43-9061,43-5052,1102.4918,1
43-9061,43-5053,965.858,1
43-9061,43-5061,4263.742,2
43-9061,43-5071,22151.920299999998,6
43-9061,43-9021,22501.841099999998,6
43-9061,43-9022,9528.1538,3
43-9061,43-9041,8540.477,3
43-9061,43-9071,5926.7437,2
43-9061,43-9081,3784.0298,3
43-9061,43-9199,72603.4664,19
43-9061,47-1011,7810.4991,2
43-9061,47-2061,24663.8632,7
43-9061,47-2111,1530.4796,1
43-9061,47-4011,7604.5543,2
43-9061,47-4031,4409.9041,1
43-9061,47-4051,2269.3463,1
43-9061,49-3011,3394.1173,2
43-9061,49-3022,1854.4589,1
43-9061,49-3023,8020.4468,2
43-9061,49-9021,1782.8508,1
43-9061,49-9071,4183.1061,1
43-9061,51-1011,15125.456300000002,4
43-9061,51-3011,4875.1631,1
43-9061,51-3093,3231.0236,1
43-9061,51-3099,468.5486,1
43-9061,51-4041,5442.4985,1
43-9061,51-6011,3612.506,1
43-9061,51-6031,3142.5319,1
43-9061,51-7099,7366.9792,1
43-9061,51-8021,2359.6867,1
43-9061,51-9061,16935.8347,6
43-9061,53-6021,5593.1673,2
43-9061,53-7061,17377.2779,3
43-9061,53-7062,52688.643299999996,19
43-9061,53-7064,10586.1583,4
43-9061,53-7065,39485.4948,11
43-9061,53-7081,2494.0891,1
43-9071,11-3031,817.5076,1
43-9071,15-1253,1370.6219,1
43-9071,35-1012,4467.7775,1
43-9071,35-3031,4758.3262,1
43-9071,41-2031,3999.499,1
43-9071,43-3021,385.648,1
43-9071,43-4051,19682.9191,4
43-9071,43-5021,3690.983,1
43-9071,43-5071,5026.1458999999995,2
43-9071,43-9061,3503.584,1
43-9071,43-9199,8265.8668,1
43-9071,47-2111,1193.4282,1
43-9071,51-5112,19137.3926,3
43-9071,51-9041,5647.7088,1
43-9071,51-9111,3969.0912,1
43-9071,53-7062,10869.2805,2
43-9081,11-3131,4369.1693,1
43-9081,13-1023,3687.1175999999996,2
43-9081,27-3041,8075.0752999999995,2
43-9081,29-1051,5335.3076,1
43-9081,29-1141,3695.1521,1
43-9081,35-1011,6158.5848,1
43-9081,43-9199,4049.1441,1
43-9081,51-3011,5458.5061,1
43-9081,51-5112,4100.4384,1
43-9081,51-9061,4802.9575,1
43-9111,13-1111,9051.712,2
43-9111,15-1212,4458.7686,1
43-9111,15-1244,1600.0375,1
43-9111,15-1251,1762.8217,1
43-9111,15-2011,3425.9102,1
43-9111,17-2199,5825.4599,1
43-9111,27-3041,4415.3545,1
43-9111,29-1141,950.204,1
43-9111,41-3021,4630.2982,1
43-9111,43-4121,3485.533,1
43-9111,47-2061,977.4341,1
43-9111,51-9061,376.63,1
43-9199,11-1011,3318.5584,1
43-9199,11-1021,12227.2449,6
43-9199,11-3021,380.7671,1
43-9199,11-3031,22796.8923,4
43-9199,11-3071,11409.8587,3
43-9199,11-3111,2685.0528,1
43-9199,11-3121,4413.4746000000005,2
43-9199,11-3131,7750.9815,2
43-9199,11-9013,5673.033,3
43-9199,11-9021,2054.9750999999997,2
43-9199,11-9041,4838.0411,1
43-9199,11-9051,8293.5947,2
43-9199,11-9111,7436.3668,5
43-9199,11-9121,4653.5185,1
43-9199,11-9141,13671.766500000002,3
43-9199,11-9151,25647.728600000002,9
43-9199,13-1041,6989.7294999999995,2
43-9199,13-1081,2248.9259,2
43-9199,13-1111,11683.2778,4
43-9199,13-1121,11938.756,2
43-9199,13-1151,4760.0164,1
43-9199,13-1161,12488.777399999999,2
43-9199,13-1199,13452.3778,4
43-9199,13-2011,6640.4594,3
43-9199,13-2051,4341.3362,1
43-9199,13-2052,12013.0054,3
43-9199,13-2053,3914.0372,1
43-9199,13-2082,4166.4934,1
43-9199,15-1221,5737.4209,1
43-9199,15-1242,2430.7541,1
43-9199,15-1251,5045.7213,1
43-9199,15-1253,8079.5344000000005,2
43-9199,15-1254,5731.8229,1
43-9199,17-2051,2595.8996,1
43-9199,17-2081,2497.0023,1
43-9199,17-3031,466.0648,1
43-9199,19-2099,6296.2204,1
43-9199,19-3051,4305.0144,1
43-9199,21-1093,4073.794,1
43-9199,21-2011,4731.9615,1
43-9199,23-1011,13693.665400000002,3
43-9199,23-2011,2281.1771,1
43-9199,27-3031,14208.1228,3
43-9199,27-3043,3428.5606,1
43-9199,29-1122,5627.9187,1
43-9199,29-1125,3853.3488,1
43-9199,29-1129,3572.048,1
43-9199,29-1141,36295.2006,9
43-9199,31-1122,18412.8475,5
43-9199,31-9091,3855.4118,1
43-9199,31-9092,11210.0722,4
43-9199,31-9094,10475.3814,3
43-9199,31-9096,6742.9472,1
43-9199,33-3051,553.6331,1
43-9199,33-9021,11165.98,4
43-9199,35-3011,8241.523799999999,2
43-9199,35-3031,17993.6462,6
43-9199,37-2012,11104.458200000001,3
43-9199,39-5012,9012.253,1
43-9199,39-9011,11729.0727,3
43-9199,39-9041,4291.2796,1
43-9199,41-1011,22681.6419,6
43-9199,41-1012,522.92,1
43-9199,41-2031,9028.4915,4
43-9199,41-3021,3952.2564,1
43-9199,41-3041,2471.0572,1
43-9199,41-9099,4161.9682,1
43-9199,43-1011,34220.2238,9
43-9199,43-3021,19663.3325,6
43-9199,43-3031,17121.461,5
43-9199,43-3051,3436.919,1
43-9199,43-3071,756.5271,1
43-9199,43-4031,8093.3339,3
43-9199,43-4051,41331.754499999995,10
43-9199,43-4071,8414.1498,2
43-9199,43-4111,4439.2166,1
43-9199,43-4131,4662.3256,2
43-9199,43-4171,46725.185,12
43-9199,43-4199,8240.9404,2
43-9199,43-5071,3285.1164,1
43-9199,43-9021,17076.2536,4
43-9199,43-9022,1882.6319,1
43-9199,43-9041,4058.9397,1
43-9199,43-9061,62598.7608,15
43-9199,47-1011,389.299,1
43-9199,47-2031,4013.4943,1
43-9199,47-2061,13594.276,3
43-9199,47-2121,1617.4734,1
43-9199,49-1011,2208.3826,1
43-9199,49-3011,6585.6713,1
43-9199,49-3021,6183.5217,1
43-9199,51-1011,6707.0545,1
43-9199,51-3099,6318.8897,1
43-9199,51-4041,1274.0383,1
43-9199,51-8021,4812.083,1
43-9199,51-9061,5226.3884,2
43-9199,51-9198,1968.1900999999998,2
43-9199,53-7062,21841.5025,4
43-9199,53-7064,901.7402,1
43-9199,53-7065,4122.734,1
45-1011,11-1021,1169.4411,1
45-1011,11-3051,4170.5076,1
45-1011,11-9013,34010.3464,8
45-1011,11-9141,775.2361,1
45-1011,13-1021,455.4783,1
45-1011,15-1244,4905.8114,1
45-1011,15-1253,4693.7009,1
45-1011,31-9092,1772.7478,1
45-1011,33-3051,3792.7014,1
45-1011,35-9021,1299.9045,1
45-1011,37-2021,4243.7405,1
45-1011,39-2021,3170.7752,1
45-1011,41-1012,7882.8053,2
45-1011,41-2022,3718.9196,1
45-1011,41-2031,3384.7617,1
45-1011,43-1011,7610.2973999999995,2
45-1011,43-3031,1688.7819,1
45-1011,43-4171,3374.2247,1
45-1011,43-9061,3819.5078,1
45-1011,45-4011,8963.7545,3
45-1011,47-2031,5878.642,1
45-1011,47-2061,1833.4187,1
45-1011,51-1011,10544.5104,4
45-1011,53-7062,2476.0143,1
45-2011,13-1041,15829.483799999998,3
45-2011,19-2099,2763.5527,1
45-2011,35-2021,3516.4857,1
45-2011,51-9061,6549.4323,2
45-2041,11-9111,3909.7729,1
45-2041,13-1021,669.6326,1
45-2041,13-1022,3646.7257,1
45-2041,13-1161,1674.4564,1
45-2041,27-4021,3484.2083,1
45-2041,31-9091,1171.2602,1
45-2041,35-2021,3849.3209,1
45-2041,35-3011,4390.5436,1
45-2041,37-1011,1909.3282,1
45-2041,41-1012,3925.9179,1
45-2041,41-2031,2360.9772,1
45-2041,43-4051,5356.3418,1
45-2041,43-5111,4754.9002,1
45-2041,45-1011,4345.7832,1
45-2041,47-2031,7157.6082,1
45-2041,47-2141,880.9119,1
45-2041,51-3099,4297.4483,1
45-2041,51-9061,15740.9606,4
45-2041,51-9111,8456.3032,5
45-2041,53-7062,13702.02,3
45-2041,53-7064,38856.2779,9
45-2041,53-7065,14768.9352,3
45-4011,11-9013,3535.5802,1
45-4011,13-1081,1756.6477,1
45-4011,13-1199,968.862,1
45-4011,31-9092,1116.9767,1
45-4011,43-9199,886.5826,1
45-4011,45-1011,5068.281,1
45-4011,47-2031,2836.3834,1
45-4011,49-9071,826.6516,1
47-1011,11-1011,6469.77,3
47-1011,11-1021,16756.6231,7
47-1011,11-3021,4542.9517,1
47-1011,11-3031,7759.158600000001,2
47-1011,11-3071,6550.1155,3
47-1011,11-3131,1077.1463,1
47-1011,11-9013,4529.6006,2
47-1011,11-9021,205038.5115,60
47-1011,11-9141,7806.5214,1
47-1011,13-1021,3713.0567,1
47-1011,13-1051,5357.1001,2
47-1011,13-1151,1486.1232,1
47-1011,13-1199,8751.0116,2
47-1011,15-1211,884.5803,1
47-1011,15-1244,4446.4688,1
47-1011,15-1251,603.4048,1
47-1011,17-2051,14120.8891,3
47-1011,17-2141,2180.1802,1
47-1011,21-2011,9065.776699999999,2
47-1011,23-1011,385.762,1
47-1011,29-1141,2459.2048,1
47-1011,31-9011,347.6996,1
47-1011,33-2011,1161.4354,1
47-1011,33-3051,9304.189699999999,2
47-1011,33-9091,11357.2966,2
47-1011,35-2021,6177.296,1
47-1011,37-1011,8412.3232,2
47-1011,37-1012,4466.8312,1
47-1011,37-2012,920.1763,1
47-1011,39-2021,3308.7,1
47-1011,41-1011,13250.6985,4
47-1011,41-1012,8731.060099999999,3
47-1011,41-2031,9701.192500000001,4
47-1011,41-3091,10863.4124,3
47-1011,43-1011,9003.5874,3
47-1011,43-3099,782.0074,1
47-1011,43-4051,13225.2274,4
47-1011,43-4181,1849.2919,1
47-1011,43-5021,2918.3318,2
47-1011,43-5061,7212.4051,2
47-1011,43-5071,483.6388,1
47-1011,43-5111,4128.4983,1
47-1011,43-9061,15944.3431,4
47-1011,43-9199,1343.3931,1
47-1011,47-2031,111369.2868,31
47-1011,47-2061,283525.3453,78
47-1011,47-2073,45225.7211,15
47-1011,47-2111,88443.2451,24
47-1011,47-2141,38032.163,11
47-1011,47-2161,10228.069800000001,2
47-1011,47-2181,11903.7469,5
47-1011,47-2211,8333.4038,3
47-1011,47-2221,5527.788,1
47-1011,47-4011,8347.6508,4
47-1011,47-4031,8943.5523,2
47-1011,47-4051,18329.9816,6
47-1011,47-4061,1927.8117,1
47-1011,49-1011,12411.126699999999,6
47-1011,49-2098,4828.423,2
47-1011,49-3021,3504.2401,1
47-1011,49-3031,2419.4524,1
47-1011,49-9021,23443.2127,7
47-1011,49-9044,2166.6315,1
47-1011,49-9051,5541.304,3
47-1011,49-9071,15949.087200000002,5
47-1011,51-1011,49160.385599999994,14
47-1011,51-4031,6868.7837,2
47-1011,51-4041,3956.3821,1
47-1011,51-4199,4970.7427,1
47-1011,51-7011,5972.9194,1
47-1011,51-7099,390.6742,1
47-1011,51-8031,2411.9826,1
47-1011,51-9051,331.1875,1
47-1011,51-9061,14517.4547,3
47-1011,51-9111,3796.859,1
47-1011,51-9191,2121.2752,1
47-1011,51-9195,5104.5607,1
47-1011,53-6021,4699.3824,1
47-1011,53-7041,4736.5134,1
47-1011,53-7051,6189.0328,1
47-1011,53-7061,4810.9079,1
47-1011,53-7062,31310.3125,9
47-1011,53-7064,10183.0268,3
47-1011,53-7065,2992.2508,2
47-2011,11-9051,833.6844,1
47-2011,43-3021,4786.3231,1
47-2011,49-9021,2670.7438,1
47-2011,51-4199,1951.9238,1
47-2011,51-8021,6969.7555,3
47-2011,53-7062,516.4849,1
47-2031,11-1011,17886.005400000002,4
47-2031,11-1021,10933.7246,4
47-2031,11-3051,6587.0332,2
47-2031,11-3071,10261.3008,2
47-2031,11-9013,2871.9293,2
47-2031,11-9021,165694.8898,53
47-2031,11-9051,10974.1972,3
47-2031,11-9111,835.6354,1
47-2031,11-9141,6786.1084,3
47-2031,13-1021,2409.0043,1
47-2031,13-1022,8043.1802,2
47-2031,13-1041,3977.3914,1
47-2031,13-1051,3441.5265,2
47-2031,13-1111,5749.5239,2
47-2031,13-1199,12150.6298,3
47-2031,13-2011,3873.0913,1
47-2031,13-2082,504.7584,1
47-2031,15-1212,7590.9451,1
47-2031,15-1241,5736.8706,1
47-2031,15-1242,3601.703,1
47-2031,15-1251,5549.930899999999,2
47-2031,15-1253,10552.5177,2
47-2031,17-2051,8629.3454,3
47-2031,17-2199,8858.5311,2
47-2031,21-2011,4659.5905,1
47-2031,27-2012,1595.3926,1
47-2031,27-4021,4881.6258,1
47-2031,29-1123,2970.7157,1
47-2031,29-1141,4308.7016,1
47-2031,31-1122,21848.5716,6
47-2031,33-3021,4381.2002,1
47-2031,33-9091,2889.4389,1
47-2031,35-1011,5782.9785,1
47-2031,35-1012,4736.4502,1
47-2031,35-2021,5324.5657,1
47-2031,35-3031,3322.3033,2
47-2031,35-9021,16873.1332,4
47-2031,37-1011,9535.4295,2
47-2031,37-1012,4698.2293,1
47-2031,37-2012,19827.3728,5
47-2031,37-2021,8534.0723,2
47-2031,39-2021,6957.3389,1
47-2031,39-9011,464.1849,1
47-2031,41-1011,47353.3502,10
47-2031,41-1012,11810.1823,3
47-2031,41-2031,23569.0533,8
47-2031,41-3031,636.6382,1
47-2031,41-3091,23157.8986,5
47-2031,43-1011,16598.5274,3
47-2031,43-3071,2230.9953,1
47-2031,43-4051,25482.9811,6
47-2031,43-4111,5379.9088,1
47-2031,43-4131,3956.0309,1
47-2031,43-5021,19262.643900000003,4
47-2031,43-5052,4082.6754,1
47-2031,43-5061,1312.8541,1
47-2031,43-5111,5107.4702,1
47-2031,43-9051,3746.5156,1
47-2031,43-9061,15773.3894,4
47-2031,43-9071,4290.0688,1
47-2031,43-9199,4495.1339,1
47-2031,45-4011,2955.4565,1
47-2031,47-1011,177541.8854,51
47-2031,47-2061,1029882.5833,266
47-2031,47-2073,20822.8735,4
47-2031,47-2111,10444.6985,4
47-2031,47-2121,6995.9479,4
47-2031,47-2141,91448.71429999999,23
47-2031,47-2181,30152.4057,8
47-2031,47-2211,11889.8338,3
47-2031,47-4031,3387.5422,1
47-2031,47-4041,4544.4024,1
47-2031,47-4051,5018.7931,1
47-2031,49-1011,5013.5241,1
47-2031,49-2011,8614.1279,3
47-2031,49-3011,825.9669,1
47-2031,49-3021,429.3431,1
47-2031,49-3022,14274.801899999999,2
47-2031,49-3023,31329.7366,8
47-2031,49-3031,5769.0734,1
47-2031,49-9021,38812.2579,7
47-2031,49-9071,49449.4845,12
47-2031,51-1011,5912.9118,1
47-2031,51-4041,16233.4112,4
47-2031,51-4199,2300.6897,1
47-2031,51-6041,4240.6331,1
47-2031,51-7011,23645.1679,5
47-2031,51-7021,5302.8353,1
47-2031,51-7099,4584.403,1
47-2031,51-9061,14705.1842,4
47-2031,51-9111,16768.7173,4
47-2031,51-9197,3408.0585,1
47-2031,53-3099,16087.65,4
47-2031,53-7051,1976.2706,1
47-2031,53-7061,23133.1634,5
47-2031,53-7062,88109.8058,23
47-2031,53-7064,2119.6052,1
47-2031,53-7065,42287.6611,12
47-2031,53-7081,4547.9459,1
47-2061,11-1011,40512.5051,9
47-2061,11-1021,26291.6441,7
47-2061,11-3031,8050.3821,2
47-2061,11-3051,7144.9365,2
47-2061,11-3071,14957.802899999999,3
47-2061,11-3121,6615.3609,1
47-2061,11-3131,9149.595000000001,2
47-2061,11-9013,19307.2497,8
47-2061,11-9021,367570.4983,106
47-2061,11-9051,18359.7923,4
47-2061,11-9081,5545.3184,1
47-2061,11-9111,5256.475,2
47-2061,11-9141,16686.2347,4
47-2061,11-9151,3928.5273,1
47-2061,13-1021,1826.3565,1
47-2061,13-1023,20464.9966,5
47-2061,13-1041,6382.9222,2
47-2061,13-1051,8732.9733,3
47-2061,13-1111,18792.5977,4
47-2061,13-1151,2999.9941,1
47-2061,13-1199,21798.8559,5
47-2061,13-2011,11053.9897,3
47-2061,13-2051,2668.7078,1
47-2061,13-2052,3979.0991,1
47-2061,13-2099,725.3603,1
47-2061,15-1211,5342.1154,1
47-2061,15-1241,3680.6764,1
47-2061,15-1251,11475.003,4
47-2061,15-1253,8550.099,2
47-2061,15-2031,4093.1648,1
47-2061,17-2051,24704.4028,7
47-2061,17-2061,4937.8112,1
47-2061,17-2081,364.2095,1
47-2061,17-2141,7934.0109,2
47-2061,17-2199,9664.8667,2
47-2061,17-3031,6688.9779,1
47-2061,19-2099,10705.0127,2
47-2061,21-1093,6938.5076,1
47-2061,21-2011,2952.1876,1
47-2061,21-2099,5721.4709,1
47-2061,23-1011,10139.8313,2
47-2061,23-2011,470.0757,1
47-2061,27-2011,4203.8366,1
47-2061,27-4021,6368.1361,1
47-2061,29-1141,7047.6676,2
47-2061,29-2061,2015.9868,1
47-2061,31-1122,29925.9178,10
47-2061,31-9011,947.8825,1
47-2061,31-9092,4924.8879,1
47-2061,31-9096,4220.9124,1
47-2061,31-9097,3824.4374,1
47-2061,33-2011,10922.8618,3
47-2061,33-3021,4621.9855,1
47-2061,33-3051,5532.8277,1
47-2061,33-9091,4237.4203,1
47-2061,35-1011,7477.7986,2
47-2061,35-1012,9861.4814,3
47-2061,35-2021,38222.8301,12
47-2061,35-3011,5299.0643,1
47-2061,35-3031,64837.724,16
47-2061,35-3041,10151.788700000001,3
47-2061,35-9011,2357.7522,1
47-2061,35-9021,24427.2838,5
47-2061,37-1011,6001.2407,2
47-2061,37-1012,6954.481400000001,2
47-2061,37-2012,35375.568400000004,11
47-2061,37-2021,5545.3954,2
47-2061,39-2021,6221.5548,1
47-2061,39-3031,3719.2352,1
47-2061,39-5011,3884.2177,1
47-2061,39-5012,7712.9499,3
47-2061,39-9011,15783.7578,4
47-2061,41-1011,25010.1776,8
47-2061,41-1012,35569.5074,8
47-2061,41-2031,65390.5031,18
47-2061,41-3011,4570.4828,1
47-2061,41-3021,20295.627800000002,7
47-2061,41-3031,11814.4753,3
47-2061,41-3091,21865.895800000002,4
47-2061,41-9091,4918.9847,1
47-2061,41-9099,8329.398799999999,2
47-2061,43-1011,5251.1145,2
47-2061,43-3031,16886.3866,7
47-2061,43-3071,4464.6789,1
47-2061,43-4051,39644.5829,11
47-2061,43-4071,4935.4359,1
47-2061,43-4131,3641.5098,1
47-2061,43-4171,1857.9496,1
47-2061,43-4199,4993.4122,1
47-2061,43-5021,62889.3007,17
47-2061,43-5041,1675.281,1
47-2061,43-5052,290.7853,1
47-2061,43-5061,520.8933,1
47-2061,43-5071,35593.4257,7
47-2061,43-5111,4464.9443,1
47-2061,43-9041,3635.3929,1
47-2061,43-9061,29143.985200000003,7
47-2061,43-9111,3904.086,1
47-2061,43-9199,10194.815200000001,3
47-2061,45-1011,3522.4904,1
47-2061,45-2041,9056.3094,2
47-2061,47-1011,313035.3827,84
47-2061,47-2031,981189.2446,255
47-2061,47-2073,125752.6145,36
47-2061,47-2111,101974.0022,31
47-2061,47-2121,12315.302599999999,2
47-2061,47-2141,289587.8643,68
47-2061,47-2161,27093.4825,7
47-2061,47-2181,114830.78110000001,32
47-2061,47-2211,11992.5536,4
47-2061,47-2221,1805.6267,1
47-2061,47-4011,7647.8979,3
47-2061,47-4021,1898.1776,1
47-2061,47-4031,26653.279300000002,7
47-2061,47-4041,25785.6889,6
47-2061,47-4051,18681.4218,5
47-2061,47-5023,5333.3760999999995,2
47-2061,49-1011,2991.3559,2
47-2061,49-2011,3050.987,1
47-2061,49-2098,5394.8011,2
47-2061,49-3021,10021.730500000001,3
47-2061,49-3023,62780.026,13
47-2061,49-3031,13910.2423,3
47-2061,49-9021,53888.0366,17
47-2061,49-9051,26571.5428,7
47-2061,49-9052,19256.3447,6
47-2061,49-9071,112431.6469,29
47-2061,49-9098,23151.1902,5
47-2061,51-1011,29539.1217,10
47-2061,51-3011,4650.828,1
47-2061,51-3099,23344.5362,5
47-2061,51-4021,1622.394,1
47-2061,51-4041,19918.1452,3
47-2061,51-4111,3582.8979,1
47-2061,51-4199,17109.5389,4
47-2061,51-6021,4490.0203,1
47-2061,51-6064,3934.4136,1
47-2061,51-6093,3859.6166,1
47-2061,51-7011,405.9194,1
47-2061,51-7021,5163.6824,1
47-2061,51-8021,8410.101,2
47-2061,51-8031,9944.3799,3
47-2061,51-9061,40436.2689,11
47-2061,51-9111,11729.2611,2
47-2061,51-9191,1696.5149,1
47-2061,51-9195,1463.9747,1
47-2061,51-9198,4641.3616,1
47-2061,53-2031,5067.5699,1
47-2061,53-3099,16641.1165,3
47-2061,53-6031,11203.8311,6
47-2061,53-7021,8011.7708999999995,2
47-2061,53-7041,8840.0005,3
47-2061,53-7051,48538.8852,11
47-2061,53-7061,45947.448599999996,9
47-2061,53-7062,326086.2209,79
47-2061,53-7063,3863.7057,1
47-2061,53-7064,47269.4464,11
47-2061,53-7065,110510.1755,28
47-2061,53-7081,13345.5769,3
47-2061,53-7199,4316.5128,1
47-2073,11-1011,1329.4945,1
47-2073,11-1021,2086.7142,1
47-2073,11-3111,5448.6168,1
47-2073,11-9013,6035.5058,3
47-2073,11-9021,36567.5435,12
47-2073,11-9051,1671.0369,1
47-2073,11-9141,4858.7462,1
47-2073,13-1199,4545.8132,1
47-2073,15-1212,4969.7244,1
47-2073,15-1244,3026.4814,1
47-2073,17-2199,3845.6913,1
47-2073,21-2011,3881.1851,1
47-2073,29-2061,5109.3209,1
47-2073,31-1122,5675.8403,2
47-2073,33-3051,2084.4105,1
47-2073,35-2021,3653.0778,1
47-2073,35-3011,3969.5646,1
47-2073,35-3031,5664.0337,2
47-2073,37-1012,4058.4808,1
47-2073,39-9011,4930.2427,2
47-2073,41-2031,7451.4822,3
47-2073,41-3021,3167.5423,2
47-2073,41-9091,4961.9173,1
47-2073,41-9099,1450.0208,1
47-2073,43-2021,1220.3045,1
47-2073,43-4051,3010.3679,1
47-2073,43-5052,2562.1763,1
47-2073,43-5071,647.9976,1
47-2073,47-1011,41018.9324,14
47-2073,47-2031,14468.2178,4
47-2073,47-2061,177367.36549999999,51
47-2073,47-2111,835.3297,2
47-2073,47-2181,4288.322,1
47-2073,47-4031,1557.2933,1
47-2073,47-4041,4895.6692,1
47-2073,47-4051,25064.9392,7
47-2073,47-5023,8322.9944,3
47-2073,49-1011,1995.2402,1
47-2073,49-3023,8186.8809,2
47-2073,49-3031,7558.0241000000005,2
47-2073,49-9021,6443.5316,1
47-2073,49-9052,359.9941,1
47-2073,51-1011,3622.2923,1
47-2073,51-4041,442.8413,1
47-2073,51-4199,9609.3721,3
47-2073,51-7011,7262.4633,1
47-2073,51-8021,1840.8311,1
47-2073,51-8031,4193.6161,1
47-2073,51-9061,424.7574,1
47-2073,53-3099,5086.7654,1
47-2073,53-6031,637.0612,1
47-2073,53-6051,900.6334,1
47-2073,53-7021,11045.9236,5
47-2073,53-7041,9746.0886,3
47-2073,53-7051,8817.0399,2
47-2073,53-7061,2677.3046,1
47-2073,53-7062,16122.1037,5
47-2073,53-7064,6258.9709,2
47-2073,53-7199,20224.5104,7
47-2111,11-1021,2281.0888999999997,2
47-2111,11-3031,10595.5393,3
47-2111,11-3061,4749.9593,1
47-2111,11-3071,2172.6801,1
47-2111,11-9013,8752.0242,2
47-2111,11-9021,29276.5841,11
47-2111,11-9041,3529.0113,2
47-2111,11-9051,13367.3633,3
47-2111,11-9111,4290.9628,1
47-2111,13-1051,1913.0622,1
47-2111,13-1111,3909.1906,4
47-2111,13-1199,16157.1207,3
47-2111,13-2011,3938.2986,1
47-2111,17-2041,3065.8366,1
47-2111,17-2051,10757.4082,3
47-2111,17-2081,5043.8128,1
47-2111,17-2141,21138.8489,6
47-2111,17-2199,4768.8748,1
47-2111,17-3031,4485.781,1
47-2111,19-4031,1703.6329,1
47-2111,23-1011,4009.2602,1
47-2111,29-1123,5734.137,1
47-2111,29-1141,679.8685,1
47-2111,31-9092,4776.9891,1
47-2111,31-9096,3228.3012,1
47-2111,33-9091,4500.6969,1
47-2111,35-1012,12489.8927,3
47-2111,35-2021,6531.4518,2
47-2111,35-3031,9565.714899999999,2
47-2111,35-3041,1683.0517,1
47-2111,35-9021,3594.9314,1
47-2111,37-1012,3538.7329,1
47-2111,39-2011,1542.4994,1
47-2111,39-5011,4181.7208,1
47-2111,39-5012,3906.4022,1
47-2111,39-9011,5333.2696,1
47-2111,41-1011,10542.832,3
47-2111,41-1012,8446.4295,3
47-2111,41-2031,43267.4272,10
47-2111,41-3021,4941.9156,1
47-2111,41-3091,3375.2122,1
47-2111,43-3099,9935.568500000001,2
47-2111,43-4031,1032.7195,1
47-2111,43-4081,5514.6357,1
47-2111,43-4171,9046.306700000001,2
47-2111,43-4199,4300.0938,1
47-2111,43-5011,5633.2476,1
47-2111,43-5041,11346.0208,4
47-2111,43-5071,9568.2978,4
47-2111,43-9061,9760.6972,4
47-2111,43-9199,10186.7127,3
47-2111,47-1011,88440.0532,22
47-2111,47-2031,62703.7634,14
47-2111,47-2061,126578.8557,32
47-2111,47-2073,18144.8371,5
47-2111,47-2141,5773.8803,1
47-2111,47-2181,2196.5322,2
47-2111,47-2211,7181.7576,2
47-2111,47-4011,3721.2699,2
47-2111,49-1011,10144.384600000001,3
47-2111,49-2011,8535.181799999998,2
47-2111,49-2092,10909.508100000001,4
47-2111,49-2098,4807.26,1
47-2111,49-3011,6782.473900000001,2
47-2111,49-3023,7619.399,2
47-2111,49-3031,7944.2378,2
47-2111,49-9021,22510.3972,5
47-2111,49-9051,31398.7227,15
47-2111,49-9052,10678.2626,3
47-2111,49-9071,37379.0707,10
47-2111,49-9098,4610.7263,1
47-2111,51-1011,6609.1882000000005,2
47-2111,51-3011,5958.5668,1
47-2111,51-4041,7341.6398,2
47-2111,51-9061,2364.36,2
47-2111,51-9111,3064.7409,1
47-2111,53-6031,2397.759,1
47-2111,53-7021,2083.0294,1
47-2111,53-7051,8146.271699999999,2
47-2111,53-7061,1656.8778,1
47-2111,53-7062,40790.8126,12
47-2111,53-7065,6046.9916,3
47-2121,11-9021,3250.0238,1
47-2121,17-2141,4698.1852,1
47-2121,35-1012,1909.5277,1
47-2121,35-2021,5960.0666,1
47-2121,43-4051,536.3268,1
47-2121,43-5071,1632.2538,1
47-2121,47-1011,1711.6488,1
47-2121,47-2031,4238.5643,2
47-2121,47-2061,16236.648099999999,4
47-2121,49-3022,6944.8704,2
47-2121,51-4041,6136.1473,1
47-2121,51-6031,1743.0241,1
47-2121,51-9061,5261.0551,1
47-2141,11-1011,11333.6456,4
47-2141,11-3031,4042.0623,1
47-2141,11-9021,41113.3201,11
47-2141,11-9141,2853.3562,1
47-2141,13-1023,4662.3741,1
47-2141,13-1141,4019.23,1
47-2141,13-1161,5461.9636,1
47-2141,15-1211,6476.2902,1
47-2141,15-1244,4850.7013,1
47-2141,17-2131,4489.808,1
47-2141,21-2099,3991.0755,1
47-2141,29-1141,5051.7334,2
47-2141,29-2061,1088.6174,1
47-2141,31-1122,6161.6437,1
47-2141,35-1011,12030.9245,3
47-2141,35-2021,1359.8503,1
47-2141,35-9021,5181.9339,1
47-2141,37-1011,5510.2086,1
47-2141,37-1012,2985.9293,1
47-2141,37-2012,11972.9414,6
47-2141,39-9011,13401.0222,1
47-2141,39-9041,554.3499,1
47-2141,41-1011,11345.9656,3
47-2141,41-1012,4411.0271,1
47-2141,41-2031,16838.4712,3
47-2141,41-3091,4107.5456,1
47-2141,41-9041,4321.5794,1
47-2141,43-4051,14012.2302,6
47-2141,43-4111,4164.0511,1
47-2141,43-4171,4034.089,2
47-2141,43-5071,8687.1299,2
47-2141,43-9061,10733.315299999998,2
47-2141,43-9081,2773.4153,1
47-2141,47-1011,46704.8363,13
47-2141,47-2031,114378.6571,24
47-2141,47-2061,320806.9624,81
47-2141,47-2073,5751.0992,2
47-2141,47-2111,15464.491699999999,3
47-2141,47-2181,7058.863600000001,2
47-2141,47-2221,7165.6771,1
47-2141,47-4031,4816.399,1
47-2141,49-1011,2862.1513000000004,2
47-2141,49-3021,1657.8943,1
47-2141,49-3023,15894.0301,4
47-2141,49-9021,11777.064,3
47-2141,49-9043,5116.3406,1
47-2141,49-9051,2496.0215,2
47-2141,49-9071,20257.0365,4
47-2141,51-1011,4034.6014,1
47-2141,51-3011,2399.212,1
47-2141,51-4041,4842.7595,1
47-2141,51-7021,5528.756,1
47-2141,51-9111,3576.445,1
47-2141,53-6021,6258.4194,1
47-2141,53-7051,10801.0213,3
47-2141,53-7061,3553.4858,1
47-2141,53-7062,30548.3941,9
47-2141,53-7064,17740.2949,4
47-2141,53-7065,23003.6361,6
47-2161,41-1012,6796.2199,1
47-2161,47-1011,2449.635,1
47-2161,47-2031,8712.747,2
47-2161,47-2061,11876.6206,3
47-2161,47-2141,2011.9045,1
47-2161,49-9071,1285.4809,1
47-2161,51-9111,1745.131,1
47-2161,53-6031,2849.5973,1
47-2161,53-7062,1908.8273,1
47-2161,53-7064,4232.0515,1
47-2181,11-1011,2298.2049,1
47-2181,11-3051,3982.6817,1
47-2181,11-9013,5651.0179,1
47-2181,11-9021,16743.7014,4
47-2181,11-9111,2733.5104,1
47-2181,13-1199,2944.4718,1
47-2181,21-2011,1530.4393,1
47-2181,31-9092,468.6113,1
47-2181,35-3031,4998.3007,1
47-2181,35-9011,4764.0819,1
47-2181,35-9031,436.5611,1
47-2181,37-1012,4569.4573,1
47-2181,41-1011,1301.5076,1
47-2181,41-3091,8894.645700000001,2
47-2181,43-1011,3898.5312,1
47-2181,43-4051,6496.0487,1
47-2181,43-5021,4974.855100000001,2
47-2181,47-1011,27439.5436,7
47-2181,47-2031,33978.068400000004,9
47-2181,47-2061,107526.34820000001,34
47-2181,47-2073,4543.1271,1
47-2181,47-2121,5733.4567,1
47-2181,47-2141,2644.0964,1
47-2181,47-2211,6138.5731,2
47-2181,47-4051,6142.211,1
47-2181,49-3023,3418.0972,1
47-2181,49-3031,5699.9744,1
47-2181,49-9021,5981.8742999999995,2
47-2181,49-9044,6614.2075,1
47-2181,49-9071,8830.8043,2
47-2181,51-1011,542.9039,1
47-2181,51-4031,2291.7122,1
47-2181,51-4199,5765.7961,1
47-2181,51-9111,4433.5037,1
47-2181,53-7051,4623.0851,1
47-2181,53-7061,3215.8891,1
47-2181,53-7062,28223.9732,8
47-2181,53-7064,16791.291,4
47-2181,53-7065,4902.1071,1
47-2211,11-1021,1812.4545,1
47-2211,11-9021,13400.362799999999,2
47-2211,13-1199,3869.2149,1
47-2211,15-1253,4395.0736,1
47-2211,17-3031,3564.4429,1
47-2211,21-2011,2276.4369,1
47-2211,35-3041,6208.1816,1
47-2211,39-9011,3494.3972,1
47-2211,41-1011,3862.9786,1
47-2211,41-1012,4362.8898,1
47-2211,41-2031,3566.6674,1
47-2211,41-3031,3230.617,1
47-2211,43-1011,1915.0833,1
47-2211,47-1011,15295.546,5
47-2211,47-2031,20542.898699999998,6
47-2211,47-2061,19566.0933,6
47-2211,47-4051,702.6479,1
47-2211,49-3011,4830.0222,1
47-2211,49-3031,2137.1788,1
47-2211,49-9021,52172.4008,11
47-2211,49-9044,7177.0117,2
47-2211,49-9051,2367.5441,1
47-2211,49-9071,6016.7388,1
47-2211,51-1011,5000.7575,2
47-2211,51-2041,3703.1346,1
47-2211,51-4031,4959.6798,2
47-2211,51-4041,4891.5031,1
47-2211,51-4199,15799.688600000001,4
47-2211,51-6021,5031.1897,1
47-2211,53-7062,19936.5972,6
47-2211,53-7064,3383.1312,1
47-2221,13-1023,4670.3997,1
47-2221,19-4031,1478.8871,1
47-2221,41-2031,6063.333,1
47-2221,43-5053,5197.1101,1
47-2221,47-2031,7656.741,2
47-2221,47-2061,9597.8656,3
47-2221,47-2111,5469.5228,1
47-2221,47-4051,1511.667,1
47-2221,51-2041,1636.0257,1
47-2221,51-4031,8689.6492,2
47-2221,51-4199,3329.16,1
47-2221,51-9061,5078.0832,1
47-2221,53-7062,4211.1557,1
47-2221,53-7065,4962.7486,1
47-4011,11-9021,8636.7173,3
47-4011,11-9111,3052.3393,1
47-4011,11-9141,4913.2818,1
47-4011,11-9151,6499.8508,1
47-4011,13-1041,8481.1419,3
47-4011,13-1051,8089.811900000001,2
47-4011,13-1199,1608.3452,1
47-4011,13-2011,11781.218799999999,2
47-4011,17-2051,3590.4121,1
47-4011,31-1122,13625.1626,2
47-4011,33-3051,3935.9929,1
47-4011,37-1011,1290.8721,1
47-4011,41-1011,527.3108,1
47-4011,41-2031,3639.8725,1
47-4011,41-3091,13505.528600000001,3
47-4011,43-3031,2716.0585,1
47-4011,43-4051,9007.1598,2
47-4011,47-1011,4416.2783,1
47-4011,47-2031,4810.7515,1
47-4011,47-2061,8347.2663,4
47-4011,47-2073,583.9364,1
47-4011,47-2181,3182.3131,1
47-4011,49-3023,3174.7151,1
47-4011,51-9061,52930.1706,14
47-4011,51-9111,6522.5239,1
47-4011,53-7062,1026.0804,1
47-4021,11-1021,836.8752,1
47-4021,11-9041,3949.4617,1
47-4021,37-1011,4589.2362,1
47-4021,47-2073,4345.6652,1
47-4021,47-2121,1837.817,1
47-4021,49-3023,1067.2648,1
47-4021,49-9071,8811.5322,2
47-4021,51-1011,851.5851,1
47-4021,53-7062,1449.3769,1
47-4031,11-3031,725.4625,1
47-4031,11-3061,3857.7644,1
47-4031,11-9021,6730.2146999999995,2
47-4031,13-1051,2350.9307,1
47-4031,37-2012,6566.8362,2
47-4031,41-2031,3935.7058,1
47-4031,43-9061,3204.4629,2
47-4031,47-1011,4086.0585,2
47-4031,47-2031,7567.0702,2
47-4031,47-2061,45554.3174,10
47-4031,47-5023,1426.4021,1
47-4031,51-4041,2845.6553,1
47-4031,53-7051,5232.2671,1
47-4031,53-7065,4014.7982,1
47-4041,11-3031,2253.176,1
47-4041,11-3051,4107.2027,1
47-4041,13-2011,2531.6001,1
47-4041,43-1011,7983.202,1
47-4041,43-3031,5326.5725,1
47-4041,47-2061,13809.903299999998,3
47-4041,47-2073,5932.8694,1
47-4041,51-4199,6136.5526,1
47-4041,51-9061,12220.5284,2
47-4051,11-1021,525.6142,1
47-4051,11-3071,4917.7093,1
47-4051,11-9021,11096.09,3
47-4051,11-9141,530.7435,1
47-4051,33-9091,3918.4378,1
47-4051,37-1012,3620.382,1
47-4051,43-1011,502.6949,1
47-4051,43-9199,656.6358,1
47-4051,47-1011,4589.892,1
47-4051,47-2061,50290.847,17
47-4051,47-2073,40258.7322,16
47-4051,47-2141,4677.9982,1
47-4051,49-1011,421.0251,1
47-4051,49-9071,12187.552499999998,3
47-4051,51-2041,5458.153,1
47-4051,51-4199,3204.1136,1
47-4051,51-8021,1530.2441,1
47-4051,51-9061,3977.3051,1
47-4051,53-3099,3937.9753,1
47-4051,53-7062,12213.1245,3
47-4051,53-7064,5280.5766,1
47-4061,47-1011,4146.5078,1
47-4061,49-3023,4770.8761,1
47-4061,49-9051,8107.6776,1
47-4061,49-9071,464.0448,1
47-4061,51-4199,610.4346,1
47-4061,53-6061,7115.1363,1
47-5023,11-1021,1386.0631,1
47-5023,11-9021,1975.2433,1
47-5023,13-2052,4716.607,1
47-5023,43-9199,2980.0367,1
47-5023,47-1011,7507.7946,2
47-5023,47-2073,28370.1569,8
47-5023,49-9021,5261.6006,1
47-5023,51-9198,11184.5874,1
47-5023,53-7021,6790.2043,1
47-5023,53-7041,3043.4207,1
47-5023,53-7062,1860.7758,1
49-1011,11-1021,11927.233,3
49-1011,11-3021,4811.8424,2
49-1011,11-3031,4663.4596,1
49-1011,11-3051,4253.151,1
49-1011,11-3071,1276.1118,1
49-1011,11-3131,1143.2428,1
49-1011,11-9013,8053.808800000001,2
49-1011,11-9021,1975.3798,1
49-1011,11-9041,5395.4572,1
49-1011,11-9051,3932.4638,1
49-1011,11-9141,20413.2271,6
49-1011,13-1131,3392.9657,1
49-1011,13-1151,1364.8092,1
49-1011,13-1199,4246.4213,1
49-1011,13-2052,6560.6722,1
49-1011,15-1244,4381.7807,1
49-1011,15-1253,8970.484199999999,2
49-1011,17-2199,4989.3398,1
49-1011,23-1011,2578.3891,1
49-1011,35-3011,7157.5819,3
49-1011,35-3031,4291.3292,1
49-1011,37-1011,8826.786,3
49-1011,37-1012,14489.3884,3
49-1011,37-2012,8907.2095,2
49-1011,41-1011,34527.5288,8
49-1011,41-1012,27007.4625,6
49-1011,41-2031,8635.533599999999,2
49-1011,43-1011,34246.6089,8
49-1011,43-4171,3424.0767,1
49-1011,43-5061,768.3309,1
49-1011,43-9061,4511.7966,1
49-1011,43-9199,3430.6131,1
49-1011,47-1011,34280.7708,12
49-1011,47-2061,9726.7981,3
49-1011,47-2111,4348.6762,1
49-1011,47-2141,4643.7792,2
49-1011,47-4051,1525.8539,1
49-1011,49-3011,5649.6865,2
49-1011,49-3021,3092.5305,1
49-1011,49-3023,6656.8197,3
49-1011,49-3031,3267.5501999999997,2
49-1011,49-9021,2638.203,1
49-1011,49-9043,5663.822099999999,2
49-1011,49-9051,4914.7939,1
49-1011,49-9071,32369.1341,11
49-1011,49-9094,3650.5256,1
49-1011,51-1011,13516.6417,7
49-1011,51-8021,707.987,1
49-1011,51-8031,3702.5299,1
49-1011,51-9061,6288.8254,2
49-1011,53-7061,4645.5659,1
49-1011,53-7062,8865.1505,3
49-2011,11-3021,8888.2673,2
49-2011,11-3031,5636.3158,1
49-2011,11-9013,2917.076,1
49-2011,11-9021,4379.8155,1
49-2011,11-9051,7065.5362,1
49-2011,13-1111,3394.9253,1
49-2011,13-1199,5443.4457,1
49-2011,15-1211,8086.7222,2
49-2011,15-1251,18825.2856,4
49-2011,15-1253,131511.782,38
49-2011,15-1254,6885.9969,1
49-2011,15-2031,1963.375,1
49-2011,17-2011,5650.7027,1
49-2011,17-2061,3724.5716,1
49-2011,17-2141,5559.9939,1
49-2011,17-2199,6364.0246,2
49-2011,17-3031,420.7375,1
49-2011,29-2061,4389.9172,1
49-2011,35-9021,1470.1584,1
49-2011,39-9011,3301.1464,1
49-2011,41-1011,4953.2068,1
49-2011,41-2021,4204.2114,1
49-2011,41-2031,4185.5189,1
49-2011,41-3091,4171.7732,2
49-2011,43-3031,1735.9037,1
49-2011,43-4031,4360.3741,1
49-2011,43-4051,4423.1359,1
49-2011,43-9021,2237.8324,1
49-2011,47-1011,7085.9738,1
49-2011,47-2031,4451.5216,2
49-2011,47-2061,7590.3308,2
49-2011,49-2092,4904.7857,1
49-2011,49-2097,4223.3205,1
49-2011,49-3011,4838.955599999999,2
49-2011,49-9031,1231.0395,1
49-2011,49-9052,5995.4456,1
49-2011,49-9071,25952.876,8
49-2011,49-9091,12750.5513,2
49-2011,51-9061,5585.8613,1
49-2011,53-7062,1077.8299,1
49-2091,13-1199,5391.3599,1
49-2091,17-2011,4618.2593,1
49-2091,47-2111,4068.1824,1
49-2091,49-2092,3952.8172,1
49-2091,49-3011,12614.2791,2
49-2091,49-9021,3359.6843,1
49-2092,11-9013,2308.9712,1
49-2092,17-2011,4034.8955,1
49-2092,47-2031,4583.6025,1
49-2092,47-2111,15945.8858,6
49-2092,49-3023,1246.5617,1
49-2092,49-9031,3569.9434,1
49-2092,49-9071,11278.337599999999,5
49-2092,51-2041,4443.2444,1
49-2092,51-4041,4217.2249,1
49-2092,51-8021,4310.447,1
49-2092,53-7041,2121.0295,1
49-2097,11-1011,4049.0059,1
49-2097,11-1021,1075.6426,1
49-2097,15-1253,7343.6937,2
49-2097,17-2051,5722.1929,1
49-2097,35-1011,10092.3821,1
49-2097,47-2061,5329.8928,1
49-2097,49-9052,8474.063999999998,2
49-2097,49-9071,2168.2425,1
49-2097,51-9195,973.8,1
49-2097,53-7062,3668.8962,1
49-2097,53-7081,4815.4922,1
49-2098,11-3071,4000.7379,1
49-2098,13-1199,394.5121,1
49-2098,15-1253,6761.992,2
49-2098,35-3031,5034.6644,1
49-2098,37-1012,6645.3671,1
49-2098,41-1011,4091.612,1
49-2098,41-2031,2208.663,1
49-2098,43-4051,1025.4453,1
49-2098,47-2061,8743.6802,2
49-2098,47-2111,5203.1645,2
49-2098,49-3021,1364.8403,1
49-2098,53-7062,6225.9131,1
49-2098,53-7065,3823.9986,1
49-3011,11-1011,2120.2653,1
49-3011,11-9021,1423.4027,1
49-3011,11-9041,5327.1737,1
49-3011,13-1199,9516.015599999999,3
49-3011,15-1251,4439.4265,1
49-3011,17-2011,4129.2961,1
49-3011,21-1093,358.9865,1
49-3011,29-1122,5945.3708,1
49-3011,41-1011,1901.2631000000001,2
49-3011,41-2031,4979.3701,1
49-3011,43-3031,581.0078,1
49-3011,43-4051,5513.5166,1
49-3011,43-4181,5136.0026,1
49-3011,43-5071,4545.3946,1
49-3011,43-9061,391.3651,1
49-3011,47-2031,6640.0586,2
49-3011,47-2061,9121.2659,2
49-3011,47-2111,1032.7195,1
49-3011,47-2211,2081.2218,1
49-3011,49-1011,3548.5847000000003,2
49-3011,49-2011,4146.987,1
49-3011,49-2091,10424.7942,3
49-3011,49-3031,4940.194,1
49-3011,49-9021,6574.0352,2
49-3011,49-9071,9583.3035,2
49-3011,51-1011,4315.7867,2
49-3011,51-4041,5100.4378,1
49-3011,51-6031,3747.3204,1
49-3011,51-9061,7509.9365,3
49-3011,53-3099,4171.8332,1
49-3011,53-6051,578.1434,1
49-3011,53-7061,8578.7945,1
49-3011,53-7062,3127.0548,1
49-3011,53-7063,1223.9784,1
49-3021,13-1051,3698.165,1
49-3021,29-1123,2030.0293,1
49-3021,33-3051,6269.3289,1
49-3021,41-1011,4876.5573,1
49-3021,41-1012,19648.686800000003,4
49-3021,41-2022,5518.6278,1
49-3021,41-2031,7556.1025,2
49-3021,43-4051,5830.7639,2
49-3021,43-4171,615.8412,1
49-3021,43-5021,3948.9755,1
49-3021,47-2031,6173.0852,1
49-3021,47-2061,6431.0008,2
49-3021,47-2141,4225.125,2
49-3021,49-2011,7813.5889,1
49-3021,49-3023,137348.9317,34
49-3021,49-9098,3966.4515,1
49-3021,51-1011,5491.4119,1
49-3021,51-3092,6412.2632,1
49-3021,51-3099,5534.5481,1
49-3021,51-4041,4656.9779,1
49-3021,51-9061,2449.5545,1
49-3021,53-7061,9411.703099999999,2
49-3021,53-7062,6076.8115,2
49-3021,53-7064,4629.2689,1
49-3021,53-7065,4387.9124,1
49-3022,15-2031,540.9431,1
49-3022,41-1012,4856.6871,2
49-3022,43-4171,1438.0367,1
49-3022,43-5021,5322.8487,1
49-3022,47-2031,11355.8352,2
49-3022,47-2121,6827.5493,2
49-3022,49-3023,8796.033599999999,2
49-3023,11-1011,2985.94,2
49-3023,11-1021,11616.2958,3
49-3023,11-3021,3044.0889,1
49-3023,11-3051,9938.9516,2
49-3023,11-3131,3388.1118,1
49-3023,11-9021,13911.2,3
49-3023,11-9041,4306.8386,1
49-3023,11-9111,4286.6363,1
49-3023,11-9141,1846.0167,1
49-3023,13-1111,1026.3857,1
49-3023,13-1151,2380.0285,1
49-3023,13-1199,5503.6737,1
49-3023,15-1253,13618.0694,3
49-3023,17-2141,3127.0548,1
49-3023,17-2199,5058.8168,1
49-3023,21-2011,3783.9605,1
49-3023,29-1071,4912.0147,1
49-3023,31-1122,6196.0463,1
49-3023,33-3051,3974.5786,1
49-3023,35-1012,4134.6371,1
49-3023,35-3011,4880.9501,2
49-3023,35-3031,7018.8064,2
49-3023,35-3041,5028.26,1
49-3023,35-9031,565.0681,1
49-3023,37-2012,23262.931099999998,4
49-3023,39-5011,5401.0382,1
49-3023,41-1011,16482.9014,4
49-3023,41-1012,35494.5992,13
49-3023,41-2021,2307.2699,1
49-3023,41-2022,11367.8901,3
49-3023,41-2031,54188.4033,13
49-3023,41-3091,4397.6038,1
49-3023,41-9099,22700.4235,3
49-3023,43-1011,1572.1567,1
49-3023,43-3031,16070.322,3
49-3023,43-3051,4598.5237,1
49-3023,43-3099,411.7747,1
49-3023,43-4051,12366.048999999999,5
49-3023,43-4081,6623.8809,2
49-3023,43-4111,3131.2065,1
49-3023,43-4131,6470.7981,2
49-3023,43-4171,6733.285400000001,2
49-3023,43-5021,12584.5857,2
49-3023,43-5052,1711.5573,1
49-3023,43-5061,5002.3199,2
49-3023,43-5071,14119.807700000001,3
49-3023,43-9061,13894.8096,4
49-3023,47-1011,2468.844,1
49-3023,47-2031,33020.8076,7
49-3023,47-2061,57963.0197,19
49-3023,47-2073,10798.8764,3
49-3023,47-2111,11656.6754,3
49-3023,47-2141,14694.065200000001,4
49-3023,47-2181,3126.0195,1
49-3023,47-2211,3476.2465,2
49-3023,47-4021,1029.1713,1
49-3023,49-1011,6280.714999999999,2
49-3023,49-2011,4128.2491,1
49-3023,49-2092,485.7418,1
49-3023,49-2097,4115.8177,1
49-3023,49-3021,120615.8625,33
49-3023,49-3031,107287.5103,36
49-3023,49-9021,6479.4055,2
49-3023,49-9052,2465.3545,1
49-3023,49-9071,88290.2637,27
49-3023,49-9094,7400.4244,2
49-3023,49-9098,13770.0072,3
49-3023,51-1011,22632.3538,6
49-3023,51-3011,4947.3052,2
49-3023,51-3091,1262.5856,1
49-3023,51-3099,3931.0456,1
49-3023,51-4021,8475.2569,1
49-3023,51-4031,3680.3809,1
49-3023,51-4041,1736.5963,1
49-3023,51-4199,9085.0535,2
49-3023,51-7041,6651.9146,1
49-3023,51-9061,34388.5819,11
49-3023,51-9111,4058.9266,1
49-3023,51-9195,4965.5467,1
49-3023,51-9197,3220.2669,1
49-3023,53-3099,6224.3027,2
49-3023,53-6031,36249.342599999996,8
49-3023,53-6051,2507.5491,1
49-3023,53-7051,1480.7617,1
49-3023,53-7061,9202.1045,4
49-3023,53-7062,34632.9299,8
49-3023,53-7064,19259.7724,4
49-3023,53-7065,22809.6547,6
49-3023,53-7081,3780.2111,1
49-3031,11-1021,5499.2396,1
49-3031,11-3071,573.0918,1
49-3031,11-9141,4627.4301,2
49-3031,13-1151,4167.6973,1
49-3031,13-1199,749.8785,1
49-3031,13-2051,1044.634,1
49-3031,17-2051,1866.5091,1
49-3031,17-2121,1871.822,1
49-3031,19-2099,1045.8962,1
49-3031,29-1141,1462.4991,1
49-3031,33-2011,6438.366099999999,2
49-3031,35-2021,6956.7551,2
49-3031,39-4031,2090.7857,1
49-3031,41-1011,3626.1518,2
49-3031,41-1012,2343.6429,2
49-3031,41-2022,4373.9537,1
49-3031,41-2031,15873.8664,4
49-3031,43-1011,5025.741,1
49-3031,43-4051,4876.8918,1
49-3031,43-5021,5541.7764,1
49-3031,43-9021,6735.9321,1
49-3031,47-2031,4766.180200000001,2
49-3031,47-2061,15176.108100000001,4
49-3031,47-2073,4415.6234,1
49-3031,47-5023,5762.0521,1
49-3031,49-1011,5607.5511,1
49-3031,49-2098,3544.3975,1
49-3031,49-3021,7236.507799999999,2
49-3031,49-3023,121732.3029,38
49-3031,49-9021,4723.646,1
49-3031,49-9051,4948.5264,1
49-3031,49-9052,4634.3214,1
49-3031,49-9071,102706.6454,26
49-3031,49-9091,3104.8814,1
49-3031,49-9096,4799.8119,1
49-3031,49-9098,4541.3399,1
49-3031,51-1011,11616.3668,4
49-3031,51-3099,3730.0278,1
49-3031,51-4041,3644.0047,2
49-3031,51-4111,2011.8948,1
49-3031,51-4199,4287.6166,1
49-3031,51-9061,2268.501,1
49-3031,51-9111,1819.9815,1
49-3031,53-5011,5590.656,1
49-3031,53-7051,8612.2248,2
49-3031,53-7061,14450.8611,3
49-3031,53-7062,14860.7109,8
49-3031,53-7065,11974.654700000001,3
49-9021,11-1011,9969.7837,2
49-9021,11-1021,12331.6532,4
49-9021,11-3051,5299.9807,1
49-9021,11-3071,8699.1519,3
49-9021,11-3121,1956.2004,1
49-9021,11-9013,4267.8994,1
49-9021,11-9021,16345.2481,5
49-9021,11-9041,5312.1458,1
49-9021,13-1041,4287.3926,1
49-9021,13-1081,4349.0184,1
49-9021,13-1111,3636.7007,1
49-9021,13-1121,4795.5878,1
49-9021,15-1211,5114.9143,1
49-9021,15-1253,6835.013800000001,2
49-9021,17-2141,17954.3269,4
49-9021,17-2199,2069.1936,1
49-9021,21-2011,1773.6329,1
49-9021,23-2011,3939.4362,1
49-9021,29-1123,4160.7282,2
49-9021,29-1129,1231.8844,1
49-9021,29-1141,3750.5906,1
49-9021,31-1122,2959.2617,2
49-9021,33-1012,2643.5206,1
49-9021,33-3051,4204.5775,1
49-9021,35-1011,5089.9531,1
49-9021,35-3031,6585.2101999999995,2
49-9021,37-1011,5327.6153,1
49-9021,37-1012,4836.196,1
49-9021,41-1012,807.9076,1
49-9021,41-2031,5240.0146,2
49-9021,43-3031,5003.4606,1
49-9021,43-4051,10954.0129,2
49-9021,43-4111,6055.4206,1
49-9021,43-5021,6286.1664,1
49-9021,43-5041,5491.0388,1
49-9021,43-5071,5126.6496,1
49-9021,43-9061,8784.3171,3
49-9021,43-9199,487.5987,1
49-9021,47-1011,31109.1087,7
49-9021,47-2011,5878.642,1
49-9021,47-2031,12885.6891,3
49-9021,47-2061,63943.6114,14
49-9021,47-2073,4786.3958,1
49-9021,47-2111,29385.9076,6
49-9021,47-2141,11700.6476,2
49-9021,47-2211,20013.8198,5
49-9021,47-4011,4264.3062,1
49-9021,49-1011,5278.3964,2
49-9021,49-2092,2600.5578,1
49-9021,49-3011,4959.1015,1
49-9021,49-3023,4132.8892000000005,2
49-9021,49-3031,7201.211,3
49-9021,49-9031,14822.4116,4
49-9021,49-9052,8146.1752,2
49-9021,49-9071,65371.4331,14
49-9021,51-1011,8266.8814,2
49-9021,51-4041,9229.875,2
49-9021,51-4199,12815.9903,3
49-9021,51-8021,16827.0924,5
49-9021,51-9061,3453.1202,1
49-9021,53-6051,1989.7739,1
49-9021,53-7051,3877.8487,1
49-9021,53-7062,11194.51,4
49-9021,53-7063,4835.2861,1
49-9021,53-7064,6144.1275,1
49-9021,53-7065,1868.3744,1
49-9021,53-7199,4846.3478,1
49-9031,41-1012,4804.7778,2
49-9031,41-2031,3992.0307,1
49-9031,47-2061,18438.988400000002,3
49-9031,47-2111,1520.4395,1
49-9031,49-2097,4071.1635,1
49-9031,49-9071,4363.3454,1
49-9031,51-9198,643.3729,1
49-9031,53-3099,3318.1761,1
49-9031,53-7061,5022.5684,1
49-9043,11-3031,2035.5367,1
49-9043,17-2199,5191.529,1
49-9043,35-9021,1302.5919,1
49-9043,49-9071,10362.1932,3
49-9043,49-9091,1095.4511,1
49-9043,51-4021,4035.902,1
49-9043,51-4041,2251.97,1
49-9043,51-4199,9147.5334,3
49-9043,51-6041,1234.6015,1
49-9043,53-7062,4579.3534,1
49-9044,11-9141,5471.3852,1
49-9044,13-2011,537.0637,1
49-9044,29-1141,4182.1707,1
49-9044,41-1011,745.5847,1
49-9044,41-3091,4463.8688,1
49-9044,43-1011,2192.8016,1
49-9044,43-4051,3783.7719,1
49-9044,47-2061,12668.3289,4
49-9044,47-2211,1660.9961,1
49-9044,49-2092,4887.7254,1
49-9044,49-3031,884.1751,1
49-9044,49-9071,864.0379,1
49-9044,51-1011,5042.4091,2
49-9044,51-4041,2060.0065,1
49-9044,51-5112,10432.4115,1
49-9044,53-7062,3122.8905,3
49-9044,53-7064,3706.1875,1
49-9044,53-7081,4453.2556,1
49-9051,11-3031,851.9046,1
49-9051,11-9021,3117.0909,1
49-9051,17-3031,2655.5745,1
49-9051,37-1012,1490.1447,1
49-9051,41-2031,970.6992,1
49-9051,43-1011,3291.2359,1
49-9051,43-5041,1641.0238,1
49-9051,43-5061,4724.628,1
49-9051,43-5071,4749.2728,1
49-9051,43-9061,3799.7218000000003,2
49-9051,47-2061,8397.9481,5
49-9051,47-2073,733.4671,1
49-9051,47-2111,70626.4245,21
49-9051,47-2141,2955.8168,2
49-9051,47-4011,4590.1476,1
49-9051,49-2097,4720.4307,1
49-9051,49-3023,7147.0147,2
49-9051,49-3031,2395.1603,1
49-9051,49-9052,13812.7615,3
49-9051,49-9071,3838.674,1
49-9051,51-1011,3303.4579,1
49-9051,51-4041,960.1151,1
49-9051,53-7062,9270.5369,3
49-9052,11-9021,14930.3531,4
49-9052,11-9051,6177.8943,1
49-9052,11-9081,4472.2674,1
49-9052,13-2081,4160.4684,1
49-9052,15-1241,1133.7469,1
49-9052,15-1242,3276.5419,1
49-9052,15-1244,1541.9663,1
49-9052,15-1253,14985.270400000001,4
49-9052,17-3031,4742.2636,2
49-9052,35-1012,3846.0933,1
49-9052,41-2031,5945.7835,1
49-9052,41-3091,1733.1367,1
49-9052,43-4051,13644.3335,3
49-9052,43-5021,3325.1075,1
49-9052,43-5052,6231.655,1
49-9052,43-5071,3057.6994,1
49-9052,43-9021,2652.3635,1
49-9052,43-9061,6064.1608,1
49-9052,43-9199,4227.175,1
49-9052,47-1011,12587.0516,3
49-9052,47-2061,12966.888500000001,4
49-9052,47-2073,1941.0927,1
49-9052,47-2111,22184.951,6
49-9052,47-2221,4782.163,1
49-9052,49-1011,8850.7552,2
49-9052,49-2091,595.0255,1
49-9052,49-2097,8182.6011,2
49-9052,49-9021,8146.1752,2
49-9052,49-9051,22835.666400000002,6
49-9052,51-1011,3704.858,1
49-9052,51-7011,413.3619,1
49-9052,51-9061,4668.8396,1
49-9052,53-3099,4333.1715,1
49-9052,53-7062,1632.9263,1
49-9071,11-1011,5255.17,1
49-9071,11-1021,10188.024,3
49-9071,11-3071,4074.4821,2
49-9071,11-9013,7653.116599999999,2
49-9071,11-9021,24361.8724,6
49-9071,11-9041,10273.2451,2
49-9071,11-9051,3145.8225,1
49-9071,11-9081,1643.2699,2
49-9071,11-9141,34148.8287,10
49-9071,11-9161,1412.6413,1
49-9071,13-1023,5271.7077,1
49-9071,13-1041,5597.6649,1
49-9071,13-1051,6050.5547,1
49-9071,13-1121,3804.885,1
49-9071,13-1199,6980.9649,5
49-9071,13-2011,4589.6399,1
49-9071,13-2041,7917.551,1
49-9071,13-2052,3823.2634,1
49-9071,13-2099,6537.5887,1
49-9071,15-1211,5965.491,2
49-9071,15-1253,17815.3339,5
49-9071,17-2031,4303.7425,1
49-9071,17-2051,10555.8297,2
49-9071,17-2141,7634.416700000001,2
49-9071,17-2199,4811.7342,1
49-9071,21-1093,611.9735,1
49-9071,27-2011,1451.6201,1
49-9071,29-1031,5078.9973,1
49-9071,29-1071,7036.0697,1
49-9071,29-1123,2994.9405,1
49-9071,29-1141,6655.469999999999,2
49-9071,31-1122,3652.5077,2
49-9071,31-9091,4920.0974,1
49-9071,31-9096,3711.9416,1
49-9071,35-1011,378.8386,1
49-9071,35-1012,4148.4643,1
49-9071,35-2021,5060.1591,2
49-9071,35-3031,21828.7351,5
49-9071,35-3041,12499.337899999999,3
49-9071,37-1011,15228.4228,5
49-9071,37-2012,819.9904,2
49-9071,39-2011,4781.6425,1
49-9071,39-2021,4649.2118,1
49-9071,39-5011,4679.3964,1
49-9071,39-5012,5568.8035,1
49-9071,41-1011,21689.8379,7
49-9071,41-1012,34287.2638,9
49-9071,41-2022,5404.6333,1
49-9071,41-2031,3037.1163,1
49-9071,41-3031,3756.8645,1
49-9071,41-3091,3156.7857,1
49-9071,41-9031,5776.2777,1
49-9071,41-9099,4550.6582,1
49-9071,43-1011,9178.5581,2
49-9071,43-2011,3300.5111,1
49-9071,43-3031,4021.5099,1
49-9071,43-3051,3773.3067,1
49-9071,43-4051,12897.7657,4
49-9071,43-4151,2758.1639,2
49-9071,43-4171,10207.8017,2
49-9071,43-5052,5248.7965,1
49-9071,43-5061,335.9968,1
49-9071,43-5071,4411.2142,3
49-9071,43-9021,9585.117900000001,2
49-9071,43-9061,11798.125100000001,3
49-9071,43-9199,5662.0693,1
49-9071,45-1011,3349.7795,1
49-9071,47-1011,16219.5545,6
49-9071,47-2031,53895.5754,12
49-9071,47-2061,125422.8944,34
49-9071,47-2073,18874.1338,4
49-9071,47-2111,13754.310300000001,4
49-9071,47-2141,16949.565300000002,3
49-9071,47-2211,2255.7093,1
49-9071,47-4021,3028.4942,1
49-9071,47-4051,1148.073,1
49-9071,47-4061,1528.5312,1
49-9071,49-1011,27154.4616,11
49-9071,49-2011,9955.5564,3
49-9071,49-2091,1532.4711,1
49-9071,49-3011,21684.7071,8
49-9071,49-3021,4242.764499999999,2
49-9071,49-3023,84879.199,19
49-9071,49-3031,46831.1339,14
49-9071,49-9021,69633.6551,16
49-9071,49-9031,1167.8114,1
49-9071,49-9043,5437.4883,3
49-9071,49-9091,5291.1179,1
49-9071,49-9098,2450.0983,1
49-9071,51-1011,8128.4468,3
49-9071,51-2041,4248.2188,1
49-9071,51-4041,7837.3197,3
49-9071,51-4199,3860.1013,1
49-9071,51-7011,3484.3415,1
49-9071,51-7021,4809.8393,1
49-9071,51-8021,17730.3746,5
49-9071,51-8031,11660.7191,2
49-9071,51-9061,16905.7805,6
49-9071,51-9111,4379.7739,1
49-9071,51-9196,3630.1933,1
49-9071,53-3099,2537.5784,1
49-9071,53-6031,8764.205899999999,3
49-9071,53-7021,6590.744299999999,2
49-9071,53-7061,18899.182399999998,4
49-9071,53-7062,60618.3834,15
49-9071,53-7065,32954.522600000004,7
49-9091,21-2011,1553.7218,1
49-9091,41-1011,1540.5028,1
49-9091,41-2022,2465.9254,1
49-9091,41-2031,3256.5088,1
49-9091,41-9091,3016.8047,1
49-9091,43-3099,3089.8723,1
49-9091,43-4051,4324.2262,1
49-9091,43-4181,2183.1599,1
49-9091,43-5052,4742.0205,1
49-9091,47-2061,3534.8413,1
49-9091,49-2011,1612.1007,1
49-9091,49-2097,7767.2384999999995,2
49-9091,49-9043,2711.8397,1
49-9091,49-9071,11997.348,3
49-9091,53-7065,4074.6629,1
49-9094,17-2199,1438.4511,1
49-9094,27-4021,3201.6627,1
49-9094,41-2031,5315.6395,1
49-9096,53-7021,1996.8452,1
49-9096,53-7062,11748.330000000002,2
49-9096,53-7065,2593.7512,1
49-9098,11-9051,2026.8717,1
49-9098,35-3031,5426.6198,1
49-9098,39-5011,3450.5139,1
49-9098,41-1012,4482.9487,1
49-9098,43-4161,4074.6895,1
49-9098,47-2031,4372.4476,1
49-9098,47-2061,6943.871999999999,2
49-9098,47-2073,5676.6897,1
49-9098,49-3022,4434.8166,1
49-9098,49-3023,13175.9118,3
49-9098,49-3031,6442.5901,1
49-9098,49-9071,2766.2329,1
49-9098,51-3011,2051.1547,1
49-9098,53-6031,2180.5323,1
49-9098,53-7051,1253.0578,1
49-9098,53-7061,7333.349,2
49-9098,53-7062,6799.675799999999,2
49-9098,53-7064,3898.7451,1
51-1011,11-1011,12766.2637,3
51-1011,11-1021,38304.888,11
51-1011,11-3031,12366.3519,3
51-1011,11-3051,64361.8296,23
51-1011,11-3071,904.8774,1
51-1011,11-3121,7227.7309,1
51-1011,11-9013,3111.1766,1
51-1011,11-9021,14327.000100000001,3
51-1011,11-9081,5801.3609,1
51-1011,11-9141,3790.415,1
51-1011,11-9151,4215.1067,1
51-1011,13-1022,4639.5699,1
51-1011,13-1023,6717.3194,2
51-1011,13-1041,8638.7337,3
51-1011,13-1051,5492.8456,1
51-1011,13-1151,4637.3209,1
51-1011,13-1161,4463.0993,1
51-1011,13-1199,2088.2829,1
51-1011,13-2011,4675.9775,1
51-1011,17-2051,8102.929700000001,2
51-1011,17-2131,3431.4032,1
51-1011,17-2141,3275.998,1
51-1011,17-2199,5711.9286,2
51-1011,17-3031,4023.0727,1
51-1011,19-2099,1551.2992,1
51-1011,21-1093,879.6317,1
51-1011,21-2021,3633.4393,1
51-1011,23-1011,4523.0365,1
51-1011,27-3031,1467.3899,1
51-1011,27-3041,9394.4768,2
51-1011,29-2061,6374.5125,1
51-1011,31-1122,5538.6409,2
51-1011,33-2011,2969.9412,1
51-1011,33-3051,5652.9877,2
51-1011,35-1012,8053.483899999999,2
51-1011,35-3031,9984.6553,2
51-1011,35-9011,4545.4388,1
51-1011,35-9031,5438.1123,1
51-1011,37-1011,3013.2543,1
51-1011,37-1012,17568.4267,3
51-1011,37-2012,11133.704,4
51-1011,39-5011,6009.7492,1
51-1011,39-9011,5566.614600000001,2
51-1011,41-1011,47007.5371,15
51-1011,41-1012,43553.1392,13
51-1011,41-2031,18801.1515,6
51-1011,41-3091,599.9478,1
51-1011,43-1011,59284.771,18
51-1011,43-3021,17096.2222,2
51-1011,43-3031,8401.027900000001,2
51-1011,43-4051,22806.4398,6
51-1011,43-4161,4251.3476,1
51-1011,43-4171,7419.1304,2
51-1011,43-5021,10034.9659,3
51-1011,43-5041,699.0273,1
51-1011,43-5061,8090.7513,2
51-1011,43-5071,6312.9876,2
51-1011,43-5111,4430.2959,2
51-1011,43-9061,6754.579000000001,2
51-1011,43-9199,5239.383,1
51-1011,45-1011,22584.4001,6
51-1011,47-1011,71121.9494,22
51-1011,47-2031,20021.756699999998,5
51-1011,47-2061,54931.818,17
51-1011,47-2073,9253.1531,2
51-1011,47-2111,23329.2469,6
51-1011,47-2121,4970.6647,1
51-1011,47-2181,1634.9998,1
51-1011,47-2211,7563.0073999999995,2
51-1011,47-4011,5030.7458,1
51-1011,47-4021,828.6184,1
51-1011,47-4031,4711.4498,1
51-1011,47-4051,8148.8407,2
51-1011,49-1011,27107.2026,11
51-1011,49-2011,4333.1757,1
51-1011,49-3011,8494.3246,3
51-1011,49-3021,4105.6103,2
51-1011,49-3023,16569.288399999998,5
51-1011,49-3031,4525.138,2
51-1011,49-9021,8117.275,2
51-1011,49-9051,5989.4301,1
51-1011,49-9071,5540.724,2
51-1011,51-2041,3969.2787,1
51-1011,51-3011,5158.0276,2
51-1011,51-3099,12703.6529,2
51-1011,51-4041,11849.9611,3
51-1011,51-4199,33586.1035,11
51-1011,51-5112,12688.32,2
51-1011,51-6011,24765.5926,6
51-1011,51-6031,3824.5197,1
51-1011,51-8021,4320.0295,1
51-1011,51-8031,4741.246499999999,2
51-1011,51-9041,4954.7043,1
51-1011,51-9061,52050.6899,15
51-1011,51-9111,3927.9186,2
51-1011,53-3099,1763.9381,1
51-1011,53-7051,9863.5662,2
51-1011,53-7062,43718.289,14
51-1011,53-7064,26528.0215,6
51-1011,53-7065,29272.9859,7
51-1011,53-7081,8821.1999,2
51-2031,49-2092,4262.3021,1
51-2031,49-9044,4738.5561,1
51-2031,51-7042,6403.0998,1
51-2031,53-7062,6521.1437,1
51-2031,53-7065,4779.3619,1
51-2041,31-1122,831.4204,1
51-2041,43-1011,894.4986,1
51-2041,47-2061,2680.8013,1
51-2041,47-2211,13442.927199999998,3
51-2041,51-4041,4872.234399999999,2
51-2041,53-7062,1571.4024,2
51-3011,11-3061,7432.4415,1
51-3011,11-9051,6087.2136,3
51-3011,13-1022,703.951,1
51-3011,13-1199,11267.5953,3
51-3011,15-1251,903.8832,1
51-3011,15-1253,5360.8777,1
51-3011,21-2021,7334.1687,1
51-3011,27-2012,5475.4798,1
51-3011,27-3043,454.4768,1
51-3011,29-1141,5413.0289,2
51-3011,35-1011,16130.107,3
51-3011,35-1012,2308.2781,1
51-3011,35-2021,11510.5351,6
51-3011,35-3011,3167.004,1
51-3011,35-3031,16598.531899999998,4
51-3011,37-2012,6039.1995,2
51-3011,39-2021,4231.8347,1
51-3011,39-9011,8904.8515,2
51-3011,41-1011,51402.996,14
51-3011,41-2031,40068.634,9
51-3011,43-3031,4987.2787,1
51-3011,43-4051,3570.0287,2
51-3011,43-4111,1970.0774,1
51-3011,43-4171,11424.149300000001,2
51-3011,43-5021,3913.9009,1
51-3011,43-9061,4648.6096,1
51-3011,47-2061,14232.4087,4
51-3011,47-2141,1130.4196,1
51-3011,47-4031,417.9647,1
51-3011,49-3023,4587.5282,1
51-3011,49-3031,4258.6496,1
51-3011,49-9021,5626.962,1
51-3011,49-9052,4904.4772,1
51-3011,51-1011,7381.4714,2
51-3011,51-3091,5927.4695,1
51-3011,51-3092,14697.4254,3
51-3011,51-3093,3431.6906,1
51-3011,51-3099,5112.6794,2
51-3011,51-6031,3698.1761,1
51-3011,51-6064,4535.661,1
51-3011,51-9111,24497.2457,6
51-3011,53-3099,2280.0953,1
51-3011,53-7051,6633.8825,2
51-3011,53-7062,13697.8629,3
51-3011,53-7063,8589.1539,3
51-3011,53-7064,5091.7784,3
51-3011,53-7065,3116.814,2
51-3091,11-9051,3025.8468000000003,3
51-3091,35-1012,5621.4397,1
51-3091,37-2012,4191.3744,1
51-3091,41-2031,732.682,1
51-3091,43-4051,557.305,1
51-3091,51-3011,4796.5059,1
51-3091,53-7063,4494.7319,1
51-3092,11-9051,2839.6719,1
51-3092,19-3051,4420.2825,1
51-3092,19-4031,25595.4134,9
51-3092,23-2011,6930.423200000001,2
51-3092,29-1141,1649.5098,1
51-3092,33-1011,4800.9977,1
51-3092,35-1012,6411.5175,1
51-3092,35-2021,11336.6373,4
51-3092,35-3031,6259.0498,1
51-3092,35-9031,3148.5972,1
51-3092,37-2012,1035.6603,1
51-3092,41-1011,1884.9271,1
51-3092,43-4051,3927.3372,1
51-3092,43-5021,2250.2004,1
51-3092,43-5071,3939.4316,1
51-3092,43-9199,4800.9977,1
51-3092,47-2141,4706.8668,1
51-3092,51-1011,2530.687,1
51-3092,51-3011,22286.7531,6
51-3092,51-3099,8747.068500000001,3
51-3092,51-4199,8282.6816,2
51-3092,51-6031,4497.8921,1
51-3092,51-9061,3013.4904,1
51-3092,51-9111,16109.8738,4
51-3092,53-7061,5917.2662,1
51-3092,53-7062,6088.5141,1
51-3092,53-7064,6396.1901,2
51-3092,53-7065,12615.099,2
51-3093,29-1141,3311.679,1
51-3093,35-2021,12399.9483,2
51-3093,35-3031,5466.7877,1
51-3093,41-2031,4056.975,1
51-3093,51-3011,1492.6832,1
51-3093,51-3092,6744.2143,1
51-3093,51-9111,2335.8043,1
51-3099,11-1021,4230.5644,1
51-3099,11-3051,6288.0062,1
51-3099,13-1111,4040.8519,1
51-3099,13-1199,1310.7166,1
51-3099,29-1141,1247.2021,1
51-3099,33-9021,1019.2411,1
51-3099,35-2021,3390.9807,2
51-3099,35-3031,4330.2464,1
51-3099,37-2012,7436.5279,2
51-3099,39-2021,2385.9971,1
51-3099,41-1011,4817.7409,1
51-3099,41-2031,654.0663,1
51-3099,41-3021,7683.7,1
51-3099,43-4199,4376.6036,2
51-3099,43-5071,3925.4326,1
51-3099,47-1011,4893.148499999999,2
51-3099,47-2061,8763.641,2
51-3099,49-3011,3683.5844,1
51-3099,49-3021,6139.222,1
51-3099,49-3031,3778.6057,1
51-3099,49-9031,752.74,1
51-3099,49-9071,5658.3373,2
51-3099,51-1011,13581.401899999999,5
51-3099,51-3091,3577.6047,1
51-3099,51-4199,18893.655,5
51-3099,51-7042,3953.4108,1
51-3099,51-9061,15164.9621,4
51-3099,51-9111,35983.5943,12
51-3099,53-7021,3914.3361,1
51-3099,53-7051,10921.756300000001,4
51-3099,53-7061,12604.999099999999,3
51-3099,53-7062,9585.4796,6
51-3099,53-7063,5554.6958,1
51-3099,53-7064,3622.2922,1
51-3099,53-7199,3908.8854,1
51-4021,11-3051,4061.6827,1
51-4021,35-3031,1104.8693,1
51-4021,41-1012,6908.9434,1
51-4021,43-4171,1410.1689,1
51-4021,43-5111,1496.184,1
51-4021,47-2211,1093.6435,1
51-4021,49-3031,3543.7231,1
51-4021,51-1011,650.0635,1
51-4021,51-4041,8636.217499999999,3
51-4021,51-4111,4250.0975,1
51-4021,51-4199,8054.118399999999,2
51-4021,51-9041,4885.5636,1
51-4031,15-1253,4092.8697,1
51-4031,17-2199,4004.0098,1
51-4031,31-1122,7897.1202,1
51-4031,35-3011,1166.8645,1
51-4031,41-1011,6647.125400000001,2
51-4031,43-5021,5941.3955000000005,2
51-4031,43-5041,646.324,1
51-4031,47-1011,4414.5321,1
51-4031,47-2061,1353.9558,1
51-4031,47-2073,10859.212800000001,3
51-4031,47-2181,2227.0996,1
51-4031,47-2211,15900.9261,3
51-4031,49-3023,345.8461,1
51-4031,49-9052,2065.5916,1
51-4031,49-9071,3154.3517,1
51-4031,51-1011,5109.2758,1
51-4031,51-2041,4423.4278,3
51-4031,51-4021,860.8163,1
51-4031,51-4041,7014.2711,2
51-4031,51-4199,23046.0745,4
51-4031,51-6031,4297.5295,1
51-4031,51-9111,4018.2194,1
51-4031,51-9195,6638.071,1
51-4031,53-7021,3830.6685,1
51-4031,53-7051,2076.3735,1
51-4031,53-7062,11232.9589,3
51-4031,53-7065,3908.2975,1
51-4041,11-9013,440.8223,1
51-4041,11-9021,13349.009,3
51-4041,13-1051,3611.7295,1
51-4041,15-1251,4053.185,1
51-4041,17-2141,3491.089,1
51-4041,17-2199,4656.7182,1
51-4041,29-1141,875.5156,1
51-4041,31-1122,10235.3729,2
51-4041,41-1012,2546.7233,1
51-4041,41-2031,16835.4027,4
51-4041,41-3021,4623.3396,1
51-4041,43-4051,2595.6575,1
51-4041,43-4171,10974.651399999999,2
51-4041,43-5061,1646.6181,1
51-4041,43-5071,13757.5294,3
51-4041,43-9061,6679.1287,1
51-4041,47-1011,13887.4827,2
51-4041,47-2031,6693.5383,1
51-4041,47-2061,19082.8796,5
51-4041,47-2111,2383.2879,1
51-4041,47-2141,16195.885699999999,3
51-4041,47-2211,9206.9915,2
51-4041,49-1011,12009.454,3
51-4041,49-2011,770.2857,1
51-4041,49-3023,5365.9092,1
51-4041,49-3031,4982.6783,3
51-4041,49-9044,1600.638,1
51-4041,49-9071,13427.952299999999,4
51-4041,49-9091,8383.8609,2
51-4041,51-1011,14130.9566,3
51-4041,51-2031,5380.712,1
51-4041,51-2041,4911.7262,1
51-4041,51-3092,2418.2422,1
51-4041,51-4031,3968.5864,1
51-4041,51-4111,581.431,1
51-4041,51-4199,59272.211,19
51-4041,51-5112,6071.7309,1
51-4041,51-8021,760.3457,1
51-4041,51-9061,8607.656,2
51-4041,51-9151,4892.4935,1
51-4041,51-9195,4088.0138,1
51-4041,53-7051,5840.7148,2
51-4041,53-7061,3976.1241,1
51-4041,53-7062,12466.2441,4
51-4111,13-2052,2537.3495,1
51-4111,17-2011,4769.7413,1
51-4111,25-4031,748.1172,1
51-4111,31-1122,5517.074,1
51-4111,35-3031,3025.492,1
51-4111,41-1012,805.3929,1
51-4111,43-9061,4885.002,2
51-4111,47-2211,3751.3195,1
51-4111,49-3023,1958.1332,1
51-4111,51-4031,4226.7568,1
51-4111,51-4041,7106.1182,2
51-4111,53-7061,5524.6443,1
51-4111,53-7065,4643.5627,1
51-4199,11-1011,1504.3596,1
51-4199,11-3051,6781.2753,1
51-4199,11-3111,4817.0279,1
51-4199,11-9021,5560.6923,2
51-4199,11-9051,4778.7292,1
51-4199,13-2051,4071.2116,1
51-4199,13-2099,4962.2648,1
51-4199,15-1253,3251.7551,1
51-4199,17-2131,4361.9396,1
51-4199,17-2141,1537.9006,1
51-4199,29-1141,8209.3689,2
51-4199,31-1122,7949.4478,2
51-4199,35-2021,3514.8403,1
51-4199,37-1011,4883.6639,1
51-4199,37-2012,7057.2278,2
51-4199,39-9011,3632.3499,1
51-4199,41-1011,4187.3251,1
51-4199,41-1012,898.4584,1
51-4199,41-2031,11873.9533,3
51-4199,41-3021,5822.2471000000005,2
51-4199,41-3091,10100.9801,2
51-4199,43-3031,3046.2947,1
51-4199,43-4051,16710.2868,5
51-4199,43-5021,2732.171,1
51-4199,43-5071,14957.9774,4
51-4199,47-1011,1121.8827,1
51-4199,47-2031,1353.385,2
51-4199,47-2061,39978.0001,9
51-4199,47-2073,9822.086299999999,2
51-4199,47-2111,4937.7386,1
51-4199,47-2121,5549.3809,1
51-4199,47-2141,5243.0573,1
51-4199,47-2181,3985.1149,1
51-4199,47-2211,21778.9079,6
51-4199,47-4041,5710.9656,1
51-4199,47-4051,3112.1665,1
51-4199,49-3011,5326.438,1
51-4199,49-3023,12911.061300000001,3
51-4199,49-3031,1703.1252,1
51-4199,49-9021,4759.3582,1
51-4199,49-9071,24703.7464,6
51-4199,51-1011,13200.9429,4
51-4199,51-2031,3818.956,1
51-4199,51-2041,7082.7916000000005,3
51-4199,51-3099,1035.2362,1
51-4199,51-4021,13089.968400000002,4
51-4199,51-4031,37033.2955,10
51-4199,51-4041,62885.1985,14
51-4199,51-5112,12381.8552,2
51-4199,51-7041,1222.9442,1
51-4199,51-8021,5145.4812,1
51-4199,51-9061,15291.6307,4
51-4199,51-9111,15750.9245,3
51-4199,51-9194,1458.6683,1
51-4199,51-9198,1838.7586,1
51-4199,53-7051,11126.4995,3
51-4199,53-7061,4671.7465,1
51-4199,53-7062,52556.1804,12
51-4199,53-7063,3113.1998,1
51-4199,53-7064,3630.2733,1
51-4199,53-7065,13736.787,4
51-4199,53-7199,4600.1845,2
51-5111,13-1161,4183.3166,1
51-5111,41-1011,5659.5301,1
51-5111,43-5053,5529.195,1
51-5111,43-9071,723.4984,1
51-5111,49-3023,5318.245,1
51-5111,51-1011,337.726,1
51-5111,51-5112,7450.3956,3
51-5112,11-1021,3584.5582,1
51-5112,11-9021,4346.1613,1
51-5112,13-1051,4390.5116,1
51-5112,13-1199,2343.7109,1
51-5112,15-1212,5772.0585,1
51-5112,15-1253,5296.5917,1
51-5112,27-3041,5376.4032,1
51-5112,29-2061,4905.904,1
51-5112,31-9092,244.5381,1
51-5112,35-3031,5405.3381,1
51-5112,39-5012,3286.0275,1
51-5112,41-1011,4603.3045,1
51-5112,41-1012,4424.0623,1
51-5112,41-3091,4900.3751,1
51-5112,43-3099,5701.5765,1
51-5112,43-4051,2268.0392,1
51-5112,43-4181,2459.1733,1
51-5112,43-9021,1134.3936,1
51-5112,43-9061,6003.9687,3
51-5112,43-9071,3407.444,1
51-5112,43-9199,8478.1839,2
51-5112,47-2061,5696.6824,1
51-5112,47-2141,5682.2991,1
51-5112,49-1011,6362.137,1
51-5112,51-1011,6157.4122,1
51-5112,51-4031,4711.0042,1
51-5112,51-4199,6237.1005,2
51-5112,51-5111,11029.623599999999,3
51-5112,51-5113,8797.0149,4
51-5112,51-6021,11695.9041,3
51-5112,51-6031,8222.2339,2
51-5112,51-6099,1191.1051,1
51-5112,51-9041,8224.1783,2
51-5112,53-7051,3385.9668,1
51-5112,53-7062,3692.2532,1
51-5112,53-7064,5882.8028,1
51-5113,31-1122,5766.7589,1
51-5113,51-5112,2689.2087,1
51-6011,13-1121,2865.2349,1
51-6011,15-1253,4465.1729,1
51-6011,17-2051,5002.3074,1
51-6011,31-1122,3599.1859,1
51-6011,31-9092,2062.7413,1
51-6011,33-3021,3856.6209,1
51-6011,35-2021,3047.7508,1
51-6011,35-3011,2443.2065000000002,2
51-6011,37-2012,56466.3307,16
51-6011,41-2021,7385.6121,4
51-6011,41-2031,7978.2788,2
51-6011,41-3021,9863.161,2
51-6011,43-3021,4073.1385,1
51-6011,43-3051,775.4672,1
51-6011,43-4051,838.3482,1
51-6011,43-4181,819.7824,1
51-6011,43-9061,5031.3411,1
51-6011,47-2061,4657.6436,1
51-6011,51-1011,14659.838899999999,3
51-6011,51-4031,4834.2001,1
51-6011,51-6021,9187.6956,3
51-6011,51-9061,1614.0693,1
51-6011,51-9198,6572.3614,1
51-6011,53-7061,5214.5949,1
51-6011,53-7062,4174.7681,1
51-6011,53-7064,3456.5337,1
51-6011,53-7065,737.8607,1
51-6021,41-1011,1402.6886,1
51-6021,41-2031,3597.451,1
51-6021,43-1011,4336.72,1
51-6021,43-5071,6338.9277,1
51-6021,47-2031,3187.4307,1
51-6021,51-5112,1602.806,1
51-6021,51-6011,13565.0556,4
51-6021,53-7062,1482.9731,1
51-6021,53-7064,4071.4331,1
51-6031,13-2011,1201.7714,1
51-6031,17-2061,2970.0157,1
51-6031,29-1071,2022.453,1
51-6031,31-1122,4933.7577,2
51-6031,31-9092,4956.0159,1
51-6031,35-3031,6226.6008,1
51-6031,35-9011,432.9115,1
51-6031,35-9021,657.9105,1
51-6031,41-1011,5258.4949,1
51-6031,41-1012,4937.4935,1
51-6031,41-2021,998.331,1
51-6031,41-9041,3437.1377,1
51-6031,43-4051,5945.6052,1
51-6031,43-4151,1563.7636,1
51-6031,43-4171,7994.9565,2
51-6031,43-4199,1152.4371,1
51-6031,43-9061,2792.918,1
51-6031,47-2121,1917.0646,1
51-6031,49-3023,4334.42,1
51-6031,49-9071,4166.287,1
51-6031,51-1011,4894.5653,1
51-6031,51-3011,5050.1453,1
51-6031,51-4041,11696.0267,3
51-6031,51-5112,1637.2867,1
51-6031,51-6041,2155.6269,1
51-6031,51-6064,6870.7684,2
51-6031,51-6093,5696.8902,1
51-6031,51-6099,4113.7646,1
51-6031,51-9061,4401.8704,1
51-6031,51-9111,2756.6515,1
51-6031,53-7051,10649.23,2
51-6031,53-7062,17347.752099999998,6
51-6031,53-7064,7675.1402,2
51-6041,11-9141,5256.783,1
51-6041,35-3031,9358.6812,2
51-6041,41-2031,863.9274,1
51-6041,43-1011,1640.6655,1
51-6041,43-4111,299.3483,1
51-6041,43-4171,1470.6129,1
51-6041,47-2061,1465.4102,1
51-6041,53-7051,2266.1343,2
51-6041,53-7062,15003.6942,3
51-6064,21-1093,3783.0027,1
51-6064,41-1012,3578.4241,1
51-6064,43-5071,2889.6699,1
51-6064,47-2061,4855.299,1
51-6064,51-6031,11109.5176,3
51-6093,41-1011,4266.6997,1
51-6093,41-1012,4557.4493,1
51-6093,51-6031,3618.382,1
51-6093,51-7021,9399.9953,2
51-6093,51-7042,4252.6021,1
51-6099,17-2199,6068.3088,1
51-6099,23-1011,4507.0396,1
51-6099,29-1141,3892.0315,1
51-6099,43-4171,4574.9451,1
51-6099,51-6064,2686.3603,1
51-6099,53-7051,2008.7823,1
51-6099,53-7062,3380.3856,1
51-7011,41-1011,3667.4916,1
51-7011,41-2022,4097.333,1
51-7011,43-5021,5442.3875,1
51-7011,43-5071,1408.3185,1
51-7011,43-9061,3684.9369,1
51-7011,47-2031,33155.304,9
51-7011,47-2061,8900.006000000001,3
51-7011,47-2073,2112.6934,1
51-7011,47-2141,5010.8927,1
51-7011,47-2211,4533.52,1
51-7011,47-4051,932.7853,2
51-7011,49-3023,845.0563,1
51-7011,49-9071,4985.5721,1
51-7011,51-7021,3842.1301,1
51-7011,51-7099,4097.841,1
51-7011,51-8021,4709.7718,1
51-7011,51-9061,3939.0787,1
51-7011,53-7062,792.5689,1
51-7021,13-1199,3724.2083,1
51-7021,17-2051,767.5262,1
51-7021,47-2031,4165.563,1
51-7021,47-2061,5924.5163,1
51-7021,51-1011,4769.3589,1
51-7021,51-4199,4194.1824,1
51-7041,11-9013,9070.3082,2
51-7041,11-9021,4265.3997,1
51-7041,31-1122,1744.9216,1
51-7041,35-3031,5358.4093,1
51-7041,43-1011,3684.0193,1
51-7041,43-9061,2370.4138,1
51-7041,47-2031,6281.0597,1
51-7041,47-2061,18145.370199999998,4
51-7041,51-4031,2584.8784,1
51-7041,51-7099,3276.3097,1
51-7041,51-9061,3798.259,1
51-7041,53-7062,9759.4427,3
51-7042,31-1122,2363.1919,1
51-7042,41-1011,3630.9695,1
51-7042,43-3031,844.4213,1
51-7042,43-4171,3876.0064,1
51-7042,51-4041,1683.5009,1
51-7042,51-6093,3877.9058,1
51-7042,51-7011,9623.713199999998,2
51-7042,51-7021,4909.0599,1
51-7042,51-7041,11316.55,2
51-7042,51-7099,359.7427,1
51-7099,11-3051,1197.895,1
51-7099,17-2199,4875.3737,1
51-7099,41-1011,3911.7544,1
51-7099,41-1012,3740.2324,1
51-7099,41-2031,3570.2705,1
51-7099,43-4171,3564.4997,1
51-7099,43-9061,7772.2603,1
51-7099,47-2031,19440.7419,6
51-7099,51-7011,642.3675,1
51-7099,51-7041,3447.9648,1
51-7099,51-7042,3572.399,1
51-7099,53-7062,4536.0617,2
51-8021,11-1021,4219.0251,2
51-8021,11-3021,4067.7633,1
51-8021,13-1111,9392.945899999999,2
51-8021,15-1241,3980.409,1
51-8021,15-1242,535.9543,1
51-8021,17-2051,3952.506,1
51-8021,17-2141,14429.2537,4
51-8021,17-2199,18116.3259,7
51-8021,21-1093,4126.4828,1
51-8021,29-1011,5102.644,1
51-8021,41-1011,4275.1885,1
51-8021,41-1012,1904.4844,1
51-8021,41-2031,2419.4693,1
51-8021,41-3091,4558.5993,1
51-8021,43-4171,5219.8621,1
51-8021,43-5021,8027.5073,1
51-8021,43-5041,1685.0285,1
51-8021,43-9061,2341.189,1
51-8021,47-2073,6715.4421,2
51-8021,47-2111,4386.2091,1
51-8021,47-2141,2383.4031,1
51-8021,49-1011,9773.057499999999,2
51-8021,49-9021,1534.6275,1
51-8021,49-9071,4765.0491,2
51-8021,51-1011,702.6479,1
51-8021,53-7062,4508.1384,1
51-8031,11-1021,4150.1184,1
51-8031,11-9041,5413.1057,2
51-8031,13-2011,4526.6161,1
51-8031,13-2099,4110.1144,1
51-8031,15-2031,4782.4915,1
51-8031,17-2141,513.9546,1
51-8031,27-3041,4351.2571,1
51-8031,31-9092,940.6573,1
51-8031,43-4051,21202.567000000003,4
51-8031,43-5021,4858.3598,1
51-8031,43-5041,6011.6829,2
51-8031,47-2073,608.6495,1
51-8031,47-2111,1551.0087,1
51-8031,49-1011,1968.8306,1
51-8031,49-3031,4747.4237,1
51-8031,49-9071,7414.505,2
51-8031,51-1011,6545.546899999999,2
51-8031,51-8021,2758.3631,1
51-8031,51-9061,4559.6044999999995,2
51-8031,53-7199,1565.0662,1
51-9041,43-3031,1650.9000999999998,2
51-9041,43-5021,865.664,1
51-9041,51-1011,1240.9155,1
51-9041,51-4041,984.1429,1
51-9041,51-9061,2735.3696,2
51-9041,53-7062,1271.7487,1
51-9041,53-7064,5727.1847,2
51-9041,53-7065,1844.5945,1
51-9051,19-4031,955.709,1
51-9051,41-1011,5033.7266,1
51-9051,47-1011,402.2674,1
51-9051,51-8031,4807.9852,1
51-9051,51-9196,951.4027,1
51-9051,53-7061,3427.6905,1
51-9051,53-7062,5149.0385,1
51-9061,11-3021,1178.1,1
51-9061,11-3031,1505.8529,1
51-9061,11-3051,44107.2443,12
51-9061,11-3071,9875.524099999999,3
51-9061,11-9013,4284.412700000001,2
51-9061,11-9021,15591.7457,4
51-9061,11-9051,3840.6523,1
51-9061,11-9081,4084.3635,1
51-9061,11-9111,495.0719,1
51-9061,11-9121,4183.2852,1
51-9061,11-9141,5755.2651,2
51-9061,11-9151,3321.1313,1
51-9061,13-1011,5090.5814,1
51-9061,13-1022,3738.8248,1
51-9061,13-1041,5536.8079,3
51-9061,13-1051,5152.1559,1
51-9061,13-1111,10374.1169,2
51-9061,13-1121,2557.0113,1
51-9061,13-1151,4780.4821,1
51-9061,13-1161,2736.4298,1
51-9061,13-1199,52325.8315,15
51-9061,13-2011,4490.3238,1
51-9061,13-2052,2184.2707,1
51-9061,13-2099,7559.9138,2
51-9061,15-1211,1676.769,1
51-9061,15-1242,3961.2848,1
51-9061,15-1251,3978.8145,1
51-9061,15-1253,6048.483,2
51-9061,17-2011,1843.9664,1
51-9061,17-2041,4635.8306,1
51-9061,17-2051,1715.1183,1
51-9061,17-2061,4610.3757,1
51-9061,17-2141,4472.5619,1
51-9061,17-2199,12978.2605,4
51-9061,19-4031,4905.9103,2
51-9061,23-1011,2741.9349,1
51-9061,23-2011,4280.4861,1
51-9061,27-2012,3898.2172,1
51-9061,29-1031,2501.0173,1
51-9061,29-1123,5546.66,2
51-9061,29-1141,17230.7979,3
51-9061,29-1292,966.008,1
51-9061,29-2081,621.3743,1
51-9061,31-1122,9779.467,2
51-9061,31-9097,6597.447,1
51-9061,33-3051,9551.2389,2
51-9061,33-9093,2713.7614,1
51-9061,35-2021,5524.2979,2
51-9061,35-3011,870.7886,1
51-9061,35-3031,4738.1303,1
51-9061,35-3041,3766.2665,1
51-9061,35-9011,4213.1736,1
51-9061,37-1011,5201.5583,1
51-9061,37-2012,10276.753100000002,4
51-9061,37-2021,3489.5829,1
51-9061,39-5012,6468.316,1
51-9061,41-1011,34881.9724,10
51-9061,41-1012,39424.0054,8
51-9061,41-2022,2234.8532,1
51-9061,41-2031,26952.299,8
51-9061,41-3031,1378.5862,1
51-9061,41-9099,10226.4536,3
51-9061,43-1011,9780.5466,3
51-9061,43-3021,1767.3165,1
51-9061,43-3031,10930.3708,5
51-9061,43-4051,24294.8946,5
51-9061,43-4111,1574.9011,1
51-9061,43-4171,23203.6603,7
51-9061,43-5021,33476.0181,6
51-9061,43-5061,4493.1555,1
51-9061,43-5071,47858.0539,11
51-9061,43-5111,37630.9245,12
51-9061,43-9021,4453.2734,1
51-9061,43-9061,4486.9774,1
51-9061,43-9111,6149.6892,1
51-9061,45-1011,1736.6429,1
51-9061,45-2011,13069.739300000001,3
51-9061,47-1011,8225.3666,3
51-9061,47-2031,19678.673300000002,4
51-9061,47-2061,13205.0321,4
51-9061,47-2073,382.267,1
51-9061,47-2111,11877.6584,4
51-9061,47-2141,9284.2964,2
51-9061,47-4011,54605.0346,15
51-9061,47-4041,4769.0656,1
51-9061,49-1011,10397.0972,2
51-9061,49-3011,7093.311000000001,3
51-9061,49-3021,3620.9308,1
51-9061,49-3023,31867.759899999997,6
51-9061,49-3031,4565.8012,1
51-9061,49-9021,4770.2943,2
51-9061,49-9044,3820.3866,1
51-9061,49-9052,8291.1875,2
51-9061,51-1011,79017.6019,22
51-9061,51-3011,5272.7103,1
51-9061,51-3099,4139.6101,1
51-9061,51-4041,1042.7607,1
51-9061,51-4199,18694.2003,6
51-9061,51-5111,5166.2002,1
51-9061,51-8031,4705.34,2
51-9061,51-9111,14367.8878,4
51-9061,51-9198,6820.4953,1
51-9061,53-6031,9714.784,2
51-9061,53-6051,14801.1719,6
51-9061,53-7051,12955.7248,3
51-9061,53-7061,7368.1272,1
51-9061,53-7062,110932.4042,27
51-9061,53-7064,16007.6974,6
51-9061,53-7065,24203.9419,7
51-9061,53-7081,7687.0118,2
51-9061,53-7199,1175.3451,1
51-9071,15-1253,3272.2211,1
51-9071,23-2011,2000.2872,1
51-9071,29-1141,779.5492,1
51-9071,35-3031,3793.809,1
51-9071,41-1011,10676.0945,7
51-9071,41-2031,5224.3392,5
51-9071,43-4051,761.8334,1
51-9071,51-4199,2548.5637,1
51-9111,11-3061,4812.4586,1
51-9111,11-9051,5981.7054,1
51-9111,13-1023,1068.58,1
51-9111,13-1161,6607.395,1
51-9111,13-2051,705.4406,1
51-9111,15-1253,10677.0688,3
51-9111,21-2011,4615.3995,1
51-9111,27-3043,2606.1302,1
51-9111,29-1141,5013.6206999999995,2
51-9111,31-1122,11571.039400000001,3
51-9111,31-9091,3845.4681,1
51-9111,31-9097,4123.5015,1
51-9111,35-3031,5849.8861,2
51-9111,35-9021,4453.2556,1
51-9111,35-9031,12471.0006,2
51-9111,37-2012,13988.9954,4
51-9111,39-2021,4236.8896,1
51-9111,39-5011,3561.7166,1
51-9111,41-1011,9364.6708,3
51-9111,41-2031,1685.742,1
51-9111,41-3031,7447.529,1
51-9111,43-1011,5883.8631,1
51-9111,43-3021,1454.383,1
51-9111,43-4071,4568.7975,1
51-9111,43-4171,5499.901,1
51-9111,43-5021,4258.0679,1
51-9111,43-5061,5836.9198,2
51-9111,43-5071,17474.7114,4
51-9111,43-9051,11273.463899999999,2
51-9111,43-9061,4691.3392,1
51-9111,43-9071,4047.169,1
51-9111,45-2011,2183.3704,1
51-9111,45-2041,27563.9741,6
51-9111,47-1011,4132.93,1
51-9111,47-2031,4531.7639,2
51-9111,47-2061,2271.7224,1
51-9111,47-2073,1724.5234,1
51-9111,47-2211,4130.1252,1
51-9111,49-3021,6986.0247,1
51-9111,49-3023,4992.8992,1
51-9111,49-9071,382.3871,1
51-9111,51-1011,9012.961,2
51-9111,51-3011,9556.1506,2
51-9111,51-3092,11289.1681,5
51-9111,51-3093,4965.8086,1
51-9111,51-3099,23443.5505,9
51-9111,51-4199,14914.295699999999,3
51-9111,51-6031,5372.5139,1
51-9111,51-9061,22919.7324,5
51-9111,51-9195,6343.3874,1
51-9111,51-9198,16845.5194,4
51-9111,53-7041,3594.8665,1
51-9111,53-7051,10801.3987,4
51-9111,53-7061,6924.9285,2
51-9111,53-7062,78111.6266,19
51-9111,53-7064,137273.2935,35
51-9111,53-7065,20747.8642,7
51-9111,53-7081,4813.0278,1
51-9151,11-3031,14647.9233,2
51-9151,11-9021,4618.8588,1
51-9151,11-9151,2751.1252,1
51-9151,13-1111,8434.9181,2
51-9151,13-1161,974.2893,1
51-9151,15-1251,4757.8727,1
51-9151,15-1253,2192.8617,1
51-9151,27-3041,3108.6752,1
51-9151,27-4021,4284.6131,1
51-9151,37-2012,5236.5387,1
51-9151,41-2031,5487.6593,2
51-9151,41-3091,5479.9184,1
51-9151,43-3099,3147.914,1
51-9151,43-4051,4044.7709,2
51-9151,47-2061,4883.0486,1
51-9151,49-1011,1269.8911,1
51-9151,51-4041,4795.521,1
51-9151,53-7062,12894.7421,2
51-9191,13-1081,1985.388,1
51-9191,41-1011,2309.1636,1
51-9191,47-2061,4976.8605,1
51-9194,43-1011,2075.9574,1
51-9194,47-2121,5048.5795,1
51-9194,49-9098,3923.2207,1
51-9194,51-5112,5347.7326,1
51-9195,11-1011,4348.5178,1
51-9195,11-9021,2478.8667,1
51-9195,17-2051,2578.5398,1
51-9195,41-1011,3640.0637,1
51-9195,47-2031,1204.3337,1
51-9195,47-2061,6503.8591,1
51-9195,47-2211,5104.1815,1
51-9195,51-1011,5756.873,1
51-9195,51-4031,5871.9935,1
51-9195,51-7099,623.0216,1
51-9195,53-7062,10359.8013,3
51-9195,53-7065,3983.5306,1
51-9196,11-3051,3761.1465,1
51-9196,11-9121,4966.3527,1
51-9196,37-2012,4361.9367,1
51-9196,43-9061,5188.3205,1
51-9196,49-9098,3905.8369,1
51-9196,51-5112,1479.5742,1
51-9196,53-7051,1204.8852,1
51-9196,53-7062,2997.1928,1
51-9196,53-7064,4130.8475,1
51-9197,13-1199,2352.5882,1
51-9197,15-1253,5297.0881,1
51-9197,47-2031,3663.2776,1
51-9198,11-3031,1115.2233,1
51-9198,11-9081,664.1901,1
51-9198,25-4022,5107.6614,1
51-9198,35-3031,2489.0703,1
51-9198,35-9021,5592.4271,1
51-9198,39-2021,3398.0229,1
51-9198,39-9011,4262.359399999999,2
51-9198,41-1011,3582.7796,1
51-9198,41-2031,6226.5389,2
51-9198,43-3051,2268.8954,1
51-9198,43-4031,4010.0411,1
51-9198,43-4051,6466.5283,1
51-9198,43-4181,5843.6697,1
51-9198,43-9061,3980.4762,1
51-9198,45-2041,5795.538,1
51-9198,47-2061,22742.6673,6
51-9198,47-2221,1629.4543,1
51-9198,49-3023,10055.2945,2
51-9198,51-1011,4719.7283,1
51-9198,51-4199,8131.008599999999,2
51-9198,51-5112,4311.779,1
51-9198,51-6011,3284.8801,1
51-9198,51-9071,454.8759,1
51-9198,53-7062,14006.375,4
51-9198,53-7065,9730.1093,2
53-2031,11-3031,3883.3779,1
53-2031,13-2011,4014.7573,1
53-2031,13-2082,1281.976,1
53-2031,29-1141,4784.2522,1
53-2031,31-1122,2874.6518,1
53-2031,35-1012,640.4055,1
53-2031,37-2012,1156.1693,1
53-2031,41-1011,5189.7065,1
53-2031,41-3041,4735.2413,1
53-2031,43-1011,2570.2978,1
53-2031,49-3011,5004.9146,1
53-2031,53-6061,4754.5702,1
53-2031,53-7062,6170.2987,1
53-3011,11-3131,5101.3065,1
53-3011,11-9051,2656.8603,1
53-3011,33-2011,4310.2906,1
53-3011,53-3099,6533.5814,1
53-3011,53-7051,2019.6298,1
53-3099,11-1011,3199.9362,1
53-3099,11-1021,5026.5295,1
53-3099,11-3021,1398.8184,1
53-3099,11-3031,4400.6509,1
53-3099,11-3071,7815.7551,2
53-3099,11-9013,1387.9547,1
53-3099,11-9051,4190.8983,1
53-3099,13-1022,2146.5472,1
53-3099,13-1199,2295.4928,1
53-3099,15-1251,7584.8348,1
53-3099,15-1253,3199.4247,1
53-3099,17-2141,3994.5896,1
53-3099,29-1141,520.7309,1
53-3099,29-2061,5536.9909,1
53-3099,31-1122,14846.258699999998,5
53-3099,33-9091,2631.5694,1
53-3099,35-1011,5603.2893,2
53-3099,35-2021,4538.3443,1
53-3099,35-3041,8460.1452,1
53-3099,35-9011,2525.9716,1
53-3099,35-9031,1630.5667,1
53-3099,37-2012,1481.4224,1
53-3099,39-5012,4060.4135,1
53-3099,39-9011,360.6225,1
53-3099,41-1011,3880.1486,1
53-3099,41-2031,10126.7156,4
53-3099,43-4031,2848.3548,1
53-3099,43-4051,14512.590199999999,3
53-3099,43-4171,1299.6443,1
53-3099,43-5021,23791.1225,7
53-3099,43-5061,619.7625,1
53-3099,43-5071,8307.658,1
53-3099,43-9021,1171.431,1
53-3099,43-9041,4653.9212,1
53-3099,47-2031,4429.9226,1
53-3099,47-2061,8024.0649,1
53-3099,47-2073,563.7661,1
53-3099,49-3011,4175.8845,1
53-3099,49-3023,4115.8642,1
53-3099,51-4199,627.9403,1
53-3099,51-9061,5539.0094,1
53-3099,53-3011,4433.8277,1
53-3099,53-6021,23587.5581,3
53-3099,53-7051,4428.6396,2
53-3099,53-7061,5746.0593,1
53-3099,53-7062,4886.8903,2
53-3099,53-7065,7717.124100000001,2
53-3099,53-7081,3962.6701,1
53-5011,35-3031,1748.0395,1
53-5011,49-3031,5065.8837,1
53-5011,53-7061,5248.9594,2
53-5011,53-7062,6054.9853,3
53-6021,11-1011,4585.2993,1
53-6021,13-1111,5485.9256,1
53-6021,31-1122,8843.107,2
53-6021,35-3031,2307.7686,1
53-6021,35-9021,9588.7576,2
53-6021,39-5012,2234.3867,1
53-6021,41-2031,5278.4121,1
53-6021,43-3021,4574.6917,1
53-6021,43-9061,5060.7531,1
53-6021,47-2061,4215.625,1
53-6021,49-3023,1070.1717,1
53-6021,51-5112,4513.9308,1
53-6021,53-3099,10553.8407,2
53-6021,53-6031,3729.6638000000003,3
53-6021,53-7051,5282.847,1
53-6021,53-7062,358.8972,1
53-6031,11-3031,1589.0797,1
53-6031,11-9013,2470.9248,1
53-6031,13-1111,3719.9203,1
53-6031,29-1141,867.4793,1
53-6031,31-1122,2973.8513,1
53-6031,31-9097,7901.8201,1
53-6031,35-1011,928.7705,1
53-6031,35-3011,2705.6835,1
53-6031,41-1011,6770.9654,3
53-6031,41-1012,2529.2304999999997,2
53-6031,41-2031,12839.2667,4
53-6031,43-4051,31574.3674,9
53-6031,43-4131,4476.2915,1
53-6031,43-5021,1337.5533,1
53-6031,47-2031,4678.1919,1
53-6031,47-2061,5600.803400000001,2
53-6031,47-2141,1880.4403,1
53-6031,47-4011,1326.956,1
53-6031,49-3023,25723.7988,9
53-6031,49-3031,5051.2515,2
53-6031,49-9043,528.5897,1
53-6031,51-4041,4024.9594,1
53-6031,51-4199,4509.1224,1
53-6031,51-8031,2058.6446,1
53-6031,51-9061,9704.1808,2
53-6031,53-6051,3089.0821,1
53-6031,53-7051,3982.3898,2
53-6031,53-7061,2190.1125,1
53-6031,53-7062,4536.1224,2
53-6031,53-7065,10675.4891,3
53-6051,11-9013,5346.5022,1
53-6051,13-1041,345.2565,1
53-6051,13-1111,1040.733,2
53-6051,15-1211,5511.5209,1
53-6051,17-2011,1661.8884,1
53-6051,17-2051,3363.2393,1
53-6051,31-1122,4895.6462,1
53-6051,33-9093,6697.5319,2
53-6051,41-1011,924.4797,1
53-6051,43-4111,5116.6825,1
53-6051,47-1011,2023.053,1
53-6051,47-2031,6642.3912,1
53-6051,49-3023,1934.1935,1
53-6051,49-3031,6749.1080999999995,2
53-6051,51-8031,968.2814,1
53-6051,51-9061,18656.6239,6
53-6061,29-1141,12454.3488,1
53-6061,31-1122,3673.973,1
53-6061,35-3031,5902.1703,1
53-6061,39-9011,6009.7752,1
53-6061,43-4051,4964.2092999999995,2
53-6061,43-5071,10414.002,1
53-6061,51-4199,3543.8429,1
53-6061,53-7065,4437.8608,1
53-7021,11-9013,1477.7082,1
53-7021,17-2051,3882.0822,1
53-7021,21-1093,4790.8077,1
53-7021,37-2012,5539.8227,2
53-7021,47-2031,2034.5104,1
53-7021,47-2073,17299.2388,5
53-7021,47-2111,2237.859,1
53-7021,47-2211,3755.098,1
53-7021,49-9044,2528.7287,1
53-7021,49-9052,5248.5018,1
53-7021,51-1011,3039.2414,1
53-7021,53-7061,1771.8557,1
53-7021,53-7062,10781.4842,2
53-7021,53-7081,6603.4636,1
53-7041,11-9013,3813.8418,1
53-7041,11-9021,3110.8469,2
53-7041,35-1012,5791.7469,1
53-7041,37-2012,1458.6573,1
53-7041,47-1011,3370.9746,1
53-7041,47-2031,6002.6044,1
53-7041,47-2061,24481.4488,5
53-7041,47-2073,14574.247800000001,7
53-7041,47-2111,7369.4743,1
53-7041,47-5023,4446.0021,1
53-7041,49-3011,3413.9273,1
53-7041,49-9021,1519.4487,1
53-7041,49-9052,5552.3653,1
53-7041,49-9071,5082.7239,2
53-7041,53-7062,5406.442,2
53-7051,11-1021,5577.7224,2
53-7051,11-3071,15759.554100000001,4
53-7051,11-3121,6405.7642,1
53-7051,11-9013,409.5183,1
53-7051,11-9021,11672.5106,2
53-7051,11-9051,4281.5961,1
53-7051,11-9141,4639.878,1
53-7051,13-1021,5481.6325,1
53-7051,13-1022,4521.3563,1
53-7051,13-1081,5377.6951,2
53-7051,13-1199,4506.4438,1
53-7051,15-1212,3908.1604,1
53-7051,15-1242,4705.5411,1
53-7051,17-2081,4485.6983,1
53-7051,17-2141,717.4172,1
53-7051,21-1093,3951.2022,1
53-7051,21-2011,3745.8947,1
53-7051,23-1011,6794.594,2
53-7051,29-1141,2889.8996,1
53-7051,29-2061,1796.5803,1
53-7051,31-9096,5064.3738,1
53-7051,33-9021,4613.2676,1
53-7051,33-9091,1024.947,1
53-7051,35-1011,5648.8775,1
53-7051,35-1012,7919.0494,1
53-7051,35-3031,4800.6728,2
53-7051,37-1012,3953.0398,1
53-7051,37-2012,888.0707,1
53-7051,39-5011,2030.7057,1
53-7051,39-9011,10871.0008,2
53-7051,41-1011,15836.5009,2
53-7051,41-1012,17320.2258,4
53-7051,41-2031,29054.8067,9
53-7051,41-3031,6203.6366,1
53-7051,41-3091,1443.6686,1
53-7051,41-9099,4957.5347,1
53-7051,43-1011,3127.9948,1
53-7051,43-3099,4710.2437,1
53-7051,43-4051,1771.7401,1
53-7051,43-5011,5223.3794,1
53-7051,43-5021,12458.9517,3
53-7051,43-5061,6120.7904,1
53-7051,43-5071,36575.0496,11
53-7051,43-5111,8006.9946,2
53-7051,43-9051,7768.2777,1
53-7051,43-9061,4230.9112000000005,2
53-7051,45-2041,1345.9155,1
53-7051,47-1011,4422.2573,1
53-7051,47-2031,1303.7978,1
53-7051,47-2061,64624.1428,17
53-7051,47-2073,26364.9366,5
53-7051,47-2111,4142.3759,1
53-7051,47-2141,3809.1658,1
53-7051,47-2211,1918.9339,1
53-7051,47-4031,4040.1459,1
53-7051,49-1011,2920.2968,1
53-7051,49-2011,799.4618,1
53-7051,49-3023,18273.237,4
53-7051,49-3031,5463.5145999999995,2
53-7051,49-9071,9206.5524,2
53-7051,49-9091,927.0327,1
53-7051,51-1011,15531.734100000001,4
53-7051,51-2041,4501.4079,1
53-7051,51-3011,3852.641,1
53-7051,51-3099,5884.4618,2
53-7051,51-4041,5435.9169,2
53-7051,51-4111,1848.7512,1
53-7051,51-4199,27085.0442,6
53-7051,51-6031,3937.417,1
53-7051,51-6064,4355.2708,1
53-7051,51-6099,1947.5687,1
53-7051,51-7011,5711.8235,1
53-7051,51-9051,1863.4478,1
53-7051,51-9061,9670.985,3
53-7051,51-9111,6077.603999999999,2
53-7051,51-9198,6888.5188,1
53-7051,53-7021,3926.9878,1
53-7051,53-7061,14662.763500000001,3
53-7051,53-7062,211960.5185,54
53-7051,53-7064,26849.451500000003,6
53-7051,53-7065,46735.7333,12
53-7051,53-7081,7731.7633000000005,2
53-7051,53-7199,3432.9707,1
53-7061,11-1011,7333.0334,1
53-7061,11-3051,3723.3186,1
53-7061,11-3071,4083.0728,1
53-7061,11-9013,4688.9676,1
53-7061,11-9021,4095.6837,1
53-7061,11-9141,2947.3794,1
53-7061,11-9151,524.6665,1
53-7061,13-2051,5795.7463,1
53-7061,15-1253,5189.6875,1
53-7061,21-2011,2643.7223,1
53-7061,23-1011,2739.9149,1
53-7061,29-1141,5508.8143,1
53-7061,31-1122,9706.5604,2
53-7061,31-9097,5041.7444,1
53-7061,33-1011,3881.9926,1
53-7061,33-3051,1760.3699,1
53-7061,35-2021,2013.9375,1
53-7061,35-3031,15873.501100000001,4
53-7061,35-3041,11197.5198,3
53-7061,35-9011,1098.8661,1
53-7061,35-9021,9727.1576,2
53-7061,37-1012,4855.8536,1
53-7061,37-2012,33051.6054,9
53-7061,41-1011,13541.0704,3
53-7061,41-1012,32000.7285,7
53-7061,41-2021,2101.9633,1
53-7061,41-2031,15795.6711,4
53-7061,41-3091,2150.2662,1
53-7061,41-9099,4381.6699,1
53-7061,43-1011,6117.2722,1
53-7061,43-2021,2913.0605,1
53-7061,43-3031,1302.455,1
53-7061,43-3099,4090.594,1
53-7061,43-4051,41399.1291,10
53-7061,43-4061,5479.2726,1
53-7061,43-4171,3643.5256,1
53-7061,43-5021,14310.4695,5
53-7061,43-5061,2092.4096,1
53-7061,43-5071,1310.3748,1
53-7061,43-9021,2714.3262,1
53-7061,43-9061,20280.234,3
53-7061,43-9199,17472.6122,4
53-7061,45-2041,4199.9954,1
53-7061,47-1011,538.9238,1
53-7061,47-2031,11877.0426,2
53-7061,47-2061,54346.6998,11
53-7061,47-2073,4579.1546,1
53-7061,47-2111,4946.6774,1
53-7061,47-2141,4401.9102,1
53-7061,47-4041,4106.5017,1
53-7061,49-1011,4134.1423,1
53-7061,49-3011,20077.8381,5
53-7061,49-3021,5402.7739,1
53-7061,49-3023,23174.7183,6
53-7061,49-9021,6465.5357,2
53-7061,49-9071,5054.373,1
53-7061,51-4031,4676.8468,1
53-7061,51-4199,4747.0606,1
53-7061,51-6011,5839.9278,1
53-7061,51-6031,1257.215,1
53-7061,51-7041,1812.8603,1
53-7061,51-9051,4327.6484,1
53-7061,51-9061,9858.395,2
53-7061,51-9195,4921.8563,1
53-7061,53-3099,33658.649,6
53-7061,53-5011,4863.5454,2
53-7061,53-6021,624.9557,1
53-7061,53-7051,6863.5585,1
53-7061,53-7062,26835.3872,10
53-7061,53-7064,4504.3702,2
53-7061,53-7065,17088.1678,4
53-7061,53-7081,5226.7928,1
53-7062,11-1011,16252.8504,3
53-7062,11-1021,41212.4194,10
53-7062,11-3021,4268.418,1
53-7062,11-3031,9056.6315,2
53-7062,11-3061,4081.3645,1
53-7062,11-3071,26245.7863,8
53-7062,11-3121,8850.2246,2
53-7062,11-9013,31287.2805,9
53-7062,11-9021,7471.8732,4
53-7062,11-9051,39929.3542,10
53-7062,11-9081,4544.7981,1
53-7062,11-9111,5943.3832999999995,3
53-7062,11-9141,22696.2477,6
53-7062,11-9151,4114.6313,1
53-7062,13-1011,2522.2547,1
53-7062,13-1022,5579.223,2
53-7062,13-1023,14820.0166,6
53-7062,13-1081,42077.9165,9
53-7062,13-1111,6957.2998,2
53-7062,13-1121,18038.590799999998,4
53-7062,13-1131,1359.8348,1
53-7062,13-1151,4054.7271,1
53-7062,13-1161,1927.733,1
53-7062,13-1199,34640.1075,9
53-7062,13-2011,18411.7602,5
53-7062,15-1211,5541.5201,1
53-7062,15-1212,5835.8685000000005,3
53-7062,15-1221,4080.5068,1
53-7062,15-1251,3361.082,1
53-7062,15-1253,24322.8285,7
53-7062,17-2011,3644.7643,1
53-7062,17-2041,1176.8652,1
53-7062,17-2051,5420.2559,2
53-7062,17-2141,18017.2458,4
53-7062,17-2199,12057.3034,3
53-7062,19-2099,2913.0196,1
53-7062,19-4021,959.333,1
53-7062,21-2011,5543.8517,1
53-7062,23-2011,3937.1795,1
53-7062,25-4031,675.5467,1
53-7062,27-2012,747.2302,1
53-7062,27-4021,7120.7958,2
53-7062,29-1129,5118.5542,1
53-7062,29-1141,27261.4368,7
53-7062,29-2061,7835.6939,2
53-7062,31-1122,59481.1111,14
53-7062,31-9091,991.0263,1
53-7062,31-9092,5212.215,2
53-7062,31-9095,639.0493,1
53-7062,31-9096,6120.8813,1
53-7062,33-3051,13035.7729,4
53-7062,33-9011,2548.0272999999997,2
53-7062,33-9021,4286.7788,1
53-7062,33-9091,1336.7406,2
53-7062,35-1011,16702.1434,4
53-7062,35-1012,23369.6806,5
53-7062,35-2021,54616.8869,15
53-7062,35-3011,19311.8834,6
53-7062,35-3031,49603.9726,13
53-7062,35-3041,7279.815699999999,2
53-7062,35-9011,10539.7939,4
53-7062,35-9021,24771.8214,4
53-7062,35-9031,4129.8343,1
53-7062,37-1011,9382.2294,2
53-7062,37-1012,16446.7869,4
53-7062,37-2012,80334.1894,22
53-7062,37-2021,530.1015,1
53-7062,39-2021,7588.9673,2
53-7062,39-5011,14655.025,3
53-7062,39-5012,10122.4336,3
53-7062,39-9011,29429.5689,8
53-7062,41-1011,94825.1051,31
53-7062,41-1012,27595.6964,9
53-7062,41-2021,4792.7419,1
53-7062,41-2022,8154.083,3
53-7062,41-2031,158717.9612,43
53-7062,41-3011,2077.621,2
53-7062,41-3021,2826.4049,2
53-7062,41-3031,6147.4418,2
53-7062,41-3041,646.3502,1
53-7062,41-3091,43057.1644,9
53-7062,41-9099,8840.155200000001,5
53-7062,43-1011,20394.9581,5
53-7062,43-3021,8824.8612,4
53-7062,43-3031,13956.9869,4
53-7062,43-3051,3829.2424,1
53-7062,43-3099,7966.7335,1
53-7062,43-4051,93711.3488,28
53-7062,43-4071,1520.093,1
53-7062,43-4081,5223.510899999999,2
53-7062,43-4111,4037.4539,1
53-7062,43-4121,1439.8536,1
53-7062,43-4131,6006.7627,1
53-7062,43-4151,21761.767099999997,5
53-7062,43-4171,8484.4638,2
53-7062,43-4181,21257.6785,4
53-7062,43-4199,5505.8175,1
53-7062,43-5011,13850.4823,4
53-7062,43-5021,97718.2196,25
53-7062,43-5041,3270.5385,2
53-7062,43-5052,17173.3583,4
53-7062,43-5061,9721.3996,4
53-7062,43-5071,191580.56710000001,53
53-7062,43-5111,15850.034,4
53-7062,43-9051,9081.7718,2
53-7062,43-9061,39599.1729,14
53-7062,43-9071,10608.9815,2
53-7062,43-9199,13717.3401,4
53-7062,45-2041,8482.008600000001,2
53-7062,47-1011,33695.5138,9
53-7062,47-2031,84253.5824,21
53-7062,47-2061,323747.1107,86
53-7062,47-2073,28175.098299999998,8
53-7062,47-2111,45290.711899999995,12
53-7062,47-2121,5015.5026,1
53-7062,47-2141,29013.818,9
53-7062,47-2161,3114.1675,1
53-7062,47-2181,14522.909,3
53-7062,47-2211,14355.053899999999,3
53-7062,47-2221,422.9143,1
53-7062,47-4031,6393.457700000001,2
53-7062,47-4051,2587.92,3
53-7062,47-4061,3758.6527,1
53-7062,49-1011,5455.4569,1
53-7062,49-2011,3039.5386,1
53-7062,49-2097,4968.4847,2
53-7062,49-2098,10004.931100000002,2
53-7062,49-3011,3918.4847,1
53-7062,49-3021,6297.900900000001,2
53-7062,49-3023,49775.0549,13
53-7062,49-3031,38828.2027,9
53-7062,49-9021,23271.1095,5
53-7062,49-9031,4838.6622,2
53-7062,49-9044,10366.8467,3
53-7062,49-9051,5665.6109,1
53-7062,49-9052,4717.9037,1
53-7062,49-9071,42287.2769,14
53-7062,49-9091,2651.5223,1
53-7062,49-9096,6171.7875,1
53-7062,51-1011,23749.3621,9
53-7062,51-2041,5930.7402,2
53-7062,51-3011,11028.6806,4
53-7062,51-3092,4438.2368,1
53-7062,51-3093,5085.8165,1
53-7062,51-3099,19528.8296,8
53-7062,51-4021,1510.7748,1
53-7062,51-4031,7846.8051000000005,3
53-7062,51-4041,9853.1415,4
53-7062,51-4111,2450.4483999999998,3
53-7062,51-4199,39276.3459,13
53-7062,51-5111,3182.7322,1
53-7062,51-5112,19298.8344,6
53-7062,51-6011,2715.0568,1
53-7062,51-6031,9352.6495,2
53-7062,51-6041,1622.9346,1
53-7062,51-6099,3570.9076,1
53-7062,51-7011,2714.2388,1
53-7062,51-7041,14535.1579,4
53-7062,51-7042,10220.19,3
53-7062,51-7099,5189.8523,1
53-7062,51-9051,4167.6973,1
53-7062,51-9061,65841.7781,19
53-7062,51-9111,57930.2548,18
53-7062,51-9151,7903.9522,1
53-7062,51-9195,7394.3438,3
53-7062,51-9196,4077.7061000000003,2
53-7062,51-9198,7346.8196,1
53-7062,53-2031,5986.4603,2
53-7062,53-3099,9488.7049,4
53-7062,53-5011,2449.7183,2
53-7062,53-6021,1423.7678,1
53-7062,53-6061,8604.3315,1
53-7062,53-7021,9269.3215,3
53-7062,53-7041,3533.8496,1
53-7062,53-7051,222476.1554,51
53-7062,53-7061,54951.495800000004,19
53-7062,53-7063,5321.647,1
53-7062,53-7064,320602.2103,75
53-7062,53-7065,397634.7322,119
53-7062,53-7081,37503.1621,9
53-7062,53-7199,38638.9475,9
53-7063,11-9013,563.8325,1
53-7063,15-1254,1326.2478,1
53-7063,39-2021,4813.6638,1
53-7063,41-2031,926.5379,1
53-7063,41-3091,796.9168,1
53-7063,43-3031,4886.5906,1
53-7063,51-3011,9898.124899999999,3
53-7063,51-3099,7009.3006,1
53-7063,51-4031,5110.2794,1
53-7063,51-7099,4203.118,1
53-7063,51-9111,4201.613,2
53-7063,53-7062,6055.3387999999995,2
53-7063,53-7064,7177.873,2
53-7063,53-7065,9271.8272,2
53-7064,11-1011,5563.0116,1
53-7064,11-3071,11991.2919,2
53-7064,11-9013,10069.1918,2
53-7064,11-9051,9793.2187,4
53-7064,11-9081,5075.5579,1
53-7064,13-1022,6409.4288,2
53-7064,13-1041,797.1997,1
53-7064,13-1081,4067.7296,1
53-7064,13-1151,7094.4587,1
53-7064,13-1199,5333.827700000001,2
53-7064,13-2099,6361.8947,1
53-7064,15-1253,2218.8423,1
53-7064,17-2051,12313.0249,1
53-7064,17-2081,7758.991,1
53-7064,17-2199,4457.6772,1
53-7064,21-1093,3526.9075,1
53-7064,27-2011,6944.1269,1
53-7064,27-3031,4618.7742,1
53-7064,29-1051,1754.1335,1
53-7064,29-1141,6538.5643,2
53-7064,29-2061,5992.678,1
53-7064,31-1122,9974.2886,3
53-7064,31-9092,9369.5086,2
53-7064,31-9095,3120.7599,1
53-7064,31-9097,1313.9154,1
53-7064,33-9011,6225.1799,1
53-7064,33-9021,1575.8559,1
53-7064,35-1011,4878.4597,1
53-7064,35-1012,4459.5319,1
53-7064,35-2021,19465.536099999998,5
53-7064,35-3031,23479.0073,6
53-7064,35-9011,434.6792,1
53-7064,35-9021,10923.508,1
53-7064,37-2012,57744.2195,13
53-7064,39-5012,22199.5478,4
53-7064,39-9011,5328.307199999999,2
53-7064,41-1011,35053.2633,11
53-7064,41-1012,7621.4607,1
53-7064,41-2021,606.1406,1
53-7064,41-2031,39375.8671,9
53-7064,41-3021,6228.2323,1
53-7064,41-3091,1007.6571,1
53-7064,41-9099,7512.9334,2
53-7064,43-1011,3239.6484,2
53-7064,43-3031,9267.687300000001,2
53-7064,43-3071,7253.3853,1
53-7064,43-4051,28069.0537,9
53-7064,43-4151,2122.8987,1
53-7064,43-4171,4726.3423,3
53-7064,43-4181,3378.2381,1
53-7064,43-4199,6360.0259,1
53-7064,43-5011,4496.2501,1
53-7064,43-5021,21095.5318,5
53-7064,43-5053,11378.3745,2
53-7064,43-5071,105359.0228,26
53-7064,43-9021,5080.9489,1
53-7064,43-9051,4326.6686,1
53-7064,43-9061,16200.029999999999,5
53-7064,43-9071,1029.5161,1
53-7064,43-9199,6258.8909,2
53-7064,45-2041,42954.3927,10
53-7064,47-2031,7112.6254,2
53-7064,47-2061,16030.055199999999,3
53-7064,47-2073,2133.0921,1
53-7064,49-3011,4096.2796,1
53-7064,49-3023,14704.1722,3
53-7064,49-3031,483.2199,1
53-7064,51-1011,6012.7302,3
53-7064,51-3011,1374.0291,1
53-7064,51-3092,1744.3235,1
53-7064,51-3093,845.8813,1
53-7064,51-3099,11008.246000000001,4
53-7064,51-4031,4764.069,1
53-7064,51-4199,21847.4246,5
53-7064,51-5112,1814.1915,1
53-7064,51-6031,5380.5316,2
53-7064,51-7041,4350.9296,1
53-7064,51-8021,8099.118,1
53-7064,51-8031,9793.467700000001,2
53-7064,51-9061,24055.585199999998,8
53-7064,51-9111,147180.3787,36
53-7064,51-9195,8243.5158,2
53-7064,51-9198,1874.4681,1
53-7064,53-6021,704.3793,1
53-7064,53-6031,6581.9592,1
53-7064,53-7041,5373.0594,1
53-7064,53-7051,56394.249299999996,10
53-7064,53-7061,12820.2438,4
53-7064,53-7062,348674.3325,79
53-7064,53-7065,99708.5826,21
53-7064,53-7081,3235.0751,1
53-7064,53-7199,5458.0383,1
53-7065,11-1011,9127.3004,3
53-7065,11-1021,20393.352899999998,6
53-7065,11-3021,795.6003,1
53-7065,11-3031,4236.6615,1
53-7065,11-3061,9714.1049,3
53-7065,11-3071,18856.2577,7
53-7065,11-3121,3291.2082,1
53-7065,11-9013,7293.9282,3
53-7065,11-9021,2546.2688,1
53-7065,11-9051,25855.2405,8
53-7065,11-9111,7398.795700000001,2
53-7065,11-9141,8430.0816,2
53-7065,13-1011,6136.1248,2
53-7065,13-1022,25971.2047,8
53-7065,13-1023,7996.1185,1
53-7065,13-1081,20477.1969,5
53-7065,13-1111,10127.1472,2
53-7065,13-1151,4040.3152999999998,2
53-7065,13-1161,1179.9448,1
53-7065,13-1199,8219.7033,2
53-7065,13-2011,382.4905,1
53-7065,13-2051,4473.1627,1
53-7065,13-2052,8126.367,2
53-7065,15-1244,5039.4162,1
53-7065,15-1251,3793.5149,1
53-7065,15-1253,8922.995299999999,3
53-7065,17-2061,5076.7134,1
53-7065,17-2141,3986.8526,1
53-7065,21-1093,9978.7868,2
53-7065,23-2011,10476.772799999999,2
53-7065,27-2011,5716.2893,1
53-7065,27-3043,13453.4423,3
53-7065,29-1031,14967.4136,2
53-7065,29-1141,9493.4757,4
53-7065,29-2061,6330.124500000001,2
53-7065,31-1122,19086.3216,6
53-7065,31-9091,4771.3745,1
53-7065,31-9092,15181.256300000001,4
53-7065,33-2011,5105.9473,1
53-7065,33-3051,14823.9151,3
53-7065,33-9091,8411.8959,2
53-7065,35-1011,20631.459,5
53-7065,35-1012,22209.4565,5
53-7065,35-2021,69605.7034,24
53-7065,35-3011,4499.0122,2
53-7065,35-3031,67241.8833,20
53-7065,35-3041,5034.8037,2
53-7065,35-9011,4143.0535,2
53-7065,35-9021,6999.5213,3
53-7065,35-9031,13052.9565,3
53-7065,37-1011,7536.1849,2
53-7065,37-1012,9523.4624,3
53-7065,37-2012,25383.9788,8
53-7065,37-2021,4061.3872,1
53-7065,39-2021,19345.2066,4
53-7065,39-5012,15937.5926,5
53-7065,39-9011,10422.9098,6
53-7065,41-1011,172570.4193,59
53-7065,41-1012,14317.1325,4
53-7065,41-2022,35629.0258,8
53-7065,41-2031,298165.0855,82
53-7065,41-3031,1989.315,1
53-7065,41-3091,601.6947,1
53-7065,41-9091,3835.8605,1
53-7065,41-9099,78403.3406,19
53-7065,43-1011,24056.2734,9
53-7065,43-3011,8123.8056,2
53-7065,43-3021,12055.9631,4
53-7065,43-3071,6211.292299999999,2
53-7065,43-4051,134758.5149,40
53-7065,43-4071,24701.1208,5
53-7065,43-4081,4898.3821,1
53-7065,43-4141,6334.0688,1
53-7065,43-4151,38942.641,14
53-7065,43-4161,4816.4554,1
53-7065,43-4171,28254.6691,7
53-7065,43-4199,4297.6013,1
53-7065,43-5021,42695.3376,11
53-7065,43-5051,4285.3832,1
53-7065,43-5052,6962.7886,1
53-7065,43-5061,6349.5516,3
53-7065,43-5071,120103.2043,35
53-7065,43-5111,6335.9746000000005,2
53-7065,43-9021,8613.258100000001,2
53-7065,43-9041,13598.6854,3
53-7065,43-9061,45648.1224,11
53-7065,43-9199,11810.6139,5
53-7065,45-1011,4197.5036,1
53-7065,45-2041,4028.8507,1
53-7065,45-4011,353.7713,1
53-7065,47-1011,468.8577,1
53-7065,47-2031,27809.1129,7
53-7065,47-2061,65572.4243,18
53-7065,47-2073,6946.9439,2
53-7065,47-2111,9395.9899,2
53-7065,47-4011,8483.6499,1
53-7065,47-4051,551.1746,1
53-7065,49-2092,4055.9462,1
53-7065,49-3023,14337.9919,4
53-7065,49-3031,11284.5104,3
53-7065,49-9021,3549.8325,1
53-7065,49-9044,5338.9171,1
53-7065,49-9052,2349.6563,2
53-7065,49-9071,14854.6037,5
53-7065,51-3011,18267.3102,4
53-7065,51-3092,3777.1107,1
53-7065,51-3099,8960.8298,3
53-7065,51-4041,5290.0874,1
53-7065,51-4111,733.5882,1
53-7065,51-4199,13625.8737,4
53-7065,51-7011,476.5395,1
53-7065,51-9061,32854.9283,8
53-7065,51-9111,10226.6553,3
53-7065,51-9195,4483.3298,1
53-7065,51-9196,5221.1712,1
53-7065,51-9198,6849.437,2
53-7065,53-3099,11996.7453,3
53-7065,53-6031,13696.8193,4
53-7065,53-6061,5423.8877,1
53-7065,53-7051,75365.503,21
53-7065,53-7061,18736.0607,4
53-7065,53-7062,453933.8374,127
53-7065,53-7064,93670.2447,25
53-7065,53-7199,1632.5126,1
53-7081,11-9013,2451.4589,1
53-7081,13-1161,4614.2167,1
53-7081,15-1253,3438.6636,1
53-7081,35-2021,5702.0448,1
53-7081,37-2012,6250.1685,1
53-7081,41-1011,3835.3801,1
53-7081,41-1012,2050.3492,1
53-7081,41-2021,3131.0753,1
53-7081,41-2031,6050.7095,1
53-7081,41-9099,11469.6182,1
53-7081,43-3031,8348.2914,2
53-7081,43-4051,5901.481,1
53-7081,43-5071,3572.2235,1
53-7081,43-5111,3878.2528,1
53-7081,43-9199,505.1889,1
53-7081,47-2031,4684.7382,1
53-7081,47-2061,29606.2143,6
53-7081,47-2073,5904.0521,1
53-7081,47-2111,4607.415,1
53-7081,47-2181,11599.497299999999,2
53-7081,47-4051,1394.1343,1
53-7081,49-2097,4211.8342,1
53-7081,51-8021,693.1559,1
53-7081,51-9061,4604.9243,1
53-7081,51-9111,4166.9278,1
53-7081,53-7051,10654.9971,2
53-7081,53-7061,10658.3984,2
53-7081,53-7062,30192.7249,7
53-7081,53-7064,6992.2149,1
53-7081,53-7065,539.6483,1
53-7199,17-2199,713.7965,1
53-7199,33-2011,2209.7244,1
53-7199,33-3021,1655.5711,1
53-7199,35-2021,601.2036,1
53-7199,41-2031,4942.6052,1
53-7199,43-1011,1737.3087,1
53-7199,43-2021,810.7137,1
53-7199,43-3031,4989.4286,1
53-7199,43-4031,4327.1724,1
53-7199,43-4051,5286.9609,2
53-7199,43-4111,595.2274,1
53-7199,43-5021,4532.6676,1
53-7199,43-9061,7270.0862,1
53-7199,47-2061,1222.8049,1
53-7199,47-2073,22908.271,7
53-7199,47-2141,3629.4626,1
53-7199,47-4051,3110.4843,1
53-7199,47-5023,4269.5816,1
53-7199,49-2098,3312.5443,1
53-7199,49-9021,593.1854,1
53-7199,51-4031,3756.2724,1
53-7199,51-4199,6302.8415,1
53-7199,51-9061,5557.34,1
53-7199,53-5011,4747.0811,1
53-7199,53-7041,1015.9064,1
53-7199,53-7051,9322.7758,2
53-7199,53-7061,4575.1372,1
53-7199,53-7062,12731.6704,4
53-7199,53-7064,5104.3056,2
